AL,25,2005101518,3, OFCL,0, 176N,  786W,25,0, TD,34, NEQ,0,0,0,0,0,0,0,35,60,    ,0, LAA,270,2, ,,,,,,,
AL,25,2005101518,3, OFCL,3, 176N,  788W,25,1004, TD,34, NEQ,0,0,0,0,0,0,0,35,60,    ,0, LAA,270,3, ,,,,,,,
AL,25,2005101518,3, OFCL,12, 175N,  795W,35,0, TD,34, NEQ,30,30,30,30,0,0,0,45,60,    ,0, LAA,260,4, ,,,,,,,
AL,25,2005101518,3, OFCL,24, 175N,  800W,45,0, TD,34, NEQ,50,50,50,50,0,0,0,55,60,    ,0, LAA,270,2, ,,,,,,,
AL,25,2005101518,3, OFCL,36, 175N,  805W,60,0, TD,34, NEQ,75,75,75,75,0,0,0,75,60,    ,0, LAA,270,2, ,,,,,,,
AL,25,2005101518,3, OFCL,36, 175N,  805W,60,0, TD,50, NEQ,25,25,25,25,0,0,0,75,60,    ,0, LAA,270,2, ,,,,,,,
AL,25,2005101518,3, OFCL,48, 175N,  810W,70,0, TD,34, NEQ,75,75,75,75,0,0,0,85,60,    ,0, LAA,270,2, ,,,,,,,
AL,25,2005101518,3, OFCL,48, 175N,  810W,70,0, TD,50, NEQ,25,25,25,25,0,0,0,85,60,    ,0, LAA,270,2, ,,,,,,,
AL,25,2005101518,3, OFCL,72, 175N,  820W,80,0, TD,34, NEQ,100,100,100,100,0,0,0,100,60,    ,0, LAA,270,2, ,,,,,,,
AL,25,2005101518,3, OFCL,72, 175N,  820W,80,0, TD,50, NEQ,50,50,50,50,0,0,0,100,60,    ,0, LAA,270,2, ,,,,,,,
AL,25,2005101518,3, OFCL,96, 180N,  825W,85,0, TD,34, NEQ,0,0,0,0,0,0,0,105,60,    ,0, LAA,315,2, ,,,,,,,
AL,25,2005101518,3, OFCL,120, 195N,  830W,85,0, TD,34, NEQ,0,0,0,0,0,0,0,105,60,    ,0, LAA,345,4, ,,,,,,,
AL,25,2005101600,3, OFCL,0, 171N,  789W,25,0, TD,34, NEQ,0,0,0,0,0,0,0,35,0,    ,0, RDK,225,3, ,,,,,,,
AL,25,2005101600,3, OFCL,3, 170N,  790W,25,1003, TD,34, NEQ,0,0,0,0,0,0,0,35,0,    ,0, RDK,225,3, ,,,,,,,
AL,25,2005101600,3, OFCL,12, 168N,  795W,35,0, TD,34, NEQ,30,30,30,30,0,0,0,45,0,    ,0, RDK,245,3, ,,,,,,,
AL,25,2005101600,3, OFCL,24, 166N,  800W,45,0, TD,34, NEQ,50,50,50,50,0,0,0,55,0,    ,0, RDK,245,3, ,,,,,,,
AL,25,2005101600,3, OFCL,36, 166N,  804W,55,0, TD,34, NEQ,80,80,80,80,0,0,0,65,0,    ,0, RDK,270,2, ,,,,,,,
AL,25,2005101600,3, OFCL,36, 166N,  804W,55,0, TD,50, NEQ,30,30,30,30,0,0,0,65,0,    ,0, RDK,270,2, ,,,,,,,
AL,25,2005101600,3, OFCL,48, 168N,  808W,65,0, TD,34, NEQ,90,90,90,90,0,0,0,80,0,    ,0, RDK,300,2, ,,,,,,,
AL,25,2005101600,3, OFCL,48, 168N,  808W,65,0, TD,50, NEQ,40,40,40,40,0,0,0,80,0,    ,0, RDK,300,2, ,,,,,,,
AL,25,2005101600,3, OFCL,72, 175N,  815W,75,0, TD,34, NEQ,100,100,100,100,0,0,0,90,0,    ,0, RDK,315,2, ,,,,,,,
AL,25,2005101600,3, OFCL,72, 175N,  815W,75,0, TD,50, NEQ,50,50,50,50,0,0,0,90,0,    ,0, RDK,315,2, ,,,,,,,
AL,25,2005101600,3, OFCL,96, 185N,  825W,85,0, TD,34, NEQ,0,0,0,0,0,0,0,105,0,    ,0, RDK,315,3, ,,,,,,,
AL,25,2005101600,3, OFCL,120, 205N,  830W,85,0, TD,34, NEQ,0,0,0,0,0,0,0,105,0,    ,0, RDK,345,5, ,,,,,,,
AL,25,2005101606,3, OFCL,0, 170N,  792W,30,0, TD,34, NEQ,0,0,0,0,0,0,0,40,0,    ,0, SRS,250,3, ,,,,,,,
AL,25,2005101606,3, OFCL,3, 170N,  793W,30,1003, TD,34, NEQ,0,0,0,0,0,0,0,40,0,    ,0, SRS,270,2, ,,,,,,,
AL,25,2005101606,3, OFCL,12, 169N,  797W,35,0, TD,34, NEQ,40,40,40,40,0,0,0,45,0,    ,0, SRS,260,2, ,,,,,,,
AL,25,2005101606,3, OFCL,24, 169N,  801W,40,0, TD,34, NEQ,50,50,50,50,0,0,0,50,0,    ,0, SRS,270,2, ,,,,,,,
AL,25,2005101606,3, OFCL,36, 170N,  805W,50,0, TD,34, NEQ,60,60,60,60,0,0,0,60,0,    ,0, SRS,285,2, ,,,,,,,
AL,25,2005101606,3, OFCL,36, 170N,  805W,50,0, TD,50, NEQ,30,30,30,30,0,0,0,60,0,    ,0, SRS,285,2, ,,,,,,,
AL,25,2005101606,3, OFCL,48, 173N,  812W,60,0, TD,34, NEQ,75,75,75,75,0,0,0,75,0,    ,0, SRS,295,4, ,,,,,,,
AL,25,2005101606,3, OFCL,48, 173N,  812W,60,0, TD,50, NEQ,35,35,35,35,0,0,0,75,0,    ,0, SRS,295,4, ,,,,,,,
AL,25,2005101606,3, OFCL,72, 180N,  826W,70,0, TD,34, NEQ,90,90,90,90,0,0,0,85,0,    ,0, SRS,300,4, ,,,,,,,
AL,25,2005101606,3, OFCL,72, 180N,  826W,70,0, TD,50, NEQ,45,45,45,45,0,0,0,85,0,    ,0, SRS,300,4, ,,,,,,,
AL,25,2005101606,3, OFCL,96, 195N,  835W,80,0, TD,34, NEQ,0,0,0,0,0,0,0,100,0,    ,0, SRS,330,4, ,,,,,,,
AL,25,2005101606,3, OFCL,120, 220N,  840W,95,0, TD,34, NEQ,0,0,0,0,0,0,0,115,0,    ,0, SRS,350,6, ,,,,,,,
AL,25,2005101612,3, OFCL,0, 171N,  793W,30,0, TD,34, NEQ,0,0,0,0,0,0,0,40,0,    ,0, JLF,270,2, ,,,,,,,
AL,25,2005101612,3, OFCL,3, 171N,  793W,30,1002, TD,34, NEQ,0,0,0,0,0,0,0,40,0,    ,0, JLF,360,0, ,,,,,,,
AL,25,2005101612,3, OFCL,12, 171N,  796W,35,0, TD,34, NEQ,40,40,40,40,0,0,0,45,0,    ,0, JLF,270,2, ,,,,,,,
AL,25,2005101612,3, OFCL,24, 172N,  800W,45,0, TD,34, NEQ,50,50,50,50,0,0,0,55,0,    ,0, JLF,285,2, ,,,,,,,
AL,25,2005101612,3, OFCL,36, 173N,  805W,55,0, TD,34, NEQ,60,60,60,60,0,0,0,65,0,    ,0, JLF,280,2, ,,,,,,,
AL,25,2005101612,3, OFCL,36, 173N,  805W,55,0, TD,50, NEQ,30,30,30,30,0,0,0,65,0,    ,0, JLF,280,2, ,,,,,,,
AL,25,2005101612,3, OFCL,48, 177N,  812W,65,0, TD,34, NEQ,90,90,90,90,0,0,0,80,0,    ,0, JLF,300,4, ,,,,,,,
AL,25,2005101612,3, OFCL,48, 177N,  812W,65,0, TD,50, NEQ,40,40,40,40,0,0,0,80,0,    ,0, JLF,300,4, ,,,,,,,
AL,25,2005101612,3, OFCL,72, 185N,  825W,80,0, TD,34, NEQ,105,105,90,90,0,0,0,100,0,    ,0, JLF,305,4, ,,,,,,,
AL,25,2005101612,3, OFCL,72, 185N,  825W,80,0, TD,50, NEQ,50,50,40,40,0,0,0,100,0,    ,0, JLF,305,4, ,,,,,,,
AL,25,2005101612,3, OFCL,96, 205N,  840W,90,0, TD,34, NEQ,0,0,0,0,0,0,0,110,0,    ,0, JLF,325,6, ,,,,,,,
AL,25,2005101612,3, OFCL,120, 235N,  845W,95,0, TD,34, NEQ,0,0,0,0,0,0,0,115,0,    ,0, JLF,350,8, ,,,,,,,
AL,25,2005101618,3, OFCL,0, 176N,  793W,30,0, TD,34, NEQ,0,0,0,0,0,0,0,40,0,    ,0, JLF,340,3, ,,,,,,,
AL,25,2005101618,3, OFCL,3, 177N,  796W,30,1001, TD,34, NEQ,0,0,0,0,0,0,0,40,0,    ,0, JLF,290,6, ,,,,,,,
AL,25,2005101618,3, OFCL,12, 178N,  799W,35,0, TD,34, NEQ,40,40,40,40,0,0,0,45,0,    ,0, JLF,290,2, ,,,,,,,
AL,25,2005101618,3, OFCL,24, 179N,  804W,45,0, TD,34, NEQ,50,50,50,50,0,0,0,55,0,    ,0, JLF,280,2, ,,,,,,,
AL,25,2005101618,3, OFCL,36, 181N,  810W,55,0, TD,34, NEQ,60,60,60,60,0,0,0,65,0,    ,0, JLF,290,3, ,,,,,,,
AL,25,2005101618,3, OFCL,36, 181N,  810W,55,0, TD,50, NEQ,30,30,30,30,0,0,0,65,0,    ,0, JLF,290,3, ,,,,,,,
AL,25,2005101618,3, OFCL,48, 184N,  818W,65,0, TD,34, NEQ,90,90,90,90,0,0,0,80,0,    ,0, JLF,290,4, ,,,,,,,
AL,25,2005101618,3, OFCL,48, 184N,  818W,65,0, TD,50, NEQ,40,40,40,40,0,0,0,80,0,    ,0, JLF,290,4, ,,,,,,,
AL,25,2005101618,3, OFCL,72, 195N,  835W,80,0, TD,34, NEQ,105,105,90,90,0,0,0,100,0,    ,0, JLF,305,5, ,,,,,,,
AL,25,2005101618,3, OFCL,72, 195N,  835W,80,0, TD,50, NEQ,50,50,40,40,0,0,0,100,0,    ,0, JLF,305,5, ,,,,,,,
AL,25,2005101618,3, OFCL,96, 210N,  850W,90,0, TD,34, NEQ,0,0,0,0,0,0,0,110,0,    ,0, JLF,315,5, ,,,,,,,
AL,25,2005101618,3, OFCL,120, 235N,  860W,95,0, TD,34, NEQ,0,0,0,0,0,0,0,115,0,    ,0, JLF,340,7, ,,,,,,,
AL,25,2005101700,3, OFCL,0, 176N,  796W,30,0, TD,34, NEQ,0,0,0,0,0,0,0,40,0,    ,0, RDK,275,2, ,,,,,,,
AL,25,2005101700,3, OFCL,3, 176N,  797W,30,1001, TD,34, NEQ,0,0,0,0,0,0,0,40,0,    ,0, RDK,275,2, ,,,,,,,
AL,25,2005101700,3, OFCL,12, 177N,  802W,40,0, TD,34, NEQ,50,50,50,50,0,0,0,50,0,    ,0, RDK,280,3, ,,,,,,,
AL,25,2005101700,3, OFCL,24, 178N,  809W,50,0, TD,34, NEQ,60,60,60,60,0,0,0,60,0,    ,0, RDK,280,3, ,,,,,,,
AL,25,2005101700,3, OFCL,24, 178N,  809W,50,0, TD,50, NEQ,30,30,30,30,0,0,0,60,0,    ,0, RDK,280,3, ,,,,,,,
AL,25,2005101700,3, OFCL,36, 180N,  819W,60,0, TD,34, NEQ,90,90,90,90,0,0,0,75,0,    ,0, RDK,280,5, ,,,,,,,
AL,25,2005101700,3, OFCL,36, 180N,  819W,60,0, TD,50, NEQ,40,40,40,40,0,0,0,75,0,    ,0, RDK,280,5, ,,,,,,,
AL,25,2005101700,3, OFCL,48, 183N,  830W,70,0, TD,34, NEQ,105,90,90,105,0,0,0,85,0,    ,0, RDK,285,5, ,,,,,,,
AL,25,2005101700,3, OFCL,48, 183N,  830W,70,0, TD,50, NEQ,50,40,40,50,0,0,0,85,0,    ,0, RDK,285,5, ,,,,,,,
AL,25,2005101700,3, OFCL,72, 190N,  850W,80,0, TD,34, NEQ,115,100,100,115,0,0,0,100,0,    ,0, RDK,290,5, ,,,,,,,
AL,25,2005101700,3, OFCL,72, 190N,  850W,80,0, TD,50, NEQ,60,50,50,60,0,0,0,100,0,    ,0, RDK,290,5, ,,,,,,,
AL,25,2005101700,3, OFCL,96, 205N,  865W,90,0, TD,34, NEQ,0,0,0,0,0,0,0,110,0,    ,0, RDK,315,5, ,,,,,,,
AL,25,2005101700,3, OFCL,120, 225N,  875W,90,0, TD,34, NEQ,0,0,0,0,0,0,0,110,0,    ,0, RDK,335,6, ,,,,,,,
AL,25,2005101706,3, OFCL,0, 173N,  796W,35,0, TS,34, NEQ,0,0,40,0,0,0,0,40,0,    ,0, SRS,180,3, ,,,,,,,
AL,25,2005101706,3, OFCL,3, 172N,  797W,35,1000, TS,34, NEQ,0,0,40,0,0,0,0,45,0,    ,0, SRS,235,3,           ,  ,12, NEQ,0,0,40,0
AL,25,2005101706,3, OFCL,12, 171N,  803W,40,0, TS,34, NEQ,50,50,50,50,0,0,0,50,0,    ,0, SRS,260,4, ,,,,,,,
AL,25,2005101706,3, OFCL,24, 172N,  811W,50,0, TS,34, NEQ,60,60,60,60,0,0,0,60,0,    ,0, SRS,280,4, ,,,,,,,
AL,25,2005101706,3, OFCL,24, 172N,  811W,50,0, TS,50, NEQ,30,30,30,30,0,0,0,60,0,    ,0, SRS,280,4, ,,,,,,,
AL,25,2005101706,3, OFCL,36, 174N,  820W,60,0, TS,34, NEQ,90,90,90,90,0,0,0,75,0,    ,0, SRS,285,4, ,,,,,,,
AL,25,2005101706,3, OFCL,36, 174N,  820W,60,0, TS,50, NEQ,40,40,40,40,0,0,0,75,0,    ,0, SRS,285,4, ,,,,,,,
AL,25,2005101706,3, OFCL,48, 178N,  833W,70,0, TS,34, NEQ,105,90,90,105,0,0,0,85,0,    ,0, SRS,290,7, ,,,,,,,
AL,25,2005101706,3, OFCL,48, 178N,  833W,70,0, TS,50, NEQ,50,40,40,50,0,0,0,85,0,    ,0, SRS,290,7, ,,,,,,,
AL,25,2005101706,3, OFCL,72, 185N,  850W,80,0, TS,34, NEQ,115,100,100,115,0,0,0,100,0,    ,0, SRS,295,4, ,,,,,,,
AL,25,2005101706,3, OFCL,72, 185N,  850W,80,0, TS,50, NEQ,60,50,50,60,0,0,0,100,0,    ,0, SRS,295,4, ,,,,,,,
AL,25,2005101706,3, OFCL,96, 200N,  865W,90,0, TS,34, NEQ,0,0,0,0,0,0,0,110,0,    ,0, SRS,315,5, ,,,,,,,
AL,25,2005101706,3, OFCL,120, 225N,  875W,90,0, TS,34, NEQ,0,0,0,0,0,0,0,110,0,    ,0, SRS,340,7, ,,,,,,,
AL,25,2005101712,3, OFCL,0, 164N,  798W,40,0, TS,34, NEQ,0,60,60,0,0,0,0,45,0,    ,0, JLF,200,6, ,,,,,,,
AL,25,2005101712,3, OFCL,3, 163N,  800W,40,998, TS,34, NEQ,0,60,60,0,0,0,0,50,0,    ,0, JLF,235,4,           ,  ,12, NEQ,0,60,60,0
AL,25,2005101712,3, OFCL,12, 162N,  806W,50,0, TS,34, NEQ,60,60,60,60,0,0,0,60,0,    ,0, JLF,260,4, ,,,,,,,
AL,25,2005101712,3, OFCL,12, 162N,  806W,50,0, TS,50, NEQ,25,25,25,25,0,0,0,60,0,    ,0, JLF,260,4, ,,,,,,,
AL,25,2005101712,3, OFCL,24, 163N,  815W,60,0, TS,34, NEQ,90,90,90,90,0,0,0,75,0,    ,0, JLF,275,4, ,,,,,,,
AL,25,2005101712,3, OFCL,24, 163N,  815W,60,0, TS,50, NEQ,40,40,40,40,0,0,0,75,0,    ,0, JLF,275,4, ,,,,,,,
AL,25,2005101712,3, OFCL,36, 165N,  826W,70,0, TS,34, NEQ,105,105,90,105,0,0,0,85,0,    ,0, JLF,280,5, ,,,,,,,
AL,25,2005101712,3, OFCL,36, 165N,  826W,70,0, TS,50, NEQ,40,40,40,40,0,0,0,85,0,    ,0, JLF,280,5, ,,,,,,,
AL,25,2005101712,3, OFCL,36, 165N,  826W,70,0, TS,64, NEQ,20,20,20,20,0,0,0,85,0,    ,0, JLF,280,5, ,,,,,,,
AL,25,2005101712,3, OFCL,48, 170N,  837W,80,0, TS,34, NEQ,105,105,90,105,0,0,0,100,0,    ,0, JLF,295,6, ,,,,,,,
AL,25,2005101712,3, OFCL,48, 170N,  837W,80,0, TS,50, NEQ,50,50,40,50,0,0,0,100,0,    ,0, JLF,295,6, ,,,,,,,
AL,25,2005101712,3, OFCL,72, 185N,  855W,90,0, TS,34, NEQ,120,120,100,120,0,0,0,110,0,    ,0, JLF,310,6, ,,,,,,,
AL,25,2005101712,3, OFCL,72, 185N,  855W,90,0, TS,50, NEQ,60,60,50,60,0,0,0,110,0,    ,0, JLF,310,6, ,,,,,,,
AL,25,2005101712,3, OFCL,96, 200N,  865W,95,0, TS,34, NEQ,0,0,0,0,0,0,0,115,0,    ,0, JLF,330,4, ,,,,,,,
AL,25,2005101712,3, OFCL,120, 225N,  875W,95,0, TS,34, NEQ,0,0,0,0,0,0,0,115,0,    ,0, JLF,340,7, ,,,,,,,
AL,25,2005101718,3, OFCL,0, 161N,  799W,45,0, TS,34, NEQ,30,60,60,30,0,0,0,55,0,    ,0, JLF,200,3, ,,,,,,,
AL,25,2005101718,3, OFCL,3, 158N,  799W,45,991, TS,34, NEQ,30,60,60,30,0,0,0,55,0,    ,0, JLF,190,2,           ,  ,12, NEQ,30,60,60,30
AL,25,2005101718,3, OFCL,12, 159N,  807W,55,0, TS,34, NEQ,60,60,60,60,0,0,0,65,0,    ,0, JLF,280,5, ,,,,,,,
AL,25,2005101718,3, OFCL,12, 159N,  807W,55,0, TS,50, NEQ,25,25,25,25,0,0,0,65,0,    ,0, JLF,280,5, ,,,,,,,
AL,25,2005101718,3, OFCL,24, 163N,  818W,65,0, TS,34, NEQ,90,90,90,90,0,0,0,80,0,    ,0, JLF,290,6, ,,,,,,,
AL,25,2005101718,3, OFCL,24, 163N,  818W,65,0, TS,50, NEQ,40,40,40,40,0,0,0,80,0,    ,0, JLF,290,6, ,,,,,,,
AL,25,2005101718,3, OFCL,24, 163N,  818W,65,0, TS,64, NEQ,20,20,20,20,0,0,0,80,0,    ,0, JLF,290,6, ,,,,,,,
AL,25,2005101718,3, OFCL,36, 169N,  828W,75,0, TS,34, NEQ,105,105,90,105,0,0,0,90,0,    ,0, JLF,300,6, ,,,,,,,
AL,25,2005101718,3, OFCL,36, 169N,  828W,75,0, TS,50, NEQ,50,50,40,50,0,0,0,90,0,    ,0, JLF,300,6, ,,,,,,,
AL,25,2005101718,3, OFCL,36, 169N,  828W,75,0, TS,64, NEQ,20,20,20,20,0,0,0,90,0,    ,0, JLF,300,6, ,,,,,,,
AL,25,2005101718,3, OFCL,48, 177N,  840W,85,0, TS,34, NEQ,105,105,90,105,0,0,0,105,0,    ,0, JLF,305,7, ,,,,,,,
AL,25,2005101718,3, OFCL,48, 177N,  840W,85,0, TS,50, NEQ,50,50,40,50,0,0,0,105,0,    ,0, JLF,305,7, ,,,,,,,
AL,25,2005101718,3, OFCL,72, 195N,  855W,100,0, TS,34, NEQ,120,120,100,120,0,0,0,120,0,    ,0, JLF,320,6, ,,,,,,,
AL,25,2005101718,3, OFCL,72, 195N,  855W,100,0, TS,50, NEQ,60,60,50,60,0,0,0,120,0,    ,0, JLF,320,6, ,,,,,,,
AL,25,2005101718,3, OFCL,96, 215N,  865W,100,0, TS,34, NEQ,0,0,0,0,0,0,0,120,0,    ,0, JLF,335,6, ,,,,,,,
AL,25,2005101718,3, OFCL,120, 235N,  850W,90,0, TS,34, NEQ,0,0,0,0,0,0,0,110,0,    ,0, JLF,35,6, ,,,,,,,
AL,25,2005101800,3, OFCL,0, 157N,  799W,55,0, TS,34, NEQ,60,60,60,60,0,0,0,60,0,    ,0, RDK,0,0, ,,,,,,,
AL,25,2005101800,3, OFCL,0, 157N,  799W,55,0, TS,50, NEQ,20,20,20,20,0,0,0,60,0,    ,0, RDK,0,0, ,,,,,,,
AL,25,2005101800,3, OFCL,3, 158N,  802W,55,987, TS,34, NEQ,60,60,60,60,0,0,0,65,0,    ,0, RDK,270,2,           ,  ,12, NEQ,60,60,60,60
AL,25,2005101800,3, OFCL,3, 158N,  802W,55,987, TS,50, NEQ,20,20,20,20,0,0,0,65,0,    ,0, RDK,270,2,           ,  ,12, NEQ,60,60,60,60
AL,25,2005101800,3, OFCL,12, 158N,  807W,65,0, TS,34, NEQ,90,90,90,60,0,0,0,80,0,    ,0, RDK,270,3, ,,,,,,,
AL,25,2005101800,3, OFCL,12, 158N,  807W,65,0, TS,50, NEQ,40,40,40,40,0,0,0,80,0,    ,0, RDK,270,3, ,,,,,,,
AL,25,2005101800,3, OFCL,12, 158N,  807W,65,0, TS,64, NEQ,20,20,20,20,0,0,0,80,0,    ,0, RDK,270,3, ,,,,,,,
AL,25,2005101800,3, OFCL,24, 166N,  817W,75,0, TS,34, NEQ,105,105,105,105,0,0,0,90,0,    ,0, RDK,310,6, ,,,,,,,
AL,25,2005101800,3, OFCL,24, 166N,  817W,75,0, TS,50, NEQ,50,50,50,50,0,0,0,90,0,    ,0, RDK,310,6, ,,,,,,,
AL,25,2005101800,3, OFCL,24, 166N,  817W,75,0, TS,64, NEQ,25,25,25,25,0,0,0,90,0,    ,0, RDK,310,6, ,,,,,,,
AL,25,2005101800,3, OFCL,36, 173N,  828W,85,0, TS,34, NEQ,105,105,105,105,0,0,0,105,0,    ,0, RDK,305,6, ,,,,,,,
AL,25,2005101800,3, OFCL,36, 173N,  828W,85,0, TS,50, NEQ,50,50,50,50,0,0,0,105,0,    ,0, RDK,305,6, ,,,,,,,
AL,25,2005101800,3, OFCL,36, 173N,  828W,85,0, TS,64, NEQ,25,25,25,25,0,0,0,105,0,    ,0, RDK,305,6, ,,,,,,,
AL,25,2005101800,3, OFCL,48, 182N,  837W,95,0, TS,34, NEQ,120,120,120,120,0,0,0,115,0,    ,0, RDK,315,6, ,,,,,,,
AL,25,2005101800,3, OFCL,48, 182N,  837W,95,0, TS,50, NEQ,60,60,60,60,0,0,0,115,0,    ,0, RDK,315,6, ,,,,,,,
AL,25,2005101800,3, OFCL,72, 205N,  850W,100,0, TS,34, NEQ,120,120,120,120,0,0,0,120,0,    ,0, RDK,330,7, ,,,,,,,
AL,25,2005101800,3, OFCL,72, 205N,  850W,100,0, TS,50, NEQ,60,60,60,60,0,0,0,120,0,    ,0, RDK,330,7, ,,,,,,,
AL,25,2005101800,3, OFCL,96, 225N,  850W,95,0, TS,34, NEQ,0,0,0,0,0,0,0,115,0,    ,0, RDK,360,5, ,,,,,,,
AL,25,2005101800,3, OFCL,120, 250N,  825W,85,0, TS,34, NEQ,0,0,0,0,0,0,0,105,0,    ,0, RDK,40,8, ,,,,,,,
AL,25,2005101806,3, OFCL,0, 157N,  800W,60,0, TS,34, NEQ,60,60,30,60,0,0,0,75,0,    ,0, LAA,270,1, ,,,,,,,
AL,25,2005101806,3, OFCL,0, 157N,  800W,60,0, TS,50, NEQ,20,20,0,20,0,0,0,75,0,    ,0, LAA,270,1, ,,,,,,,
AL,25,2005101806,3, OFCL,3, 157N,  800W,60,982, TS,34, NEQ,60,60,30,60,0,0,0,75,0,    ,0, LAA,360,0,           ,  ,12, NEQ,60,60,60,60
AL,25,2005101806,3, OFCL,3, 157N,  800W,60,982, TS,50, NEQ,20,20,0,20,0,0,0,75,0,    ,0, LAA,360,0,           ,  ,12, NEQ,60,60,60,60
AL,25,2005101806,3, OFCL,12, 158N,  804W,70,0, TS,34, NEQ,90,90,90,60,0,0,0,85,0,    ,0, LAA,285,3, ,,,,,,,
AL,25,2005101806,3, OFCL,12, 158N,  804W,70,0, TS,50, NEQ,40,40,40,40,0,0,0,85,0,    ,0, LAA,285,3, ,,,,,,,
AL,25,2005101806,3, OFCL,12, 158N,  804W,70,0, TS,64, NEQ,20,20,20,20,0,0,0,85,0,    ,0, LAA,285,3, ,,,,,,,
AL,25,2005101806,3, OFCL,24, 166N,  814W,80,0, TS,34, NEQ,105,105,105,105,0,0,0,100,0,    ,0, LAA,310,6, ,,,,,,,
AL,25,2005101806,3, OFCL,24, 166N,  814W,80,0, TS,50, NEQ,50,50,50,50,0,0,0,100,0,    ,0, LAA,310,6, ,,,,,,,
AL,25,2005101806,3, OFCL,24, 166N,  814W,80,0, TS,64, NEQ,25,25,25,25,0,0,0,100,0,    ,0, LAA,310,6, ,,,,,,,
AL,25,2005101806,3, OFCL,36, 173N,  824W,90,0, TS,34, NEQ,105,105,105,105,0,0,0,110,0,    ,0, LAA,305,6, ,,,,,,,
AL,25,2005101806,3, OFCL,36, 173N,  824W,90,0, TS,50, NEQ,50,50,50,50,0,0,0,110,0,    ,0, LAA,305,6, ,,,,,,,
AL,25,2005101806,3, OFCL,36, 173N,  824W,90,0, TS,64, NEQ,25,25,25,25,0,0,0,110,0,    ,0, LAA,305,6, ,,,,,,,
AL,25,2005101806,3, OFCL,48, 186N,  840W,100,0, TS,34, NEQ,120,120,120,120,0,0,0,120,0,    ,0, LAA,310,10, ,,,,,,,
AL,25,2005101806,3, OFCL,48, 186N,  840W,100,0, TS,50, NEQ,60,60,60,60,0,0,0,120,0,    ,0, LAA,310,10, ,,,,,,,
AL,25,2005101806,3, OFCL,72, 211N,  850W,100,0, TS,34, NEQ,120,120,120,120,0,0,0,120,0,    ,0, LAA,340,7, ,,,,,,,
AL,25,2005101806,3, OFCL,72, 211N,  850W,100,0, TS,50, NEQ,60,60,60,60,0,0,0,120,0,    ,0, LAA,340,7, ,,,,,,,
AL,25,2005101806,3, OFCL,96, 230N,  845W,100,0, TS,34, NEQ,0,0,0,0,0,0,0,120,0,    ,0, LAA,15,5, ,,,,,,,
AL,25,2005101806,3, OFCL,120, 265N,  800W,80,0, TS,34, NEQ,0,0,0,0,0,0,0,100,0,    ,0, LAA,50,13, ,,,,,,,
AL,25,2005101812,3, OFCL,0, 162N,  803W,65,0, HU,34, NEQ,105,75,50,105,0,0,0,80,0,    ,0, JLF,330,6, ,,,,,,,
AL,25,2005101812,3, OFCL,0, 162N,  803W,65,0, HU,50, NEQ,30,20,20,30,0,0,0,80,0,    ,0, JLF,330,6, ,,,,,,,
AL,25,2005101812,3, OFCL,0, 162N,  803W,65,0, HU,64, NEQ,15,15,0,15,0,0,0,80,0,    ,0, JLF,330,6, ,,,,,,,
AL,25,2005101812,3, OFCL,3, 165N,  806W,65,977, HU,34, NEQ,105,75,50,105,0,0,0,80,0,    ,0, JLF,320,6,           ,  ,12, NEQ,105,75,50,105
AL,25,2005101812,3, OFCL,3, 165N,  806W,65,977, HU,50, NEQ,30,20,20,30,0,0,0,80,0,    ,0, JLF,320,6,           ,  ,12, NEQ,105,75,50,105
AL,25,2005101812,3, OFCL,3, 165N,  806W,65,977, HU,64, NEQ,15,15,0,15,0,0,0,80,0,    ,0, JLF,320,6,           ,  ,12, NEQ,105,75,50,105
AL,25,2005101812,3, OFCL,12, 170N,  812W,75,0, HU,34, NEQ,120,90,60,120,0,0,0,90,0,    ,0, JLF,310,5, ,,,,,,,
AL,25,2005101812,3, OFCL,12, 170N,  812W,75,0, HU,50, NEQ,40,40,30,40,0,0,0,90,0,    ,0, JLF,310,5, ,,,,,,,
AL,25,2005101812,3, OFCL,12, 170N,  812W,75,0, HU,64, NEQ,20,20,10,20,0,0,0,90,0,    ,0, JLF,310,5, ,,,,,,,
AL,25,2005101812,3, OFCL,24, 177N,  823W,90,0, HU,34, NEQ,120,90,75,120,0,0,0,110,0,    ,0, JLF,305,6, ,,,,,,,
AL,25,2005101812,3, OFCL,24, 177N,  823W,90,0, HU,50, NEQ,50,50,50,50,0,0,0,110,0,    ,0, JLF,305,6, ,,,,,,,
AL,25,2005101812,3, OFCL,24, 177N,  823W,90,0, HU,64, NEQ,25,25,25,25,0,0,0,110,0,    ,0, JLF,305,6, ,,,,,,,
AL,25,2005101812,3, OFCL,36, 185N,  835W,100,0, HU,34, NEQ,150,120,90,150,0,0,0,120,0,    ,0, JLF,305,7, ,,,,,,,
AL,25,2005101812,3, OFCL,36, 185N,  835W,100,0, HU,50, NEQ,60,60,60,60,0,0,0,120,0,    ,0, JLF,305,7, ,,,,,,,
AL,25,2005101812,3, OFCL,36, 185N,  835W,100,0, HU,64, NEQ,30,30,30,30,0,0,0,120,0,    ,0, JLF,305,7, ,,,,,,,
AL,25,2005101812,3, OFCL,48, 196N,  845W,105,0, HU,34, NEQ,150,120,90,150,0,0,0,130,0,    ,0, JLF,320,7, ,,,,,,,
AL,25,2005101812,3, OFCL,48, 196N,  845W,105,0, HU,50, NEQ,60,60,60,60,0,0,0,130,0,    ,0, JLF,320,7, ,,,,,,,
AL,25,2005101812,3, OFCL,72, 220N,  855W,105,0, HU,34, NEQ,150,120,90,150,0,0,0,130,0,    ,0, JLF,340,6, ,,,,,,,
AL,25,2005101812,3, OFCL,72, 220N,  855W,105,0, HU,50, NEQ,60,60,60,60,0,0,0,130,0,    ,0, JLF,340,6, ,,,,,,,
AL,25,2005101812,3, OFCL,96, 240N,  840W,100,0, HU,34, NEQ,0,0,0,0,0,0,0,120,0,    ,0, JLF,35,6, ,,,,,,,
AL,25,2005101812,3, OFCL,120, 285N,  785W,75,0, HU,34, NEQ,0,0,0,0,0,0,0,90,0,    ,0, JLF,45,17, ,,,,,,,
AL,25,2005101818,3, OFCL,0, 166N,  811W,70,0, HU,34, NEQ,120,75,60,120,0,0,0,85,0,    ,0, JLF,305,9, ,,,,,,,
AL,25,2005101818,3, OFCL,0, 166N,  811W,70,0, HU,50, NEQ,50,30,30,50,0,0,0,85,0,    ,0, JLF,305,9, ,,,,,,,
AL,25,2005101818,3, OFCL,0, 166N,  811W,70,0, HU,64, NEQ,15,15,15,15,0,0,0,85,0,    ,0, JLF,305,9, ,,,,,,,
AL,25,2005101818,3, OFCL,3, 167N,  815W,70,970, HU,34, NEQ,120,75,60,120,0,0,0,85,0,    ,0, JLF,290,7,           ,  ,12, NEQ,120,120,120,120
AL,25,2005101818,3, OFCL,3, 167N,  815W,70,970, HU,50, NEQ,50,30,30,50,0,0,0,85,0,    ,0, JLF,290,7,           ,  ,12, NEQ,120,120,120,120
AL,25,2005101818,3, OFCL,3, 167N,  815W,70,970, HU,64, NEQ,15,15,15,15,0,0,0,85,0,    ,0, JLF,290,7,           ,  ,12, NEQ,120,120,120,120
AL,25,2005101818,3, OFCL,12, 173N,  823W,90,0, HU,34, NEQ,120,90,75,120,0,0,0,110,0,    ,0, JLF,310,6, ,,,,,,,
AL,25,2005101818,3, OFCL,12, 173N,  823W,90,0, HU,50, NEQ,50,50,50,50,0,0,0,110,0,    ,0, JLF,310,6, ,,,,,,,
AL,25,2005101818,3, OFCL,12, 173N,  823W,90,0, HU,64, NEQ,25,25,25,25,0,0,0,110,0,    ,0, JLF,310,6, ,,,,,,,
AL,25,2005101818,3, OFCL,24, 182N,  835W,100,0, HU,34, NEQ,150,120,90,150,0,0,0,120,0,    ,0, JLF,310,7, ,,,,,,,
AL,25,2005101818,3, OFCL,24, 182N,  835W,100,0, HU,50, NEQ,60,60,60,60,0,0,0,120,0,    ,0, JLF,310,7, ,,,,,,,
AL,25,2005101818,3, OFCL,24, 182N,  835W,100,0, HU,64, NEQ,30,30,30,30,0,0,0,120,0,    ,0, JLF,310,7, ,,,,,,,
AL,25,2005101818,3, OFCL,36, 191N,  845W,110,0, HU,34, NEQ,150,120,90,150,0,0,0,135,0,    ,0, JLF,315,7, ,,,,,,,
AL,25,2005101818,3, OFCL,36, 191N,  845W,110,0, HU,50, NEQ,60,60,60,60,0,0,0,135,0,    ,0, JLF,315,7, ,,,,,,,
AL,25,2005101818,3, OFCL,36, 191N,  845W,110,0, HU,64, NEQ,30,30,30,30,0,0,0,135,0,    ,0, JLF,315,7, ,,,,,,,
AL,25,2005101818,3, OFCL,48, 202N,  852W,115,0, HU,34, NEQ,150,150,120,150,0,0,0,140,0,    ,0, JLF,330,6, ,,,,,,,
AL,25,2005101818,3, OFCL,48, 202N,  852W,115,0, HU,50, NEQ,75,75,60,75,0,0,0,140,0,    ,0, JLF,330,6, ,,,,,,,
AL,25,2005101818,3, OFCL,72, 225N,  855W,110,0, HU,34, NEQ,150,150,120,150,0,0,0,135,0,    ,0, JLF,355,6, ,,,,,,,
AL,25,2005101818,3, OFCL,72, 225N,  855W,110,0, HU,50, NEQ,75,75,60,75,0,0,0,135,0,    ,0, JLF,355,6, ,,,,,,,
AL,25,2005101818,3, OFCL,96, 250N,  825W,100,0, HU,34, NEQ,0,0,0,0,0,0,0,120,0,    ,0, JLF,45,9, ,,,,,,,
AL,25,2005101818,3, OFCL,120, 305N,  755W,70,0, HU,34, NEQ,0,0,0,0,0,0,0,85,0,    ,0, JLF,45,21, ,,,,,,,
AL,25,2005101900,3, OFCL,0, 166N,  818W,130,0, HU,34, NEQ,135,90,90,135,0,0,0,110,5,    ,0, LAA,285,7, ,,,,,,,
AL,25,2005101900,3, OFCL,0, 166N,  818W,130,0, HU,50, NEQ,60,30,30,60,0,0,0,110,5,    ,0, LAA,285,7, ,,,,,,,
AL,25,2005101900,3, OFCL,0, 166N,  818W,130,0, HU,64, NEQ,15,15,15,15,0,0,0,110,5,    ,0, LAA,285,7, ,,,,,,,
AL,25,2005101900,3, OFCL,5, 169N,  820W,130,901, HU,34, NEQ,135,90,90,135,0,0,0,160,5,    ,0, LAA,295,7,           ,  ,12, NEQ,200,150,150,150
AL,25,2005101900,3, OFCL,5, 169N,  820W,130,901, HU,50, NEQ,60,30,30,60,0,0,0,160,5,    ,0, LAA,295,7,           ,  ,12, NEQ,200,150,150,150
AL,25,2005101900,3, OFCL,5, 169N,  820W,130,901, HU,64, NEQ,15,15,15,15,0,0,0,160,5,    ,0, LAA,295,7,           ,  ,12, NEQ,200,150,150,150
AL,25,2005101900,3, OFCL,12, 172N,  831W,135,0, HU,34, NEQ,135,90,90,135,0,0,0,165,5,    ,0, LAA,285,9, ,,,,,,,
AL,25,2005101900,3, OFCL,12, 172N,  831W,135,0, HU,50, NEQ,60,50,50,60,0,0,0,165,5,    ,0, LAA,285,9, ,,,,,,,
AL,25,2005101900,3, OFCL,12, 172N,  831W,135,0, HU,64, NEQ,25,25,25,25,0,0,0,165,5,    ,0, LAA,285,9, ,,,,,,,
AL,25,2005101900,3, OFCL,24, 181N,  842W,135,0, HU,34, NEQ,150,120,90,150,0,0,0,165,5,    ,0, LAA,310,7, ,,,,,,,
AL,25,2005101900,3, OFCL,24, 181N,  842W,135,0, HU,50, NEQ,60,60,60,60,0,0,0,165,5,    ,0, LAA,310,7, ,,,,,,,
AL,25,2005101900,3, OFCL,24, 181N,  842W,135,0, HU,64, NEQ,30,30,30,30,0,0,0,165,5,    ,0, LAA,310,7, ,,,,,,,
AL,25,2005101900,3, OFCL,36, 192N,  850W,125,0, HU,34, NEQ,150,120,90,150,0,0,0,155,5,    ,0, LAA,325,7, ,,,,,,,
AL,25,2005101900,3, OFCL,36, 192N,  850W,125,0, HU,50, NEQ,60,60,60,60,0,0,0,155,5,    ,0, LAA,325,7, ,,,,,,,
AL,25,2005101900,3, OFCL,36, 192N,  850W,125,0, HU,64, NEQ,30,30,30,30,0,0,0,155,5,    ,0, LAA,325,7, ,,,,,,,
AL,25,2005101900,3, OFCL,48, 204N,  855W,125,0, HU,34, NEQ,150,150,120,150,0,0,0,155,5,    ,0, LAA,340,6, ,,,,,,,
AL,25,2005101900,3, OFCL,48, 204N,  855W,125,0, HU,50, NEQ,75,75,60,75,0,0,0,155,5,    ,0, LAA,340,6, ,,,,,,,
AL,25,2005101900,3, OFCL,72, 230N,  855W,115,0, HU,34, NEQ,150,150,120,150,0,0,0,140,5,    ,0, LAA,360,7, ,,,,,,,
AL,25,2005101900,3, OFCL,72, 230N,  855W,115,0, HU,50, NEQ,75,75,60,75,0,0,0,140,5,    ,0, LAA,360,7, ,,,,,,,
AL,25,2005101900,3, OFCL,96, 260N,  810W,90,0, HU,34, NEQ,0,0,0,0,0,0,0,110,5,    ,0, LAA,55,13, ,,,,,,,
AL,25,2005101900,3, OFCL,120, 330N,  720W,75,0, HU,34, NEQ,0,0,0,0,0,0,0,90,5,    ,0, LAA,45,26, ,,,,,,,
AL,25,2005101906,3, OFCL,0, 170N,  822W,150,0, HU,34, NEQ,140,90,90,140,0,0,0,185,5,    ,0, LAA,315,6, ,,,,,,,
AL,25,2005101906,3, OFCL,0, 170N,  822W,150,0, HU,50, NEQ,60,30,30,60,0,0,0,185,5,    ,0, LAA,315,6, ,,,,,,,
AL,25,2005101906,3, OFCL,0, 170N,  822W,150,0, HU,64, NEQ,15,15,15,15,0,0,0,185,5,    ,0, LAA,315,6, ,,,,,,,
AL,25,2005101906,3, OFCL,3, 172N,  825W,150,884, HU,34, NEQ,140,90,90,140,0,0,0,185,5,    ,0, LAA,295,7,           ,  ,12, NEQ,200,150,150,150
AL,25,2005101906,3, OFCL,3, 172N,  825W,150,884, HU,50, NEQ,60,30,30,60,0,0,0,185,5,    ,0, LAA,295,7,           ,  ,12, NEQ,200,150,150,150
AL,25,2005101906,3, OFCL,3, 172N,  825W,150,884, HU,64, NEQ,15,15,15,15,0,0,0,185,5,    ,0, LAA,295,7,           ,  ,12, NEQ,200,150,150,150
AL,25,2005101906,3, OFCL,12, 177N,  834W,150,0, HU,34, NEQ,140,90,90,140,0,0,0,185,5,    ,0, LAA,300,7, ,,,,,,,
AL,25,2005101906,3, OFCL,12, 177N,  834W,150,0, HU,50, NEQ,60,50,50,60,0,0,0,185,5,    ,0, LAA,300,7, ,,,,,,,
AL,25,2005101906,3, OFCL,12, 177N,  834W,150,0, HU,64, NEQ,25,25,25,25,0,0,0,185,5,    ,0, LAA,300,7, ,,,,,,,
AL,25,2005101906,3, OFCL,24, 185N,  847W,145,0, HU,34, NEQ,150,120,90,150,0,0,0,175,5,    ,0, LAA,305,7, ,,,,,,,
AL,25,2005101906,3, OFCL,24, 185N,  847W,145,0, HU,50, NEQ,60,60,60,60,0,0,0,175,5,    ,0, LAA,305,7, ,,,,,,,
AL,25,2005101906,3, OFCL,24, 185N,  847W,145,0, HU,64, NEQ,30,30,30,30,0,0,0,175,5,    ,0, LAA,305,7, ,,,,,,,
AL,25,2005101906,3, OFCL,36, 200N,  855W,140,0, HU,34, NEQ,150,120,90,150,0,0,0,170,5,    ,0, LAA,335,8, ,,,,,,,
AL,25,2005101906,3, OFCL,36, 200N,  855W,140,0, HU,50, NEQ,60,60,60,60,0,0,0,170,5,    ,0, LAA,335,8, ,,,,,,,
AL,25,2005101906,3, OFCL,36, 200N,  855W,140,0, HU,64, NEQ,30,30,30,30,0,0,0,170,5,    ,0, LAA,335,8, ,,,,,,,
AL,25,2005101906,3, OFCL,48, 210N,  857W,130,0, HU,34, NEQ,150,150,120,150,0,0,0,160,5,    ,0, LAA,350,5, ,,,,,,,
AL,25,2005101906,3, OFCL,48, 210N,  857W,130,0, HU,50, NEQ,75,75,60,75,0,0,0,160,5,    ,0, LAA,350,5, ,,,,,,,
AL,25,2005101906,3, OFCL,72, 225N,  860W,115,0, HU,34, NEQ,150,150,120,150,0,0,0,140,5,    ,0, LAA,350,4, ,,,,,,,
AL,25,2005101906,3, OFCL,72, 225N,  860W,115,0, HU,50, NEQ,75,75,60,75,0,0,0,140,5,    ,0, LAA,350,4, ,,,,,,,
AL,25,2005101906,3, OFCL,96, 265N,  810W,90,0, HU,34, NEQ,0,0,0,0,0,0,0,110,5,    ,0, LAA,50,15, ,,,,,,,
AL,25,2005101906,3, OFCL,120, 330N,  720W,70,0, HU,34, NEQ,0,0,0,0,0,0,0,85,5,    ,0, LAA,50,25, ,,,,,,,
AL,25,2005101912,3, OFCL,0, 173N,  828W,150,0, HU,34, NEQ,140,90,90,140,0,0,0,185,5,    ,0, JLF,300,6, ,,,,,,,
AL,25,2005101912,3, OFCL,0, 173N,  828W,150,0, HU,50, NEQ,70,45,45,70,0,0,0,185,5,    ,0, JLF,300,6, ,,,,,,,
AL,25,2005101912,3, OFCL,0, 173N,  828W,150,0, HU,64, NEQ,45,20,20,45,0,0,0,185,5,    ,0, JLF,300,6, ,,,,,,,
AL,25,2005101912,3, OFCL,3, 174N,  832W,150,882, HU,34, NEQ,140,90,90,140,0,0,0,185,5,    ,0, JLF,300,6,           ,  ,12, NEQ,200,150,150,150
AL,25,2005101912,3, OFCL,3, 174N,  832W,150,882, HU,50, NEQ,70,45,45,70,0,0,0,185,5,    ,0, JLF,300,6,           ,  ,12, NEQ,200,150,150,150
AL,25,2005101912,3, OFCL,3, 174N,  832W,150,882, HU,64, NEQ,45,20,20,45,0,0,0,185,5,    ,0, JLF,300,6,           ,  ,12, NEQ,200,150,150,150
AL,25,2005101912,3, OFCL,12, 180N,  840W,150,0, HU,34, NEQ,140,90,90,140,0,0,0,185,5,    ,0, JLF,310,6, ,,,,,,,
AL,25,2005101912,3, OFCL,12, 180N,  840W,150,0, HU,50, NEQ,70,45,45,70,0,0,0,185,5,    ,0, JLF,310,6, ,,,,,,,
AL,25,2005101912,3, OFCL,12, 180N,  840W,150,0, HU,64, NEQ,45,20,20,45,0,0,0,185,5,    ,0, JLF,310,6, ,,,,,,,
AL,25,2005101912,3, OFCL,24, 191N,  851W,150,0, HU,34, NEQ,150,120,90,150,0,0,0,185,5,    ,0, JLF,315,8, ,,,,,,,
AL,25,2005101912,3, OFCL,24, 191N,  851W,150,0, HU,50, NEQ,75,60,60,75,0,0,0,185,5,    ,0, JLF,315,8, ,,,,,,,
AL,25,2005101912,3, OFCL,24, 191N,  851W,150,0, HU,64, NEQ,50,30,30,50,0,0,0,185,5,    ,0, JLF,315,8, ,,,,,,,
AL,25,2005101912,3, OFCL,36, 204N,  859W,145,0, HU,34, NEQ,150,120,90,150,0,0,0,175,5,    ,0, JLF,330,8, ,,,,,,,
AL,25,2005101912,3, OFCL,36, 204N,  859W,145,0, HU,50, NEQ,75,60,60,75,0,0,0,175,5,    ,0, JLF,330,8, ,,,,,,,
AL,25,2005101912,3, OFCL,36, 204N,  859W,145,0, HU,64, NEQ,50,30,30,50,0,0,0,175,5,    ,0, JLF,330,8, ,,,,,,,
AL,25,2005101912,3, OFCL,48, 215N,  862W,135,0, HU,34, NEQ,150,150,120,150,0,0,0,165,5,    ,0, JLF,345,6, ,,,,,,,
AL,25,2005101912,3, OFCL,48, 215N,  862W,135,0, HU,50, NEQ,75,75,60,75,0,0,0,165,5,    ,0, JLF,345,6, ,,,,,,,
AL,25,2005101912,3, OFCL,72, 240N,  845W,115,0, HU,34, NEQ,150,150,120,150,0,0,0,140,5,    ,0, JLF,30,7, ,,,,,,,
AL,25,2005101912,3, OFCL,72, 240N,  845W,115,0, HU,50, NEQ,75,75,60,75,0,0,0,140,5,    ,0, JLF,30,7, ,,,,,,,
AL,25,2005101912,3, OFCL,96, 300N,  770W,90,0, HU,34, NEQ,0,0,0,0,0,0,0,110,5,    ,0, JLF,45,22, ,,,,,,,
AL,25,2005101912,3, OFCL,120, 390N,  690W,80,0, HU,34, NEQ,0,0,0,0,0,0,0,100,5,    ,0, JLF,35,28, ,,,,,,,
AL,25,2005101918,3, OFCL,0, 174N,  833W,140,0, HU,34, NEQ,200,200,100,150,0,0,0,170,5,    ,0, JLF,280,5, ,,,,,,,
AL,25,2005101918,3, OFCL,0, 174N,  833W,140,0, HU,50, NEQ,75,60,60,75,0,0,0,170,5,    ,0, JLF,280,5, ,,,,,,,
AL,25,2005101918,3, OFCL,0, 174N,  833W,140,0, HU,64, NEQ,50,40,40,50,0,0,0,170,5,    ,0, JLF,280,5, ,,,,,,,
AL,25,2005101918,3, OFCL,3, 177N,  837W,140,892, HU,34, NEQ,200,200,100,150,0,0,0,170,5,    ,0, JLF,295,6,           ,  ,12, NEQ,250,200,175,275
AL,25,2005101918,3, OFCL,3, 177N,  837W,140,892, HU,50, NEQ,75,60,60,75,0,0,0,170,5,    ,0, JLF,295,6,           ,  ,12, NEQ,250,200,175,275
AL,25,2005101918,3, OFCL,3, 177N,  837W,140,892, HU,64, NEQ,50,40,40,50,0,0,0,170,5,    ,0, JLF,295,6,           ,  ,12, NEQ,250,200,175,275
AL,25,2005101918,3, OFCL,12, 180N,  846W,135,0, HU,34, NEQ,200,200,100,150,0,0,0,165,5,    ,0, JLF,290,6, ,,,,,,,
AL,25,2005101918,3, OFCL,12, 180N,  846W,135,0, HU,50, NEQ,100,100,75,90,0,0,0,165,5,    ,0, JLF,290,6, ,,,,,,,
AL,25,2005101918,3, OFCL,12, 180N,  846W,135,0, HU,64, NEQ,60,60,50,60,0,0,0,165,5,    ,0, JLF,290,6, ,,,,,,,
AL,25,2005101918,3, OFCL,24, 192N,  856W,145,0, HU,34, NEQ,200,200,120,150,0,0,0,175,5,    ,0, JLF,320,8, ,,,,,,,
AL,25,2005101918,3, OFCL,24, 192N,  856W,145,0, HU,50, NEQ,100,100,75,90,0,0,0,175,5,    ,0, JLF,320,8, ,,,,,,,
AL,25,2005101918,3, OFCL,24, 192N,  856W,145,0, HU,64, NEQ,50,50,50,50,0,0,0,175,5,    ,0, JLF,320,8, ,,,,,,,
AL,25,2005101918,3, OFCL,36, 204N,  862W,145,0, HU,34, NEQ,200,200,120,150,0,0,0,175,5,    ,0, JLF,335,7, ,,,,,,,
AL,25,2005101918,3, OFCL,36, 204N,  862W,145,0, HU,50, NEQ,100,100,75,90,0,0,0,175,5,    ,0, JLF,335,7, ,,,,,,,
AL,25,2005101918,3, OFCL,36, 204N,  862W,145,0, HU,64, NEQ,50,50,50,50,0,0,0,175,5,    ,0, JLF,335,7, ,,,,,,,
AL,25,2005101918,3, OFCL,48, 216N,  863W,120,0, HU,34, NEQ,200,200,90,150,0,0,0,145,5,    ,0, JLF,355,6, ,,,,,,,
AL,25,2005101918,3, OFCL,48, 216N,  863W,120,0, HU,50, NEQ,100,100,60,90,0,0,0,145,5,    ,0, JLF,355,6, ,,,,,,,
AL,25,2005101918,3, OFCL,72, 240N,  845W,105,0, HU,34, NEQ,175,200,90,120,0,0,0,130,5,    ,0, JLF,35,7, ,,,,,,,
AL,25,2005101918,3, OFCL,72, 240N,  845W,105,0, HU,50, NEQ,75,75,50,50,0,0,0,130,5,    ,0, JLF,35,7, ,,,,,,,
AL,25,2005101918,3, OFCL,96, 275N,  790W,80,0, HU,34, NEQ,0,0,0,0,0,0,0,100,5,    ,0, JLF,55,15, ,,,,,,,
AL,25,2005101918,3, OFCL,120, 360N,  700W,65,0, HU,34, NEQ,0,0,0,0,0,0,0,80,5,    ,0, JLF,40,29, ,,,,,,,
AL,25,2005102000,3, OFCL,0, 180N,  840W,135,0, HU,34, NEQ,200,200,110,150,0,0,0,170,5,    ,0, JLB,300,7, ,,,,,,,
AL,25,2005102000,3, OFCL,0, 180N,  840W,135,0, HU,50, NEQ,75,75,60,75,0,0,0,170,5,    ,0, JLB,300,7, ,,,,,,,
AL,25,2005102000,3, OFCL,0, 180N,  840W,135,0, HU,64, NEQ,60,40,40,60,0,0,0,170,5,    ,0, JLB,300,7, ,,,,,,,
AL,25,2005102000,3, OFCL,3, 181N,  843W,135,894, HU,34, NEQ,200,200,110,150,0,0,0,165,5,    ,0, JLB,300,7,           ,  ,12, NEQ,250,200,175,275
AL,25,2005102000,3, OFCL,3, 181N,  843W,135,894, HU,50, NEQ,75,75,60,75,0,0,0,165,5,    ,0, JLB,300,7,           ,  ,12, NEQ,250,200,175,275
AL,25,2005102000,3, OFCL,3, 181N,  843W,135,894, HU,64, NEQ,60,40,40,60,0,0,0,165,5,    ,0, JLB,300,7,           ,  ,12, NEQ,250,200,175,275
AL,25,2005102000,3, OFCL,12, 188N,  852W,135,0, HU,34, NEQ,200,200,110,150,0,0,0,165,5,    ,0, JLB,310,7, ,,,,,,,
AL,25,2005102000,3, OFCL,12, 188N,  852W,135,0, HU,50, NEQ,100,100,75,90,0,0,0,165,5,    ,0, JLB,310,7, ,,,,,,,
AL,25,2005102000,3, OFCL,12, 188N,  852W,135,0, HU,64, NEQ,60,60,50,60,0,0,0,165,5,    ,0, JLB,310,7, ,,,,,,,
AL,25,2005102000,3, OFCL,24, 198N,  860W,145,0, HU,34, NEQ,200,200,120,150,0,0,0,175,5,    ,0, JLB,325,6, ,,,,,,,
AL,25,2005102000,3, OFCL,24, 198N,  860W,145,0, HU,50, NEQ,100,100,75,90,0,0,0,175,5,    ,0, JLB,325,6, ,,,,,,,
AL,25,2005102000,3, OFCL,24, 198N,  860W,145,0, HU,64, NEQ,50,50,50,50,0,0,0,175,5,    ,0, JLB,325,6, ,,,,,,,
AL,25,2005102000,3, OFCL,36, 208N,  865W,145,0, HU,34, NEQ,200,200,120,150,0,0,0,175,5,    ,0, JLB,335,6, ,,,,,,,
AL,25,2005102000,3, OFCL,36, 208N,  865W,145,0, HU,50, NEQ,100,100,75,90,0,0,0,175,5,    ,0, JLB,335,6, ,,,,,,,
AL,25,2005102000,3, OFCL,36, 208N,  865W,145,0, HU,64, NEQ,50,50,50,50,0,0,0,175,5,    ,0, JLB,335,6, ,,,,,,,
AL,25,2005102000,3, OFCL,48, 218N,  866W,125,0, HU,34, NEQ,200,200,90,150,0,0,0,155,5,    ,0, JLB,355,5, ,,,,,,,
AL,25,2005102000,3, OFCL,48, 218N,  866W,125,0, HU,50, NEQ,100,100,60,90,0,0,0,155,5,    ,0, JLB,355,5, ,,,,,,,
AL,25,2005102000,3, OFCL,72, 240N,  845W,110,0, HU,34, NEQ,175,200,90,120,0,0,0,135,5,    ,0, JLB,40,7, ,,,,,,,
AL,25,2005102000,3, OFCL,72, 240N,  845W,110,0, HU,50, NEQ,90,90,50,75,0,0,0,135,5,    ,0, JLB,40,7, ,,,,,,,
AL,25,2005102000,3, OFCL,96, 270N,  800W,80,0, HU,34, NEQ,0,0,0,0,0,0,0,100,5,    ,0, JLB,55,13, ,,,,,,,
AL,25,2005102000,3, OFCL,120, 380N,  705W,65,0, HU,34, NEQ,0,0,0,0,0,0,0,80,5,    ,0, JLB,35,34, ,,,,,,,
AL,25,2005102006,3, OFCL,0, 181N,  847W,130,0, HU,34, NEQ,200,200,110,150,0,0,0,160,5,    ,0, LAA,280,7, ,,,,,,,
AL,25,2005102006,3, OFCL,0, 181N,  847W,130,0, HU,50, NEQ,75,75,60,75,0,0,0,160,5,    ,0, LAA,280,7, ,,,,,,,
AL,25,2005102006,3, OFCL,0, 181N,  847W,130,0, HU,64, NEQ,60,40,40,60,0,0,0,160,5,    ,0, LAA,280,7, ,,,,,,,
AL,25,2005102006,3, OFCL,3, 183N,  850W,130,900, HU,34, NEQ,200,200,110,150,0,0,0,160,5,    ,0, LAA,295,7,           ,  ,12, NEQ,250,200,175,275
AL,25,2005102006,3, OFCL,3, 183N,  850W,130,900, HU,50, NEQ,75,75,60,75,0,0,0,160,5,    ,0, LAA,295,7,           ,  ,12, NEQ,250,200,175,275
AL,25,2005102006,3, OFCL,3, 183N,  850W,130,900, HU,64, NEQ,60,40,40,60,0,0,0,160,5,    ,0, LAA,295,7,           ,  ,12, NEQ,250,200,175,275
AL,25,2005102006,3, OFCL,12, 189N,  858W,135,0, HU,34, NEQ,200,200,110,150,0,0,0,165,5,    ,0, LAA,310,6, ,,,,,,,
AL,25,2005102006,3, OFCL,12, 189N,  858W,135,0, HU,50, NEQ,100,100,75,90,0,0,0,165,5,    ,0, LAA,310,6, ,,,,,,,
AL,25,2005102006,3, OFCL,12, 189N,  858W,135,0, HU,64, NEQ,60,60,50,60,0,0,0,165,5,    ,0, LAA,310,6, ,,,,,,,
AL,25,2005102006,3, OFCL,24, 200N,  865W,145,0, HU,34, NEQ,200,200,120,150,0,0,0,175,5,    ,0, LAA,330,6, ,,,,,,,
AL,25,2005102006,3, OFCL,24, 200N,  865W,145,0, HU,50, NEQ,100,100,75,90,0,0,0,175,5,    ,0, LAA,330,6, ,,,,,,,
AL,25,2005102006,3, OFCL,24, 200N,  865W,145,0, HU,64, NEQ,50,50,50,50,0,0,0,175,5,    ,0, LAA,330,6, ,,,,,,,
AL,25,2005102006,3, OFCL,36, 210N,  870W,145,0, HU,34, NEQ,200,200,120,150,0,0,0,175,5,    ,0, LAA,335,6, ,,,,,,,
AL,25,2005102006,3, OFCL,36, 210N,  870W,145,0, HU,50, NEQ,100,100,75,90,0,0,0,175,5,    ,0, LAA,335,6, ,,,,,,,
AL,25,2005102006,3, OFCL,36, 210N,  870W,145,0, HU,64, NEQ,50,50,50,50,0,0,0,175,5,    ,0, LAA,335,6, ,,,,,,,
AL,25,2005102006,3, OFCL,48, 220N,  865W,125,0, HU,34, NEQ,200,200,90,150,0,0,0,155,5,    ,0, LAA,25,6, ,,,,,,,
AL,25,2005102006,3, OFCL,48, 220N,  865W,125,0, HU,50, NEQ,100,100,60,90,0,0,0,155,5,    ,0, LAA,25,6, ,,,,,,,
AL,25,2005102006,3, OFCL,72, 240N,  845W,110,0, HU,34, NEQ,175,200,90,120,0,0,0,135,5,    ,0, LAA,40,7, ,,,,,,,
AL,25,2005102006,3, OFCL,72, 240N,  845W,110,0, HU,50, NEQ,90,90,50,75,0,0,0,135,5,    ,0, LAA,40,7, ,,,,,,,
AL,25,2005102006,3, OFCL,96, 270N,  800W,80,0, HU,34, NEQ,0,0,0,0,0,0,0,100,5,    ,0, LAA,55,13, ,,,,,,,
AL,25,2005102006,3, OFCL,120, 371N,  700W,65,0, HU,34, NEQ,0,0,0,0,0,0,0,80,5,    ,0, LAA,35,33, ,,,,,,,
AL,25,2005102012,3, OFCL,0, 183N,  852W,125,0, HU,34, NEQ,225,150,110,225,0,0,0,155,35,    ,0, JLF,295,5, ,,,,,,,
AL,25,2005102012,3, OFCL,0, 183N,  852W,125,0, HU,50, NEQ,110,85,60,110,0,0,0,155,35,    ,0, JLF,295,5, ,,,,,,,
AL,25,2005102012,3, OFCL,0, 183N,  852W,125,0, HU,64, NEQ,80,75,45,75,0,0,0,155,35,    ,0, JLF,295,5, ,,,,,,,
AL,25,2005102012,3, OFCL,3, 184N,  855W,125,915, HU,34, NEQ,225,150,110,225,0,0,0,155,35,    ,0, JLF,295,6,           ,  ,12, NEQ,275,275,150,210
AL,25,2005102012,3, OFCL,3, 184N,  855W,125,915, HU,50, NEQ,110,85,60,110,0,0,0,155,35,    ,0, JLF,295,6,           ,  ,12, NEQ,275,275,150,210
AL,25,2005102012,3, OFCL,3, 184N,  855W,125,915, HU,64, NEQ,80,75,45,75,0,0,0,155,35,    ,0, JLF,295,6,           ,  ,12, NEQ,275,275,150,210
AL,25,2005102012,3, OFCL,12, 191N,  862W,130,0, HU,34, NEQ,225,150,110,225,0,0,0,160,35,    ,0, JLF,315,6, ,,,,,,,
AL,25,2005102012,3, OFCL,12, 191N,  862W,130,0, HU,50, NEQ,110,85,60,110,0,0,0,160,35,    ,0, JLF,315,6, ,,,,,,,
AL,25,2005102012,3, OFCL,12, 191N,  862W,130,0, HU,64, NEQ,80,75,45,75,0,0,0,160,35,    ,0, JLF,315,6, ,,,,,,,
AL,25,2005102012,3, OFCL,24, 203N,  869W,140,0, HU,34, NEQ,200,150,90,200,0,0,0,170,35,    ,0, JLF,330,7, ,,,,,,,
AL,25,2005102012,3, OFCL,24, 203N,  869W,140,0, HU,50, NEQ,100,100,60,100,0,0,0,170,35,    ,0, JLF,330,7, ,,,,,,,
AL,25,2005102012,3, OFCL,24, 203N,  869W,140,0, HU,64, NEQ,75,75,45,75,0,0,0,170,35,    ,0, JLF,330,7, ,,,,,,,
AL,25,2005102012,3, OFCL,36, 212N,  870W,130,0, HU,34, NEQ,200,150,120,150,0,0,0,160,35,    ,0, JLF,355,5, ,,,,,,,
AL,25,2005102012,3, OFCL,36, 212N,  870W,130,0, HU,50, NEQ,100,100,50,100,0,0,0,160,35,    ,0, JLF,355,5, ,,,,,,,
AL,25,2005102012,3, OFCL,36, 212N,  870W,130,0, HU,64, NEQ,60,60,30,60,0,0,0,160,35,    ,0, JLF,355,5, ,,,,,,,
AL,25,2005102012,3, OFCL,48, 220N,  862W,120,0, HU,34, NEQ,200,175,90,175,0,0,0,145,35,    ,0, JLF,45,5, ,,,,,,,
AL,25,2005102012,3, OFCL,48, 220N,  862W,120,0, HU,50, NEQ,90,90,50,90,0,0,0,145,35,    ,0, JLF,45,5, ,,,,,,,
AL,25,2005102012,3, OFCL,72, 240N,  840W,105,0, HU,34, NEQ,175,175,90,120,0,0,0,130,35,    ,0, JLF,45,7, ,,,,,,,
AL,25,2005102012,3, OFCL,72, 240N,  840W,105,0, HU,50, NEQ,90,90,50,75,0,0,0,130,35,    ,0, JLF,45,7, ,,,,,,,
AL,25,2005102012,3, OFCL,96, 285N,  785W,70,0, HU,34, NEQ,0,0,0,0,0,0,0,85,35,    ,0, JLF,45,17, ,,,,,,,
AL,25,2005102012,3, OFCL,120, 400N,  680W,60,0, HU,34, NEQ,0,0,0,0,0,0,0,75,35,    ,0, JLF,35,36, ,,,,,,,
AL,25,2005102018,3, OFCL,0, 186N,  855W,130,0, HU,34, NEQ,175,150,120,175,0,0,0,155,35,    ,0, JLF,315,4, ,,,,,,,
AL,25,2005102018,3, OFCL,0, 186N,  855W,130,0, HU,50, NEQ,110,90,75,110,0,0,0,155,35,    ,0, JLF,315,4, ,,,,,,,
AL,25,2005102018,3, OFCL,0, 186N,  855W,130,0, HU,64, NEQ,75,75,60,75,0,0,0,155,35,    ,0, JLF,315,4, ,,,,,,,
AL,25,2005102018,3, OFCL,3, 189N,  857W,130,918, HU,34, NEQ,175,150,120,175,0,0,0,160,35,    ,0, JLF,310,5,           ,  ,12, NEQ,275,300,150,210
AL,25,2005102018,3, OFCL,3, 189N,  857W,130,918, HU,50, NEQ,110,90,75,110,0,0,0,160,35,    ,0, JLF,310,5,           ,  ,12, NEQ,275,300,150,210
AL,25,2005102018,3, OFCL,3, 189N,  857W,130,918, HU,64, NEQ,75,75,60,75,0,0,0,160,35,    ,0, JLF,310,5,           ,  ,12, NEQ,275,300,150,210
AL,25,2005102018,3, OFCL,12, 195N,  864W,140,0, HU,34, NEQ,175,150,120,175,0,0,0,170,35,    ,0, JLF,310,6, ,,,,,,,
AL,25,2005102018,3, OFCL,12, 195N,  864W,140,0, HU,50, NEQ,110,90,75,110,0,0,0,170,35,    ,0, JLF,310,6, ,,,,,,,
AL,25,2005102018,3, OFCL,12, 195N,  864W,140,0, HU,64, NEQ,75,75,60,75,0,0,0,170,35,    ,0, JLF,310,6, ,,,,,,,
AL,25,2005102018,3, OFCL,24, 204N,  870W,145,0, HU,34, NEQ,175,150,90,175,0,0,0,175,35,    ,0, JLF,330,5, ,,,,,,,
AL,25,2005102018,3, OFCL,24, 204N,  870W,145,0, HU,50, NEQ,100,90,60,100,0,0,0,175,35,    ,0, JLF,330,5, ,,,,,,,
AL,25,2005102018,3, OFCL,24, 204N,  870W,145,0, HU,64, NEQ,75,75,40,75,0,0,0,175,35,    ,0, JLF,330,5, ,,,,,,,
AL,25,2005102018,3, OFCL,36, 211N,  872W,120,0, HU,34, NEQ,175,150,90,175,0,0,0,145,35,    ,0, JLF,345,4, ,,,,,,,
AL,25,2005102018,3, OFCL,36, 211N,  872W,120,0, HU,50, NEQ,100,90,50,100,0,0,0,145,35,    ,0, JLF,345,4, ,,,,,,,
AL,25,2005102018,3, OFCL,36, 211N,  872W,120,0, HU,64, NEQ,75,75,30,75,0,0,0,145,35,    ,0, JLF,345,4, ,,,,,,,
AL,25,2005102018,3, OFCL,48, 220N,  870W,100,0, HU,34, NEQ,150,125,75,150,0,0,0,120,35,    ,0, JLF,10,5, ,,,,,,,
AL,25,2005102018,3, OFCL,48, 220N,  870W,100,0, HU,50, NEQ,75,60,40,75,0,0,0,120,35,    ,0, JLF,10,5, ,,,,,,,
AL,25,2005102018,3, OFCL,72, 235N,  845W,95,0, HU,34, NEQ,125,125,75,100,0,0,0,115,35,    ,0, JLF,55,7, ,,,,,,,
AL,25,2005102018,3, OFCL,72, 235N,  845W,95,0, HU,50, NEQ,60,60,40,40,0,0,0,115,35,    ,0, JLF,55,7, ,,,,,,,
AL,25,2005102018,3, OFCL,96, 275N,  795W,65,0, HU,34, NEQ,0,0,0,0,0,0,0,80,35,    ,0, JLF,45,15, ,,,,,,,
AL,25,2005102018,3, OFCL,120, 380N,  700W,60,0, HU,34, NEQ,0,0,0,0,0,0,0,75,35,    ,0, JLF,35,33, ,,,,,,,
AL,25,2005102100,3, OFCL,0, 191N,  858W,130,0, HU,34, NEQ,175,150,120,175,0,0,0,160,35,    ,0, JLB,320,5, ,,,,,,,
AL,25,2005102100,3, OFCL,0, 191N,  858W,130,0, HU,50, NEQ,110,90,75,110,0,0,0,160,35,    ,0, JLB,320,5, ,,,,,,,
AL,25,2005102100,3, OFCL,0, 191N,  858W,130,0, HU,64, NEQ,75,75,60,75,0,0,0,160,35,    ,0, JLB,320,5, ,,,,,,,
AL,25,2005102100,3, OFCL,3, 193N,  860W,130,923, HU,34, NEQ,175,150,120,175,0,0,0,160,35,    ,0, JLB,325,5,           ,  ,12, NEQ,450,325,175,450
AL,25,2005102100,3, OFCL,3, 193N,  860W,130,923, HU,50, NEQ,110,90,75,110,0,0,0,160,35,    ,0, JLB,325,5,           ,  ,12, NEQ,450,325,175,450
AL,25,2005102100,3, OFCL,3, 193N,  860W,130,923, HU,64, NEQ,75,75,60,75,0,0,0,160,35,    ,0, JLB,325,5,           ,  ,12, NEQ,450,325,175,450
AL,25,2005102100,3, OFCL,12, 199N,  864W,140,0, HU,34, NEQ,175,150,120,175,0,0,0,170,35,    ,0, JLB,330,5, ,,,,,,,
AL,25,2005102100,3, OFCL,12, 199N,  864W,140,0, HU,50, NEQ,110,90,75,110,0,0,0,170,35,    ,0, JLB,330,5, ,,,,,,,
AL,25,2005102100,3, OFCL,12, 199N,  864W,140,0, HU,64, NEQ,75,75,60,75,0,0,0,170,35,    ,0, JLB,330,5, ,,,,,,,
AL,25,2005102100,3, OFCL,24, 208N,  870W,145,0, HU,34, NEQ,175,150,90,175,0,0,0,175,35,    ,0, JLB,330,5, ,,,,,,,
AL,25,2005102100,3, OFCL,24, 208N,  870W,145,0, HU,50, NEQ,100,90,60,100,0,0,0,175,35,    ,0, JLB,330,5, ,,,,,,,
AL,25,2005102100,3, OFCL,24, 208N,  870W,145,0, HU,64, NEQ,75,75,40,75,0,0,0,175,35,    ,0, JLB,330,5, ,,,,,,,
AL,25,2005102100,3, OFCL,36, 215N,  871W,120,0, HU,34, NEQ,175,150,90,175,0,0,0,145,35,    ,0, JLB,350,4, ,,,,,,,
AL,25,2005102100,3, OFCL,36, 215N,  871W,120,0, HU,50, NEQ,100,90,50,100,0,0,0,145,35,    ,0, JLB,350,4, ,,,,,,,
AL,25,2005102100,3, OFCL,36, 215N,  871W,120,0, HU,64, NEQ,75,75,30,75,0,0,0,145,35,    ,0, JLB,350,4, ,,,,,,,
AL,25,2005102100,3, OFCL,48, 221N,  867W,105,0, HU,34, NEQ,150,125,75,150,0,0,0,130,35,    ,0, JLB,30,4, ,,,,,,,
AL,25,2005102100,3, OFCL,48, 221N,  867W,105,0, HU,50, NEQ,75,60,40,75,0,0,0,130,35,    ,0, JLB,30,4, ,,,,,,,
AL,25,2005102100,3, OFCL,72, 235N,  845W,95,0, HU,34, NEQ,125,125,75,100,0,0,0,115,35,    ,0, JLB,55,6, ,,,,,,,
AL,25,2005102100,3, OFCL,72, 235N,  845W,95,0, HU,50, NEQ,60,60,40,40,0,0,0,115,35,    ,0, JLB,55,6, ,,,,,,,
AL,25,2005102100,3, OFCL,96, 275N,  795W,65,0, HU,34, NEQ,0,0,0,0,0,0,0,80,35,    ,0, JLB,45,15, ,,,,,,,
AL,25,2005102100,3, OFCL,120, 385N,  695W,60,0, HU,34, NEQ,0,0,0,0,0,0,0,75,35,    ,0, JLB,35,35, ,,,,,,,
AL,25,2005102106,3, OFCL,0, 196N,  861W,130,0, HU,34, NEQ,175,150,120,175,0,0,0,160,30,    ,0, LAA,330,6, ,,,,,,,
AL,25,2005102106,3, OFCL,0, 196N,  861W,130,0, HU,50, NEQ,110,90,75,110,0,0,0,160,30,    ,0, LAA,330,6, ,,,,,,,
AL,25,2005102106,3, OFCL,0, 196N,  861W,130,0, HU,64, NEQ,75,75,60,75,0,0,0,160,30,    ,0, LAA,330,6, ,,,,,,,
AL,25,2005102106,3, OFCL,3, 200N,  862W,130,929, HU,34, NEQ,175,150,120,175,0,0,0,160,30,    ,0, LAA,330,5,           ,  ,12, NEQ,450,325,175,450
AL,25,2005102106,3, OFCL,3, 200N,  862W,130,929, HU,50, NEQ,110,90,75,110,0,0,0,160,30,    ,0, LAA,330,5,           ,  ,12, NEQ,450,325,175,450
AL,25,2005102106,3, OFCL,3, 200N,  862W,130,929, HU,64, NEQ,75,75,60,75,0,0,0,160,30,    ,0, LAA,330,5,           ,  ,12, NEQ,450,325,175,450
AL,25,2005102106,3, OFCL,12, 204N,  866W,140,0, HU,34, NEQ,175,150,120,175,0,0,0,170,30,    ,0, LAA,315,4, ,,,,,,,
AL,25,2005102106,3, OFCL,12, 204N,  866W,140,0, HU,50, NEQ,110,90,75,110,0,0,0,170,30,    ,0, LAA,315,4, ,,,,,,,
AL,25,2005102106,3, OFCL,12, 204N,  866W,140,0, HU,64, NEQ,75,75,60,75,0,0,0,170,30,    ,0, LAA,315,4, ,,,,,,,
AL,25,2005102106,3, OFCL,24, 212N,  871W,115,0, HU,34, NEQ,175,150,90,175,0,0,0,140,30,    ,0, LAA,330,5, ,,,,,,,
AL,25,2005102106,3, OFCL,24, 212N,  871W,115,0, HU,50, NEQ,100,90,60,100,0,0,0,140,30,    ,0, LAA,330,5, ,,,,,,,
AL,25,2005102106,3, OFCL,24, 212N,  871W,115,0, HU,64, NEQ,75,75,40,75,0,0,0,140,30,    ,0, LAA,330,5, ,,,,,,,
AL,25,2005102106,3, OFCL,36, 216N,  875W,115,0, HU,34, NEQ,175,150,90,175,0,0,0,140,30,    ,0, LAA,315,3, ,,,,,,,
AL,25,2005102106,3, OFCL,36, 216N,  875W,115,0, HU,50, NEQ,100,90,50,100,0,0,0,140,30,    ,0, LAA,315,3, ,,,,,,,
AL,25,2005102106,3, OFCL,36, 216N,  875W,115,0, HU,64, NEQ,75,75,30,75,0,0,0,140,30,    ,0, LAA,315,3, ,,,,,,,
AL,25,2005102106,3, OFCL,48, 220N,  870W,105,0, HU,34, NEQ,150,125,75,150,0,0,0,130,30,    ,0, LAA,50,3, ,,,,,,,
AL,25,2005102106,3, OFCL,48, 220N,  870W,105,0, HU,50, NEQ,75,60,40,75,0,0,0,130,30,    ,0, LAA,50,3, ,,,,,,,
AL,25,2005102106,3, OFCL,72, 235N,  845W,95,0, HU,34, NEQ,125,125,75,100,0,0,0,115,30,    ,0, LAA,55,7, ,,,,,,,
AL,25,2005102106,3, OFCL,72, 235N,  845W,95,0, HU,50, NEQ,60,60,40,40,0,0,0,115,30,    ,0, LAA,55,7, ,,,,,,,
AL,25,2005102106,3, OFCL,96, 270N,  800W,65,0, HU,34, NEQ,0,0,0,0,0,0,0,80,30,    ,0, LAA,50,13, ,,,,,,,
AL,25,2005102106,3, OFCL,120, 360N,  700W,60,0, HU,34, NEQ,0,0,0,0,0,0,0,75,30,    ,0, LAA,40,31, ,,,,,,,
AL,25,2005102112,3, OFCL,0, 201N,  864W,125,0, HU,34, NEQ,175,175,120,150,0,0,0,155,30,    ,0, RDK,330,6, ,,,,,,,
AL,25,2005102112,3, OFCL,0, 201N,  864W,125,0, HU,50, NEQ,100,90,75,100,0,0,0,155,30,    ,0, RDK,330,6, ,,,,,,,
AL,25,2005102112,3, OFCL,0, 201N,  864W,125,0, HU,64, NEQ,75,75,60,75,0,0,0,155,30,    ,0, RDK,330,6, ,,,,,,,
AL,25,2005102112,3, OFCL,3, 202N,  865W,125,930, HU,34, NEQ,175,175,120,150,0,0,0,155,30,    ,0, RDK,325,4,           ,  ,12, NEQ,450,325,175,325
AL,25,2005102112,3, OFCL,3, 202N,  865W,125,930, HU,50, NEQ,100,90,75,100,0,0,0,155,30,    ,0, RDK,325,4,           ,  ,12, NEQ,450,325,175,325
AL,25,2005102112,3, OFCL,3, 202N,  865W,125,930, HU,64, NEQ,75,75,60,75,0,0,0,155,30,    ,0, RDK,325,4,           ,  ,12, NEQ,450,325,175,325
AL,25,2005102112,3, OFCL,12, 208N,  870W,135,0, HU,34, NEQ,175,175,120,150,0,0,0,165,30,    ,0, RDK,320,5, ,,,,,,,
AL,25,2005102112,3, OFCL,12, 208N,  870W,135,0, HU,50, NEQ,100,90,75,100,0,0,0,165,30,    ,0, RDK,320,5, ,,,,,,,
AL,25,2005102112,3, OFCL,12, 208N,  870W,135,0, HU,64, NEQ,75,75,60,75,0,0,0,165,30,    ,0, RDK,320,5, ,,,,,,,
AL,25,2005102112,3, OFCL,24, 213N,  874W,105,0, HU,34, NEQ,175,150,90,175,0,0,0,130,30,    ,0, RDK,325,3, ,,,,,,,
AL,25,2005102112,3, OFCL,24, 213N,  874W,105,0, HU,50, NEQ,100,90,60,75,0,0,0,130,30,    ,0, RDK,325,3, ,,,,,,,
AL,25,2005102112,3, OFCL,24, 213N,  874W,105,0, HU,64, NEQ,75,75,40,60,0,0,0,130,30,    ,0, RDK,325,3, ,,,,,,,
AL,25,2005102112,3, OFCL,36, 218N,  874W,105,0, HU,34, NEQ,175,150,90,175,0,0,0,130,30,    ,0, RDK,360,3, ,,,,,,,
AL,25,2005102112,3, OFCL,36, 218N,  874W,105,0, HU,50, NEQ,100,90,50,90,0,0,0,130,30,    ,0, RDK,360,3, ,,,,,,,
AL,25,2005102112,3, OFCL,36, 218N,  874W,105,0, HU,64, NEQ,75,75,30,60,0,0,0,130,30,    ,0, RDK,360,3, ,,,,,,,
AL,25,2005102112,3, OFCL,48, 223N,  869W,100,0, HU,34, NEQ,175,125,75,175,0,0,0,120,30,    ,0, RDK,45,3, ,,,,,,,
AL,25,2005102112,3, OFCL,48, 223N,  869W,100,0, HU,50, NEQ,75,60,40,75,0,0,0,120,30,    ,0, RDK,45,3, ,,,,,,,
AL,25,2005102112,3, OFCL,72, 245N,  835W,90,0, HU,34, NEQ,150,125,75,175,0,0,0,110,30,    ,0, RDK,55,10, ,,,,,,,
AL,25,2005102112,3, OFCL,72, 245N,  835W,90,0, HU,50, NEQ,60,60,40,60,0,0,0,110,30,    ,0, RDK,55,10, ,,,,,,,
AL,25,2005102112,3, OFCL,96, 295N,  775W,65,0, HU,34, NEQ,0,0,0,0,0,0,0,80,30,    ,0, RDK,45,18, ,,,,,,,
AL,25,2005102112,3, OFCL,120, 390N,  670W,60,0, HU,34, NEQ,0,0,0,0,0,0,0,75,30,    ,0, RDK,40,32, ,,,,,,,
AL,25,2005102118,3, OFCL,0, 204N,  867W,120,0, HU,34, NEQ,175,175,120,150,0,0,0,145,25,    ,0, RDK,315,4, ,,,,,,,
AL,25,2005102118,3, OFCL,0, 204N,  867W,120,0, HU,50, NEQ,100,100,75,100,0,0,0,145,25,    ,0, RDK,315,4, ,,,,,,,
AL,25,2005102118,3, OFCL,0, 204N,  867W,120,0, HU,64, NEQ,75,75,60,75,0,0,0,145,25,    ,0, RDK,315,4, ,,,,,,,
AL,25,2005102118,3, OFCL,3, 206N,  869W,120,926, HU,34, NEQ,175,175,120,150,0,0,0,145,25,    ,0, RDK,320,4,           ,  ,12, NEQ,400,325,175,300
AL,25,2005102118,3, OFCL,3, 206N,  869W,120,926, HU,50, NEQ,100,100,75,100,0,0,0,145,25,    ,0, RDK,320,4,           ,  ,12, NEQ,400,325,175,300
AL,25,2005102118,3, OFCL,3, 206N,  869W,120,926, HU,64, NEQ,75,75,60,75,0,0,0,145,25,    ,0, RDK,320,4,           ,  ,12, NEQ,400,325,175,300
AL,25,2005102118,3, OFCL,12, 209N,  873W,100,0, HU,34, NEQ,175,175,120,150,0,0,0,120,25,    ,0, RDK,310,3, ,,,,,,,
AL,25,2005102118,3, OFCL,12, 209N,  873W,100,0, HU,50, NEQ,90,90,60,90,0,0,0,120,25,    ,0, RDK,310,3, ,,,,,,,
AL,25,2005102118,3, OFCL,12, 209N,  873W,100,0, HU,64, NEQ,50,50,30,40,0,0,0,120,25,    ,0, RDK,310,3, ,,,,,,,
AL,25,2005102118,3, OFCL,24, 212N,  875W,80,0, HU,34, NEQ,175,175,100,175,0,0,0,100,25,    ,0, RDK,330,2, ,,,,,,,
AL,25,2005102118,3, OFCL,24, 212N,  875W,80,0, HU,50, NEQ,70,70,50,70,0,0,0,100,25,    ,0, RDK,330,2, ,,,,,,,
AL,25,2005102118,3, OFCL,24, 212N,  875W,80,0, HU,64, NEQ,40,40,25,40,0,0,0,100,25,    ,0, RDK,330,2, ,,,,,,,
AL,25,2005102118,3, OFCL,36, 218N,  874W,80,0, HU,34, NEQ,175,175,100,175,0,0,0,100,25,    ,0, RDK,10,3, ,,,,,,,
AL,25,2005102118,3, OFCL,36, 218N,  874W,80,0, HU,50, NEQ,70,70,50,70,0,0,0,100,25,    ,0, RDK,10,3, ,,,,,,,
AL,25,2005102118,3, OFCL,36, 218N,  874W,80,0, HU,64, NEQ,40,40,25,40,0,0,0,100,25,    ,0, RDK,10,3, ,,,,,,,
AL,25,2005102118,3, OFCL,48, 227N,  865W,90,0, HU,34, NEQ,175,175,100,175,0,0,0,110,25,    ,0, RDK,45,6, ,,,,,,,
AL,25,2005102118,3, OFCL,48, 227N,  865W,90,0, HU,50, NEQ,70,70,50,70,0,0,0,110,25,    ,0, RDK,45,6, ,,,,,,,
AL,25,2005102118,3, OFCL,72, 255N,  825W,80,0, HU,34, NEQ,200,200,125,175,0,0,0,100,25,    ,0, RDK,50,12, ,,,,,,,
AL,25,2005102118,3, OFCL,72, 255N,  825W,80,0, HU,50, NEQ,90,90,60,90,0,0,0,100,25,    ,0, RDK,50,12, ,,,,,,,
AL,25,2005102118,3, OFCL,96, 320N,  750W,60,0, HU,34, NEQ,0,0,0,0,0,0,0,75,25,    ,0, RDK,45,23, ,,,,,,,
AL,25,2005102118,3, OFCL,120, 420N,  629W,55,0, HU,34, NEQ,0,0,0,0,0,0,0,65,25,    ,0, RDK,40,35, ,,,,,,,
AL,25,2005102200,3, OFCL,0, 207N,  868W,120,0, HU,34, NEQ,175,175,120,150,0,0,0,145,25,    ,0, JLB,330,4, ,,,,,,,
AL,25,2005102200,3, OFCL,0, 207N,  868W,120,0, HU,50, NEQ,100,100,75,100,0,0,0,145,25,    ,0, JLB,330,4, ,,,,,,,
AL,25,2005102200,3, OFCL,0, 207N,  868W,120,0, HU,64, NEQ,75,75,60,75,0,0,0,145,25,    ,0, JLB,330,4, ,,,,,,,
AL,25,2005102200,3, OFCL,3, 208N,  869W,120,932, HU,34, NEQ,175,175,120,150,0,0,0,145,25,    ,0, JLB,330,3,           ,  ,12, NEQ,400,325,175,300
AL,25,2005102200,3, OFCL,3, 208N,  869W,120,932, HU,50, NEQ,100,100,75,100,0,0,0,145,25,    ,0, JLB,330,3,           ,  ,12, NEQ,400,325,175,300
AL,25,2005102200,3, OFCL,3, 208N,  869W,120,932, HU,64, NEQ,75,75,60,75,0,0,0,145,25,    ,0, JLB,330,3,           ,  ,12, NEQ,400,325,175,300
AL,25,2005102200,3, OFCL,12, 212N,  871W,100,0, HU,34, NEQ,175,175,120,150,0,0,0,120,25,    ,0, JLB,335,3, ,,,,,,,
AL,25,2005102200,3, OFCL,12, 212N,  871W,100,0, HU,50, NEQ,90,90,60,90,0,0,0,120,25,    ,0, JLB,335,3, ,,,,,,,
AL,25,2005102200,3, OFCL,12, 212N,  871W,100,0, HU,64, NEQ,50,50,30,40,0,0,0,120,25,    ,0, JLB,335,3, ,,,,,,,
AL,25,2005102200,3, OFCL,24, 217N,  872W,90,0, HU,34, NEQ,175,175,100,175,0,0,0,110,25,    ,0, JLB,350,3, ,,,,,,,
AL,25,2005102200,3, OFCL,24, 217N,  872W,90,0, HU,50, NEQ,75,75,50,75,0,0,0,110,25,    ,0, JLB,350,3, ,,,,,,,
AL,25,2005102200,3, OFCL,24, 217N,  872W,90,0, HU,64, NEQ,45,45,30,45,0,0,0,110,25,    ,0, JLB,350,3, ,,,,,,,
AL,25,2005102200,3, OFCL,36, 223N,  869W,95,0, HU,34, NEQ,175,175,100,175,0,0,0,115,25,    ,0, JLB,25,3, ,,,,,,,
AL,25,2005102200,3, OFCL,36, 223N,  869W,95,0, HU,50, NEQ,75,75,50,75,0,0,0,115,25,    ,0, JLB,25,3, ,,,,,,,
AL,25,2005102200,3, OFCL,36, 223N,  869W,95,0, HU,64, NEQ,45,45,25,45,0,0,0,115,25,    ,0, JLB,25,3, ,,,,,,,
AL,25,2005102200,3, OFCL,48, 235N,  854W,95,0, HU,34, NEQ,175,175,100,175,0,0,0,115,25,    ,0, JLB,50,9, ,,,,,,,
AL,25,2005102200,3, OFCL,48, 235N,  854W,95,0, HU,50, NEQ,75,75,50,75,0,0,0,115,25,    ,0, JLB,50,9, ,,,,,,,
AL,25,2005102200,3, OFCL,72, 270N,  800W,65,0, HU,34, NEQ,200,200,150,150,0,0,0,80,25,    ,0, JLB,55,15, ,,,,,,,
AL,25,2005102200,3, OFCL,72, 270N,  800W,65,0, HU,50, NEQ,90,90,90,60,0,0,0,80,25,    ,0, JLB,55,15, ,,,,,,,
AL,25,2005102200,3, OFCL,96, 350N,  710W,55,0, HU,34, NEQ,0,0,0,0,0,0,0,65,25,    ,0, JLB,40,28, ,,,,,,,
AL,25,2005102200,3, OFCL,120, 450N,  590W,55,0, HU,34, NEQ,0,0,0,0,0,0,0,65,25,    ,0, JLB,40,34, ,,,,,,,
AL,25,2005102206,3, OFCL,0, 209N,  871W,110,0, HU,34, NEQ,175,175,120,150,0,0,0,140,20,    ,0, LAA,305,3, ,,,,,,,
AL,25,2005102206,3, OFCL,0, 209N,  871W,110,0, HU,50, NEQ,100,100,75,100,0,0,0,140,20,    ,0, LAA,305,3, ,,,,,,,
AL,25,2005102206,3, OFCL,0, 209N,  871W,110,0, HU,64, NEQ,75,75,60,75,0,0,0,140,20,    ,0, LAA,305,3, ,,,,,,,
AL,25,2005102206,3, OFCL,3, 209N,  872W,110,935, HU,34, NEQ,175,175,120,150,0,0,0,135,20,    ,0, LAA,360,0,           ,  ,12, NEQ,400,325,175,300
AL,25,2005102206,3, OFCL,3, 209N,  872W,110,935, HU,50, NEQ,100,100,75,100,0,0,0,135,20,    ,0, LAA,360,0,           ,  ,12, NEQ,400,325,175,300
AL,25,2005102206,3, OFCL,3, 209N,  872W,110,935, HU,64, NEQ,75,75,60,75,0,0,0,135,20,    ,0, LAA,360,0,           ,  ,12, NEQ,400,325,175,300
AL,25,2005102206,3, OFCL,12, 215N,  873W,90,0, HU,34, NEQ,175,175,120,150,0,0,0,110,20,    ,0, LAA,350,4, ,,,,,,,
AL,25,2005102206,3, OFCL,12, 215N,  873W,90,0, HU,50, NEQ,90,90,60,90,0,0,0,110,20,    ,0, LAA,350,4, ,,,,,,,
AL,25,2005102206,3, OFCL,12, 215N,  873W,90,0, HU,64, NEQ,50,50,30,40,0,0,0,110,20,    ,0, LAA,350,4, ,,,,,,,
AL,25,2005102206,3, OFCL,24, 220N,  870W,100,0, HU,34, NEQ,175,175,100,175,0,0,0,120,20,    ,0, LAA,30,3, ,,,,,,,
AL,25,2005102206,3, OFCL,24, 220N,  870W,100,0, HU,50, NEQ,75,75,50,75,0,0,0,120,20,    ,0, LAA,30,3, ,,,,,,,
AL,25,2005102206,3, OFCL,24, 220N,  870W,100,0, HU,64, NEQ,45,45,30,45,0,0,0,120,20,    ,0, LAA,30,3, ,,,,,,,
AL,25,2005102206,3, OFCL,36, 230N,  860W,100,0, HU,34, NEQ,175,175,100,175,0,0,0,120,20,    ,0, LAA,45,7, ,,,,,,,
AL,25,2005102206,3, OFCL,36, 230N,  860W,100,0, HU,50, NEQ,75,75,50,75,0,0,0,120,20,    ,0, LAA,45,7, ,,,,,,,
AL,25,2005102206,3, OFCL,36, 230N,  860W,100,0, HU,64, NEQ,45,45,25,45,0,0,0,120,20,    ,0, LAA,45,7, ,,,,,,,
AL,25,2005102206,3, OFCL,48, 245N,  835W,95,0, HU,34, NEQ,175,175,100,175,0,0,0,115,20,    ,0, LAA,55,14, ,,,,,,,
AL,25,2005102206,3, OFCL,48, 245N,  835W,95,0, HU,50, NEQ,75,75,50,75,0,0,0,115,20,    ,0, LAA,55,14, ,,,,,,,
AL,25,2005102206,3, OFCL,72, 320N,  740W,55,0, HU,34, NEQ,200,200,150,150,0,0,0,65,20,    ,0, LAA,45,28, ,,,,,,,
AL,25,2005102206,3, OFCL,72, 320N,  740W,55,0, HU,50, NEQ,90,90,90,60,0,0,0,65,20,    ,0, LAA,45,28, ,,,,,,,
AL,25,2005102206,3, OFCL,96, 410N,  640W,55,0, HU,34, NEQ,0,0,0,0,0,0,0,65,20,    ,0, LAA,40,30, ,,,,,,,
AL,25,2005102206,3, OFCL,120, 460N,  540W,55,0, HU,34, NEQ,0,0,0,0,0,0,0,65,20,    ,0, LAA,50,22, ,,,,,,,
AL,25,2005102212,3, OFCL,0, 211N,  870W,100,0, HU,34, NEQ,175,175,120,150,0,0,0,130,0,    ,0, RDK,25,2, ,,,,,,,
AL,25,2005102212,3, OFCL,0, 211N,  870W,100,0, HU,50, NEQ,100,100,75,100,0,0,0,130,0,    ,0, RDK,25,2, ,,,,,,,
AL,25,2005102212,3, OFCL,0, 211N,  870W,100,0, HU,64, NEQ,75,75,60,75,0,0,0,130,0,    ,0, RDK,25,2, ,,,,,,,
AL,25,2005102212,3, OFCL,3, 213N,  870W,100,946, HU,34, NEQ,175,175,120,150,0,0,0,120,0,    ,0, RDK,360,2,           ,  ,12, NEQ,400,325,150,300
AL,25,2005102212,3, OFCL,3, 213N,  870W,100,946, HU,50, NEQ,100,100,75,100,0,0,0,120,0,    ,0, RDK,360,2,           ,  ,12, NEQ,400,325,150,300
AL,25,2005102212,3, OFCL,3, 213N,  870W,100,946, HU,64, NEQ,75,75,60,75,0,0,0,120,0,    ,0, RDK,360,2,           ,  ,12, NEQ,400,325,150,300
AL,25,2005102212,3, OFCL,12, 217N,  870W,95,0, HU,34, NEQ,175,175,120,150,0,0,0,115,0,    ,0, RDK,360,3, ,,,,,,,
AL,25,2005102212,3, OFCL,12, 217N,  870W,95,0, HU,50, NEQ,90,90,60,90,0,0,0,115,0,    ,0, RDK,360,3, ,,,,,,,
AL,25,2005102212,3, OFCL,12, 217N,  870W,95,0, HU,64, NEQ,50,50,30,40,0,0,0,115,0,    ,0, RDK,360,3, ,,,,,,,
AL,25,2005102212,3, OFCL,24, 225N,  865W,100,0, HU,34, NEQ,175,175,100,175,0,0,0,120,0,    ,0, RDK,30,5, ,,,,,,,
AL,25,2005102212,3, OFCL,24, 225N,  865W,100,0, HU,50, NEQ,75,75,50,75,0,0,0,120,0,    ,0, RDK,30,5, ,,,,,,,
AL,25,2005102212,3, OFCL,24, 225N,  865W,100,0, HU,64, NEQ,45,45,30,45,0,0,0,120,0,    ,0, RDK,30,5, ,,,,,,,
AL,25,2005102212,3, OFCL,36, 238N,  848W,100,0, HU,34, NEQ,175,175,100,175,0,0,0,120,0,    ,0, RDK,50,10, ,,,,,,,
AL,25,2005102212,3, OFCL,36, 238N,  848W,100,0, HU,50, NEQ,75,75,50,75,0,0,0,120,0,    ,0, RDK,50,10, ,,,,,,,
AL,25,2005102212,3, OFCL,36, 238N,  848W,100,0, HU,64, NEQ,45,45,30,45,0,0,0,120,0,    ,0, RDK,50,10, ,,,,,,,
AL,25,2005102212,3, OFCL,48, 256N,  822W,90,0, HU,34, NEQ,175,175,100,175,0,0,0,110,0,    ,0, RDK,50,15, ,,,,,,,
AL,25,2005102212,3, OFCL,48, 256N,  822W,90,0, HU,50, NEQ,75,75,50,75,0,0,0,110,0,    ,0, RDK,50,15, ,,,,,,,
AL,25,2005102212,3, OFCL,72, 335N,  720W,55,0, HU,34, NEQ,200,200,150,150,0,0,0,65,0,    ,0, RDK,45,30, ,,,,,,,
AL,25,2005102212,3, OFCL,72, 335N,  720W,55,0, HU,50, NEQ,90,90,90,60,0,0,0,65,0,    ,0, RDK,45,30, ,,,,,,,
AL,25,2005102212,3, OFCL,96, 420N,  600W,55,0, HU,34, NEQ,0,0,0,0,0,0,0,65,0,    ,0, RDK,45,32, ,,,,,,,
AL,25,2005102212,3, OFCL,120, 475N,  475W,55,0, HU,34, NEQ,0,0,0,0,0,0,0,65,0,    ,0, RDK,55,26, ,,,,,,,
AL,25,2005102218,3, OFCL,0, 212N,  871W,85,0, HU,34, NEQ,175,175,120,150,0,0,0,110,75,    ,0, RDK,360,2, ,,,,,,,
AL,25,2005102218,3, OFCL,0, 212N,  871W,85,0, HU,50, NEQ,120,100,75,100,0,0,0,110,75,    ,0, RDK,360,2, ,,,,,,,
AL,25,2005102218,3, OFCL,0, 212N,  871W,85,0, HU,64, NEQ,75,75,50,75,0,0,0,110,75,    ,0, RDK,360,2, ,,,,,,,
AL,25,2005102218,3, OFCL,3, 214N,  871W,85,957, HU,34, NEQ,175,175,120,150,0,0,0,105,75,    ,0, RDK,360,2,           ,  ,12, NEQ,375,300,100,300
AL,25,2005102218,3, OFCL,3, 214N,  871W,85,957, HU,50, NEQ,120,100,75,100,0,0,0,105,75,    ,0, RDK,360,2,           ,  ,12, NEQ,375,300,100,300
AL,25,2005102218,3, OFCL,3, 214N,  871W,85,957, HU,64, NEQ,75,75,50,75,0,0,0,105,75,    ,0, RDK,360,2,           ,  ,12, NEQ,375,300,100,300
AL,25,2005102218,3, OFCL,12, 219N,  868W,95,0, HU,34, NEQ,175,175,120,150,0,0,0,115,75,    ,0, RDK,30,4, ,,,,,,,
AL,25,2005102218,3, OFCL,12, 219N,  868W,95,0, HU,50, NEQ,120,100,75,100,0,0,0,115,75,    ,0, RDK,30,4, ,,,,,,,
AL,25,2005102218,3, OFCL,12, 219N,  868W,95,0, HU,64, NEQ,75,75,50,75,0,0,0,115,75,    ,0, RDK,30,4, ,,,,,,,
AL,25,2005102218,3, OFCL,24, 231N,  857W,100,0, HU,34, NEQ,200,200,125,200,0,0,0,120,75,    ,0, RDK,40,8, ,,,,,,,
AL,25,2005102218,3, OFCL,24, 231N,  857W,100,0, HU,50, NEQ,120,100,75,100,0,0,0,120,75,    ,0, RDK,40,8, ,,,,,,,
AL,25,2005102218,3, OFCL,24, 231N,  857W,100,0, HU,64, NEQ,75,75,50,75,0,0,0,120,75,    ,0, RDK,40,8, ,,,,,,,
AL,25,2005102218,3, OFCL,36, 249N,  835W,95,0, HU,34, NEQ,200,200,125,200,0,0,0,115,75,    ,0, RDK,50,13, ,,,,,,,
AL,25,2005102218,3, OFCL,36, 249N,  835W,95,0, HU,50, NEQ,125,125,60,75,0,0,0,115,75,    ,0, RDK,50,13, ,,,,,,,
AL,25,2005102218,3, OFCL,36, 249N,  835W,95,0, HU,64, NEQ,75,75,40,50,0,0,0,115,75,    ,0, RDK,50,13, ,,,,,,,
AL,25,2005102218,3, OFCL,48, 278N,  796W,80,0, HU,34, NEQ,200,225,125,150,0,0,0,100,75,    ,0, RDK,50,23, ,,,,,,,
AL,25,2005102218,3, OFCL,48, 278N,  796W,80,0, HU,50, NEQ,125,125,60,75,0,0,0,100,75,    ,0, RDK,50,23, ,,,,,,,
AL,25,2005102218,3, OFCL,72, 380N,  690W,55,0, HU,34, NEQ,200,225,125,150,0,0,0,65,75,    ,0, RDK,40,34, ,,,,,,,
AL,25,2005102218,3, OFCL,72, 380N,  690W,55,0, HU,50, NEQ,125,125,60,75,0,0,0,65,75,    ,0, RDK,40,34, ,,,,,,,
AL,25,2005102218,3, OFCL,96, 450N,  580W,55,0, HU,34, NEQ,0,0,0,0,0,0,0,65,75,    ,0, RDK,45,27, ,,,,,,,
AL,25,2005102218,3, OFCL,120, 490N,  440W,55,0, HU,34, NEQ,0,0,0,0,0,0,0,65,75,    ,0, RDK,60,26, ,,,,,,,
AL,25,2005102300,3, OFCL,0, 216N,  870W,85,0, HU,34, NEQ,175,175,120,150,0,0,0,105,70,    ,0, JLB,10,3, ,,,,,,,
AL,25,2005102300,3, OFCL,0, 216N,  870W,85,0, HU,50, NEQ,100,90,75,90,0,0,0,105,70,    ,0, JLB,10,3, ,,,,,,,
AL,25,2005102300,3, OFCL,0, 216N,  870W,85,0, HU,64, NEQ,60,60,50,60,0,0,0,105,70,    ,0, JLB,10,3, ,,,,,,,
AL,25,2005102300,3, OFCL,3, 218N,  869W,85,959, HU,34, NEQ,175,175,120,150,0,0,0,105,70,    ,0, JLB,10,3,           ,  ,12, NEQ,350,300,125,300
AL,25,2005102300,3, OFCL,3, 218N,  869W,85,959, HU,50, NEQ,100,90,75,90,0,0,0,105,70,    ,0, JLB,10,3,           ,  ,12, NEQ,350,300,125,300
AL,25,2005102300,3, OFCL,3, 218N,  869W,85,959, HU,64, NEQ,60,60,50,60,0,0,0,105,70,    ,0, JLB,10,3,           ,  ,12, NEQ,350,300,125,300
AL,25,2005102300,3, OFCL,12, 225N,  863W,90,0, HU,34, NEQ,175,175,120,150,0,0,0,110,70,    ,0, JLB,40,6, ,,,,,,,
AL,25,2005102300,3, OFCL,12, 225N,  863W,90,0, HU,50, NEQ,100,90,75,90,0,0,0,110,70,    ,0, JLB,40,6, ,,,,,,,
AL,25,2005102300,3, OFCL,12, 225N,  863W,90,0, HU,64, NEQ,60,60,50,60,0,0,0,110,70,    ,0, JLB,40,6, ,,,,,,,
AL,25,2005102300,3, OFCL,24, 240N,  846W,100,0, HU,34, NEQ,200,200,125,200,0,0,0,120,70,    ,0, JLB,45,11, ,,,,,,,
AL,25,2005102300,3, OFCL,24, 240N,  846W,100,0, HU,50, NEQ,120,100,75,100,0,0,0,120,70,    ,0, JLB,45,11, ,,,,,,,
AL,25,2005102300,3, OFCL,24, 240N,  846W,100,0, HU,64, NEQ,75,75,50,75,0,0,0,120,70,    ,0, JLB,45,11, ,,,,,,,
AL,25,2005102300,3, OFCL,36, 263N,  815W,90,0, HU,34, NEQ,200,225,125,150,0,0,0,110,70,    ,0, JLB,50,18, ,,,,,,,
AL,25,2005102300,3, OFCL,36, 263N,  815W,90,0, HU,50, NEQ,125,125,60,75,0,0,0,110,70,    ,0, JLB,50,18, ,,,,,,,
AL,25,2005102300,3, OFCL,36, 263N,  815W,90,0, HU,64, NEQ,75,75,50,50,0,0,0,110,70,    ,0, JLB,50,18, ,,,,,,,
AL,25,2005102300,3, OFCL,48, 305N,  770W,75,0, HU,34, NEQ,200,225,125,150,0,0,0,90,70,    ,0, JLB,40,29, ,,,,,,,
AL,25,2005102300,3, OFCL,48, 305N,  770W,75,0, HU,50, NEQ,125,125,60,75,0,0,0,90,70,    ,0, JLB,40,29, ,,,,,,,
AL,25,2005102300,3, OFCL,72, 410N,  660W,55,0, HU,34, NEQ,200,225,125,150,0,0,0,65,70,    ,0, JLB,35,34, ,,,,,,,
AL,25,2005102300,3, OFCL,72, 410N,  660W,55,0, HU,50, NEQ,125,125,60,75,0,0,0,65,70,    ,0, JLB,35,34, ,,,,,,,
AL,25,2005102300,3, OFCL,96, 460N,  550W,55,0, HU,34, NEQ,0,0,0,0,0,0,0,65,70,    ,0, JLB,55,24, ,,,,,,,
AL,25,2005102300,3, OFCL,120, 460N,  420W,55,0, HU,34, NEQ,0,0,0,0,0,0,0,65,70,    ,0, JLB,85,23, ,,,,,,,
AL,25,2005102306,3, OFCL,0, 218N,  868W,85,0, HU,34, NEQ,175,175,125,175,0,0,0,105,0,    ,0, RJP,45,3, ,,,,,,,
AL,25,2005102306,3, OFCL,0, 218N,  868W,85,0, HU,50, NEQ,100,100,75,90,0,0,0,105,0,    ,0, RJP,45,3, ,,,,,,,
AL,25,2005102306,3, OFCL,0, 218N,  868W,85,0, HU,64, NEQ,60,60,40,40,0,0,0,105,0,    ,0, RJP,45,3, ,,,,,,,
AL,25,2005102306,3, OFCL,3, 221N,  866W,85,960, HU,34, NEQ,175,175,125,175,0,0,0,105,0,    ,0, RJP,45,3,           ,  ,12, NEQ,350,300,125,300
AL,25,2005102306,3, OFCL,3, 221N,  866W,85,960, HU,50, NEQ,100,100,75,90,0,0,0,105,0,    ,0, RJP,45,3,           ,  ,12, NEQ,350,300,125,300
AL,25,2005102306,3, OFCL,3, 221N,  866W,85,960, HU,64, NEQ,60,60,40,40,0,0,0,105,0,    ,0, RJP,45,3,           ,  ,12, NEQ,350,300,125,300
AL,25,2005102306,3, OFCL,12, 230N,  855W,90,0, HU,34, NEQ,175,175,125,175,0,0,0,110,0,    ,0, RJP,50,9, ,,,,,,,
AL,25,2005102306,3, OFCL,12, 230N,  855W,90,0, HU,50, NEQ,100,100,75,90,0,0,0,110,0,    ,0, RJP,50,9, ,,,,,,,
AL,25,2005102306,3, OFCL,12, 230N,  855W,90,0, HU,64, NEQ,60,60,40,40,0,0,0,110,0,    ,0, RJP,50,9, ,,,,,,,
AL,25,2005102306,3, OFCL,24, 247N,  833W,85,0, HU,34, NEQ,200,200,125,150,0,0,0,105,0,    ,0, RJP,50,13, ,,,,,,,
AL,25,2005102306,3, OFCL,24, 247N,  833W,85,0, HU,50, NEQ,125,100,75,75,0,0,0,105,0,    ,0, RJP,50,13, ,,,,,,,
AL,25,2005102306,3, OFCL,24, 247N,  833W,85,0, HU,64, NEQ,75,75,50,50,0,0,0,105,0,    ,0, RJP,50,13, ,,,,,,,
AL,25,2005102306,3, OFCL,36, 274N,  795W,65,0, HU,34, NEQ,200,225,125,150,0,0,0,80,0,    ,0, RJP,50,22, ,,,,,,,
AL,25,2005102306,3, OFCL,36, 274N,  795W,65,0, HU,50, NEQ,125,125,60,75,0,0,0,80,0,    ,0, RJP,50,22, ,,,,,,,
AL,25,2005102306,3, OFCL,36, 274N,  795W,65,0, HU,64, NEQ,75,75,50,50,0,0,0,80,0,    ,0, RJP,50,22, ,,,,,,,
AL,25,2005102306,3, OFCL,48, 325N,  745W,60,0, HU,34, NEQ,200,225,125,150,0,0,0,75,0,    ,0, RJP,40,33, ,,,,,,,
AL,25,2005102306,3, OFCL,48, 325N,  745W,60,0, HU,50, NEQ,125,125,60,75,0,0,0,75,0,    ,0, RJP,40,33, ,,,,,,,
AL,25,2005102306,3, OFCL,72, 430N,  660W,55,0, HU,34, NEQ,200,225,125,150,0,0,0,65,0,    ,0, RJP,30,31, ,,,,,,,
AL,25,2005102306,3, OFCL,72, 430N,  660W,55,0, HU,50, NEQ,125,125,60,75,0,0,0,65,0,    ,0, RJP,30,31, ,,,,,,,
AL,25,2005102306,3, OFCL,96, 475N,  590W,55,0, HU,34, NEQ,0,0,0,0,0,0,0,65,0,    ,0, RJP,45,17, ,,,,,,,
AL,25,2005102306,3, OFCL,120, 490N,  490W,55,0, HU,34, NEQ,0,0,0,0,0,0,0,65,0,    ,0, RJP,75,17, ,,,,,,,
AL,25,2005102312,3, OFCL,0, 224N,  861W,85,0, HU,34, NEQ,175,175,125,175,0,0,0,105,65,    ,0, RDK,45,9, ,,,,,,,
AL,25,2005102312,3, OFCL,0, 224N,  861W,85,0, HU,50, NEQ,100,100,75,90,0,0,0,105,65,    ,0, RDK,45,9, ,,,,,,,
AL,25,2005102312,3, OFCL,0, 224N,  861W,85,0, HU,64, NEQ,60,60,40,40,0,0,0,105,65,    ,0, RDK,45,9, ,,,,,,,
AL,25,2005102312,3, OFCL,3, 227N,  858W,85,961, HU,34, NEQ,175,175,125,175,0,0,0,105,65,    ,0, RDK,45,7,           ,  ,12, NEQ,325,300,150,300
AL,25,2005102312,3, OFCL,3, 227N,  858W,85,961, HU,50, NEQ,100,100,75,90,0,0,0,105,65,    ,0, RDK,45,7,           ,  ,12, NEQ,325,300,150,300
AL,25,2005102312,3, OFCL,3, 227N,  858W,85,961, HU,64, NEQ,60,60,40,40,0,0,0,105,65,    ,0, RDK,45,7,           ,  ,12, NEQ,325,300,150,300
AL,25,2005102312,3, OFCL,12, 237N,  845W,95,0, HU,34, NEQ,175,200,175,175,0,0,0,115,65,    ,0, RDK,50,10, ,,,,,,,
AL,25,2005102312,3, OFCL,12, 237N,  845W,95,0, HU,50, NEQ,100,120,90,90,0,0,0,115,65,    ,0, RDK,50,10, ,,,,,,,
AL,25,2005102312,3, OFCL,12, 237N,  845W,95,0, HU,64, NEQ,75,75,60,50,0,0,0,115,65,    ,0, RDK,50,10, ,,,,,,,
AL,25,2005102312,3, OFCL,24, 258N,  815W,90,0, HU,34, NEQ,200,200,200,175,0,0,0,110,65,    ,0, RDK,50,17, ,,,,,,,
AL,25,2005102312,3, OFCL,24, 258N,  815W,90,0, HU,50, NEQ,120,120,100,90,0,0,0,110,65,    ,0, RDK,50,17, ,,,,,,,
AL,25,2005102312,3, OFCL,24, 258N,  815W,90,0, HU,64, NEQ,75,75,75,50,0,0,0,110,65,    ,0, RDK,50,17, ,,,,,,,
AL,25,2005102312,3, OFCL,36, 295N,  773W,70,0, HU,34, NEQ,200,225,150,150,0,0,0,85,65,    ,0, RDK,45,26, ,,,,,,,
AL,25,2005102312,3, OFCL,36, 295N,  773W,70,0, HU,50, NEQ,125,150,90,75,0,0,0,85,65,    ,0, RDK,45,26, ,,,,,,,
AL,25,2005102312,3, OFCL,36, 295N,  773W,70,0, HU,64, NEQ,75,75,75,50,0,0,0,85,65,    ,0, RDK,45,26, ,,,,,,,
AL,25,2005102312,3, OFCL,48, 351N,  724W,60,0, HU,34, NEQ,200,250,125,150,0,0,0,75,65,    ,0, RDK,35,35, ,,,,,,,
AL,25,2005102312,3, OFCL,48, 351N,  724W,60,0, HU,50, NEQ,125,150,70,90,0,0,0,75,65,    ,0, RDK,35,35, ,,,,,,,
AL,25,2005102312,3, OFCL,72, 450N,  640W,55,0, HU,34, NEQ,200,250,125,150,0,0,0,65,65,    ,0, RDK,30,29, ,,,,,,,
AL,25,2005102312,3, OFCL,72, 450N,  640W,55,0, HU,50, NEQ,125,150,70,90,0,0,0,65,65,    ,0, RDK,30,29, ,,,,,,,
AL,25,2005102312,3, OFCL,96, 485N,  550W,55,0, HU,34, NEQ,0,0,0,0,0,0,0,65,65,    ,0, RDK,55,18, ,,,,,,,
AL,25,2005102312,3, OFCL,120, 500N,  450W,55,0, HU,34, NEQ,0,0,0,0,0,0,0,65,65,    ,0, RDK,75,17, ,,,,,,,
AL,25,2005102318,3, OFCL,0, 231N,  854W,90,0, HU,34, NEQ,200,200,150,150,0,0,0,105,55,    ,0, RDK,45,10, ,,,,,,,
AL,25,2005102318,3, OFCL,0, 231N,  854W,90,0, HU,50, NEQ,125,125,90,90,0,0,0,105,55,    ,0, RDK,45,10, ,,,,,,,
AL,25,2005102318,3, OFCL,0, 231N,  854W,90,0, HU,64, NEQ,65,75,50,50,0,0,0,105,55,    ,0, RDK,45,10, ,,,,,,,
AL,25,2005102318,3, OFCL,3, 235N,  849W,90,961, HU,34, NEQ,200,200,150,150,0,0,0,110,55,    ,0, RDK,45,12,           ,  ,12, NEQ,325,300,175,325
AL,25,2005102318,3, OFCL,3, 235N,  849W,90,961, HU,50, NEQ,125,125,90,90,0,0,0,110,55,    ,0, RDK,45,12,           ,  ,12, NEQ,325,300,175,325
AL,25,2005102318,3, OFCL,3, 235N,  849W,90,961, HU,64, NEQ,65,75,50,50,0,0,0,110,55,    ,0, RDK,45,12,           ,  ,12, NEQ,325,300,175,325
AL,25,2005102318,3, OFCL,12, 248N,  832W,95,0, HU,34, NEQ,200,225,175,175,0,0,0,115,55,    ,0, RDK,50,13, ,,,,,,,
AL,25,2005102318,3, OFCL,12, 248N,  832W,95,0, HU,50, NEQ,125,125,100,90,0,0,0,115,55,    ,0, RDK,50,13, ,,,,,,,
AL,25,2005102318,3, OFCL,12, 248N,  832W,95,0, HU,64, NEQ,70,85,60,50,0,0,0,115,55,    ,0, RDK,50,13, ,,,,,,,
AL,25,2005102318,3, OFCL,24, 276N,  793W,75,0, HU,34, NEQ,200,225,200,175,0,0,0,90,55,    ,0, RDK,50,22, ,,,,,,,
AL,25,2005102318,3, OFCL,24, 276N,  793W,75,0, HU,50, NEQ,125,150,125,75,0,0,0,90,55,    ,0, RDK,50,22, ,,,,,,,
AL,25,2005102318,3, OFCL,24, 276N,  793W,75,0, HU,64, NEQ,70,85,60,30,0,0,0,90,55,    ,0, RDK,50,22, ,,,,,,,
AL,25,2005102318,3, OFCL,36, 322N,  745W,65,0, HU,34, NEQ,225,250,225,125,0,0,0,80,55,    ,0, RDK,40,31, ,,,,,,,
AL,25,2005102318,3, OFCL,36, 322N,  745W,65,0, HU,50, NEQ,100,175,75,50,0,0,0,80,55,    ,0, RDK,40,31, ,,,,,,,
AL,25,2005102318,3, OFCL,36, 322N,  745W,65,0, HU,64, NEQ,30,60,30,0,0,0,0,80,55,    ,0, RDK,40,31, ,,,,,,,
AL,25,2005102318,3, OFCL,48, 385N,  685W,60,0, HU,34, NEQ,200,250,175,125,0,0,0,75,55,    ,0, RDK,35,40, ,,,,,,,
AL,25,2005102318,3, OFCL,48, 385N,  685W,60,0, HU,50, NEQ,100,175,75,50,0,0,0,75,55,    ,0, RDK,35,40, ,,,,,,,
AL,25,2005102318,3, OFCL,72, 465N,  615W,55,0, HU,34, NEQ,200,250,175,125,0,0,0,65,55,    ,0, RDK,30,24, ,,,,,,,
AL,25,2005102318,3, OFCL,72, 465N,  615W,55,0, HU,50, NEQ,100,175,75,50,0,0,0,65,55,    ,0, RDK,30,24, ,,,,,,,
AL,25,2005102318,3, OFCL,96, 490N,  530W,55,0, HU,34, NEQ,0,0,0,0,0,0,0,65,55,    ,0, RDK,65,16, ,,,,,,,
AL,25,2005102318,3, OFCL,120, 500N,  425W,55,0, HU,34, NEQ,0,0,0,0,0,0,0,65,55,    ,0, RDK,80,17, ,,,,,,,
AL,25,2005102400,3, OFCL,0, 239N,  844W,95,0, HU,34, NEQ,200,200,150,150,0,0,0,115,45,    ,0, SRS,50,13, ,,,,,,,
AL,25,2005102400,3, OFCL,0, 239N,  844W,95,0, HU,50, NEQ,125,125,90,90,0,0,0,115,45,    ,0, SRS,50,13, ,,,,,,,
AL,25,2005102400,3, OFCL,0, 239N,  844W,95,0, HU,64, NEQ,65,75,50,50,0,0,0,115,45,    ,0, SRS,50,13, ,,,,,,,
AL,25,2005102400,3, OFCL,3, 244N,  837W,100,958, HU,34, NEQ,200,200,150,150,0,0,0,120,45,    ,0, SRS,50,16,           ,  ,12, NEQ,325,300,200,325
AL,25,2005102400,3, OFCL,3, 244N,  837W,100,958, HU,50, NEQ,125,125,90,90,0,0,0,120,45,    ,0, SRS,50,16,           ,  ,12, NEQ,325,300,200,325
AL,25,2005102400,3, OFCL,3, 244N,  837W,100,958, HU,64, NEQ,65,75,50,50,0,0,0,120,45,    ,0, SRS,50,16,           ,  ,12, NEQ,325,300,200,325
AL,25,2005102400,3, OFCL,12, 262N,  812W,100,0, HU,34, NEQ,200,225,175,175,0,0,0,120,45,    ,0, SRS,50,19, ,,,,,,,
AL,25,2005102400,3, OFCL,12, 262N,  812W,100,0, HU,50, NEQ,125,125,100,90,0,0,0,120,45,    ,0, SRS,50,19, ,,,,,,,
AL,25,2005102400,3, OFCL,12, 262N,  812W,100,0, HU,64, NEQ,70,85,60,50,0,0,0,120,45,    ,0, SRS,50,19, ,,,,,,,
AL,25,2005102400,3, OFCL,24, 302N,  763W,75,0, HU,34, NEQ,200,225,200,175,0,0,0,90,45,    ,0, SRS,45,29, ,,,,,,,
AL,25,2005102400,3, OFCL,24, 302N,  763W,75,0, HU,50, NEQ,125,150,125,75,0,0,0,90,45,    ,0, SRS,45,29, ,,,,,,,
AL,25,2005102400,3, OFCL,24, 302N,  763W,75,0, HU,64, NEQ,70,85,60,30,0,0,0,90,45,    ,0, SRS,45,29, ,,,,,,,
AL,25,2005102400,3, OFCL,36, 365N,  699W,65,0, HU,34, NEQ,225,250,225,125,0,0,0,80,45,    ,0, SRS,40,41, ,,,,,,,
AL,25,2005102400,3, OFCL,36, 365N,  699W,65,0, HU,50, NEQ,100,175,75,50,0,0,0,80,45,    ,0, SRS,40,41, ,,,,,,,
AL,25,2005102400,3, OFCL,36, 365N,  699W,65,0, HU,64, NEQ,30,60,30,0,0,0,0,80,45,    ,0, SRS,40,41, ,,,,,,,
AL,25,2005102400,3, OFCL,48, 429N,  647W,60,0, HU,34, NEQ,200,250,175,125,0,0,0,75,45,    ,0, SRS,30,38, ,,,,,,,
AL,25,2005102400,3, OFCL,48, 429N,  647W,60,0, HU,50, NEQ,100,175,75,50,0,0,0,75,45,    ,0, SRS,30,38, ,,,,,,,
AL,25,2005102400,3, OFCL,72, 480N,  600W,55,0, HU,34, NEQ,200,250,175,125,0,0,0,65,45,    ,0, SRS,30,15, ,,,,,,,
AL,25,2005102400,3, OFCL,72, 480N,  600W,55,0, HU,50, NEQ,100,175,75,50,0,0,0,65,45,    ,0, SRS,30,15, ,,,,,,,
AL,25,2005102400,3, OFCL,96, 495N,  495W,55,0, HU,34, NEQ,0,0,0,0,0,0,0,65,45,    ,0, SRS,75,18, ,,,,,,,
AL,25,2005102400,3, OFCL,120, 500N,  380W,55,0, HU,34, NEQ,0,0,0,0,0,0,0,65,45,    ,0, SRS,80,19, ,,,,,,,
AL,25,2005102406,3, OFCL,0, 250N,  831W,105,0, HU,34, NEQ,200,200,175,150,0,0,0,120,65,    ,0, RJP,45,16, ,,,,,,,
AL,25,2005102406,3, OFCL,0, 250N,  831W,105,0, HU,50, NEQ,125,125,125,90,0,0,0,120,65,    ,0, RJP,45,16, ,,,,,,,
AL,25,2005102406,3, OFCL,0, 250N,  831W,105,0, HU,64, NEQ,75,80,75,50,0,0,0,120,65,    ,0, RJP,45,16, ,,,,,,,
AL,25,2005102406,3, OFCL,3, 255N,  824W,105,952, HU,34, NEQ,200,200,175,150,0,0,0,130,65,    ,0, RJP,50,17,           ,  ,12, NEQ,325,300,200,325
AL,25,2005102406,3, OFCL,3, 255N,  824W,105,952, HU,50, NEQ,125,125,125,90,0,0,0,130,65,    ,0, RJP,50,17,           ,  ,12, NEQ,325,300,200,325
AL,25,2005102406,3, OFCL,3, 255N,  824W,105,952, HU,64, NEQ,75,80,75,50,0,0,0,130,65,    ,0, RJP,50,17,           ,  ,12, NEQ,325,300,200,325
AL,25,2005102406,3, OFCL,12, 279N,  790W,85,0, HU,34, NEQ,200,225,175,175,0,0,0,105,65,    ,0, RJP,50,26, ,,,,,,,
AL,25,2005102406,3, OFCL,12, 279N,  790W,85,0, HU,50, NEQ,125,125,100,90,0,0,0,105,65,    ,0, RJP,50,26, ,,,,,,,
AL,25,2005102406,3, OFCL,12, 279N,  790W,85,0, HU,64, NEQ,70,85,75,50,0,0,0,105,65,    ,0, RJP,50,26, ,,,,,,,
AL,25,2005102406,3, OFCL,24, 329N,  731W,75,0, HU,34, NEQ,200,225,200,175,0,0,0,90,65,    ,0, RJP,45,36, ,,,,,,,
AL,25,2005102406,3, OFCL,24, 329N,  731W,75,0, HU,50, NEQ,125,150,125,75,0,0,0,90,65,    ,0, RJP,45,36, ,,,,,,,
AL,25,2005102406,3, OFCL,24, 329N,  731W,75,0, HU,64, NEQ,70,85,60,30,0,0,0,90,65,    ,0, RJP,45,36, ,,,,,,,
AL,25,2005102406,3, OFCL,36, 390N,  665W,60,0, HU,34, NEQ,225,250,225,125,0,0,0,75,65,    ,0, RJP,40,41, ,,,,,,,
AL,25,2005102406,3, OFCL,36, 390N,  665W,60,0, HU,50, NEQ,100,175,75,50,0,0,0,75,65,    ,0, RJP,40,41, ,,,,,,,
AL,25,2005102406,3, OFCL,48, 440N,  600W,60,0, HU,34, NEQ,200,250,175,125,0,0,0,75,65,    ,0, RJP,40,35, ,,,,,,,
AL,25,2005102406,3, OFCL,48, 440N,  600W,60,0, HU,50, NEQ,100,175,75,50,0,0,0,75,65,    ,0, RJP,40,35, ,,,,,,,
AL,25,2005102406,3, OFCL,72, 475N,  510W,55,0, HU,34, NEQ,200,250,175,125,0,0,0,65,65,    ,0, RJP,60,18, ,,,,,,,
AL,25,2005102406,3, OFCL,72, 475N,  510W,55,0, HU,50, NEQ,100,175,75,50,0,0,0,65,65,    ,0, RJP,60,18, ,,,,,,,
AL,25,2005102406,3, OFCL,96, 480N,  400W,55,0, HU,34, NEQ,0,0,0,0,0,0,0,65,65,    ,0, RJP,80,19, ,,,,,,,
AL,25,2005102406,3, OFCL,120, 480N,  290W,50,0, HU,34, NEQ,0,0,0,0,0,0,0,60,65,    ,0, RJP,85,18, ,,,,,,,
AL,25,2005102412,3, OFCL,0, 262N,  810W,100,0, HU,34, NEQ,200,225,200,150,0,0,0,115,60,    ,0, RDK,55,22, ,,,,,,,
AL,25,2005102412,3, OFCL,0, 262N,  810W,100,0, HU,50, NEQ,125,150,100,90,0,0,0,115,60,    ,0, RDK,55,22, ,,,,,,,
AL,25,2005102412,3, OFCL,0, 262N,  810W,100,0, HU,64, NEQ,75,90,75,40,0,0,0,115,60,    ,0, RDK,55,22, ,,,,,,,
AL,25,2005102412,3, OFCL,7, 281N,  788W,100,955, HU,34, NEQ,200,225,200,150,0,0,0,115,60,    ,0, RDK,45,25,           ,  ,12, NEQ,325,300,200,200
AL,25,2005102412,3, OFCL,7, 281N,  788W,100,955, HU,50, NEQ,125,150,100,90,0,0,0,115,60,    ,0, RDK,45,25,           ,  ,12, NEQ,325,300,200,200
AL,25,2005102412,3, OFCL,7, 281N,  788W,100,955, HU,64, NEQ,75,90,75,40,0,0,0,115,60,    ,0, RDK,45,25,           ,  ,12, NEQ,325,300,200,200
AL,25,2005102412,3, OFCL,12, 303N,  758W,95,0, HU,34, NEQ,200,225,200,175,0,0,0,115,60,    ,0, RDK,50,41, ,,,,,,,
AL,25,2005102412,3, OFCL,12, 303N,  758W,95,0, HU,50, NEQ,125,150,125,75,0,0,0,115,60,    ,0, RDK,50,41, ,,,,,,,
AL,25,2005102412,3, OFCL,12, 303N,  758W,95,0, HU,64, NEQ,70,85,60,30,0,0,0,115,60,    ,0, RDK,50,41, ,,,,,,,
AL,25,2005102412,3, OFCL,24, 361N,  689W,75,0, HU,34, NEQ,225,250,225,125,0,0,0,90,60,    ,0, RDK,45,41, ,,,,,,,
AL,25,2005102412,3, OFCL,24, 361N,  689W,75,0, HU,50, NEQ,100,175,75,50,0,0,0,90,60,    ,0, RDK,45,41, ,,,,,,,
AL,25,2005102412,3, OFCL,24, 361N,  689W,75,0, HU,64, NEQ,60,85,40,20,0,0,0,90,60,    ,0, RDK,45,41, ,,,,,,,
AL,25,2005102412,3, OFCL,36, 421N,  616W,60,0, HU,34, NEQ,200,250,175,125,0,0,0,75,60,    ,0, RDK,40,41, ,,,,,,,
AL,25,2005102412,3, OFCL,36, 421N,  616W,60,0, HU,50, NEQ,100,175,75,50,0,0,0,75,60,    ,0, RDK,40,41, ,,,,,,,
AL,25,2005102412,3, OFCL,48, 449N,  557W,60,0, HU,34, NEQ,200,250,175,125,0,0,0,75,60,    ,0, RDK,55,26, ,,,,,,,
AL,25,2005102412,3, OFCL,48, 449N,  557W,60,0, HU,50, NEQ,100,175,75,50,0,0,0,75,60,    ,0, RDK,55,26, ,,,,,,,
AL,25,2005102412,3, OFCL,72, 465N,  440W,55,0, HU,34, NEQ,200,250,175,125,0,0,0,65,60,    ,0, RDK,75,21, ,,,,,,,
AL,25,2005102412,3, OFCL,72, 465N,  440W,55,0, HU,50, NEQ,100,175,75,50,0,0,0,65,60,    ,0, RDK,75,21, ,,,,,,,
AL,25,2005102412,3, OFCL,96, 475N,  360W,55,0, HU,34, NEQ,0,0,0,0,0,0,0,65,60,    ,0, RDK,75,14, ,,,,,,,
AL,25,2005102412,3, OFCL,120, 490N,  250W,50,0, HU,34, NEQ,0,0,0,0,0,0,0,60,60,    ,0, RDK,75,19, ,,,,,,,
AL,25,2005102418,3, OFCL,0, 279N,  789W,105,0, HU,34, NEQ,200,225,200,150,0,0,0,120,50,    ,0, RDK,45,25, ,,,,,,,
AL,25,2005102418,3, OFCL,0, 279N,  789W,105,0, HU,50, NEQ,125,150,100,90,0,0,0,120,50,    ,0, RDK,45,25, ,,,,,,,
AL,25,2005102418,3, OFCL,0, 279N,  789W,105,0, HU,64, NEQ,75,90,75,40,0,0,0,120,50,    ,0, RDK,45,25, ,,,,,,,
AL,25,2005102418,3, OFCL,3, 290N,  774W,105,954, HU,34, NEQ,200,225,200,150,0,0,0,125,50,    ,0, RDK,45,32,           ,  ,12, NEQ,325,300,200,200
AL,25,2005102418,3, OFCL,3, 290N,  774W,105,954, HU,50, NEQ,125,150,100,90,0,0,0,125,50,    ,0, RDK,45,32,           ,  ,12, NEQ,325,300,200,200
AL,25,2005102418,3, OFCL,3, 290N,  774W,105,954, HU,64, NEQ,75,90,75,40,0,0,0,125,50,    ,0, RDK,45,32,           ,  ,12, NEQ,325,300,200,200
AL,25,2005102418,3, OFCL,12, 331N,  726W,85,0, HU,34, NEQ,200,225,200,175,0,0,0,105,50,    ,0, RDK,45,39, ,,,,,,,
AL,25,2005102418,3, OFCL,12, 331N,  726W,85,0, HU,50, NEQ,125,150,125,75,0,0,0,105,50,    ,0, RDK,45,39, ,,,,,,,
AL,25,2005102418,3, OFCL,12, 331N,  726W,85,0, HU,64, NEQ,70,85,60,30,0,0,0,105,50,    ,0, RDK,45,39, ,,,,,,,
AL,25,2005102418,3, OFCL,24, 394N,  652W,70,0, HU,34, NEQ,225,250,225,125,0,0,0,85,50,    ,0, RDK,40,43, ,,,,,,,
AL,25,2005102418,3, OFCL,24, 394N,  652W,70,0, HU,50, NEQ,100,175,75,50,0,0,0,85,50,    ,0, RDK,40,43, ,,,,,,,
AL,25,2005102418,3, OFCL,24, 394N,  652W,70,0, HU,64, NEQ,60,85,40,20,0,0,0,85,50,    ,0, RDK,40,43, ,,,,,,,
AL,25,2005102418,3, OFCL,36, 431N,  582W,60,0, HU,34, NEQ,200,250,175,125,0,0,0,75,50,    ,0, RDK,55,32, ,,,,,,,
AL,25,2005102418,3, OFCL,36, 431N,  582W,60,0, HU,50, NEQ,100,175,75,50,0,0,0,75,50,    ,0, RDK,55,32, ,,,,,,,
AL,25,2005102418,3, OFCL,48, 450N,  530W,55,0, HU,34, NEQ,200,250,175,125,0,0,0,65,50,    ,0, RDK,60,21, ,,,,,,,
AL,25,2005102418,3, OFCL,48, 450N,  530W,55,0, HU,50, NEQ,100,175,75,50,0,0,0,65,50,    ,0, RDK,60,21, ,,,,,,,
AL,25,2005102418,3, OFCL,72, 461N,  425W,55,0, HU,34, NEQ,200,250,175,125,0,0,0,65,50,    ,0, RDK,80,19, ,,,,,,,
AL,25,2005102418,3, OFCL,72, 461N,  425W,55,0, HU,50, NEQ,100,175,75,50,0,0,0,65,50,    ,0, RDK,80,19, ,,,,,,,
AL,25,2005102418,3, OFCL,96, 475N,  330W,50,0, HU,34, NEQ,0,0,0,0,0,0,0,60,50,    ,0, RDK,75,17, ,,,,,,,
AL,25,2005102418,3, OFCL,120, 515N,  225W,50,0, HU,34, NEQ,0,0,0,0,0,0,0,60,50,    ,0, RDK,55,20, ,,,,,,,
AL,25,2005102500,3, OFCL,0, 302N,  760W,110,0, HU,34, NEQ,200,225,200,150,0,0,0,135,60,    ,0, SRS,45,33, ,,,,,,,
AL,25,2005102500,3, OFCL,0, 302N,  760W,110,0, HU,50, NEQ,125,150,100,90,0,0,0,135,60,    ,0, SRS,45,33, ,,,,,,,
AL,25,2005102500,3, OFCL,0, 302N,  760W,110,0, HU,64, NEQ,75,90,75,40,0,0,0,135,60,    ,0, SRS,45,33, ,,,,,,,
AL,25,2005102500,3, OFCL,3, 316N,  743W,110,959, HU,34, NEQ,200,225,200,150,0,0,0,135,60,    ,0, SRS,45,41,           ,  ,12, NEQ,325,350,300,200
AL,25,2005102500,3, OFCL,3, 316N,  743W,110,959, HU,50, NEQ,125,150,100,90,0,0,0,135,60,    ,0, SRS,45,41,           ,  ,12, NEQ,325,350,300,200
AL,25,2005102500,3, OFCL,3, 316N,  743W,110,959, HU,64, NEQ,75,90,75,40,0,0,0,135,60,    ,0, SRS,45,41,           ,  ,12, NEQ,325,350,300,200
AL,25,2005102500,3, OFCL,12, 361N,  689W,95,0, HU,34, NEQ,200,225,200,150,0,0,0,115,60,    ,0, SRS,45,42, ,,,,,,,
AL,25,2005102500,3, OFCL,12, 361N,  689W,95,0, HU,50, NEQ,125,150,100,90,0,0,0,115,60,    ,0, SRS,45,42, ,,,,,,,
AL,25,2005102500,3, OFCL,12, 361N,  689W,95,0, HU,64, NEQ,75,90,75,40,0,0,0,115,60,    ,0, SRS,45,42, ,,,,,,,
AL,25,2005102500,3, OFCL,24, 412N,  613W,70,0, HU,34, NEQ,225,250,200,125,0,0,0,85,60,    ,0, SRS,45,39, ,,,,,,,
AL,25,2005102500,3, OFCL,24, 412N,  613W,70,0, HU,50, NEQ,100,175,100,50,0,0,0,85,60,    ,0, SRS,45,39, ,,,,,,,
AL,25,2005102500,3, OFCL,24, 412N,  613W,70,0, HU,64, NEQ,60,80,40,20,0,0,0,85,60,    ,0, SRS,45,39, ,,,,,,,
AL,25,2005102500,3, OFCL,36, 440N,  560W,60,0, HU,34, NEQ,200,250,175,125,0,0,0,75,60,    ,0, SRS,55,24, ,,,,,,,
AL,25,2005102500,3, OFCL,36, 440N,  560W,60,0, HU,50, NEQ,100,175,75,50,0,0,0,75,60,    ,0, SRS,55,24, ,,,,,,,
AL,25,2005102500,3, OFCL,48, 461N,  512W,55,0, HU,34, NEQ,200,250,175,125,0,0,0,65,60,    ,0, SRS,55,20, ,,,,,,,
AL,25,2005102500,3, OFCL,48, 461N,  512W,55,0, HU,50, NEQ,100,175,75,50,0,0,0,65,60,    ,0, SRS,55,20, ,,,,,,,
AL,25,2005102500,3, OFCL,72, 470N,  440W,55,0, HU,34, NEQ,200,250,175,125,0,0,0,65,60,    ,0, SRS,75,13, ,,,,,,,
AL,25,2005102500,3, OFCL,72, 470N,  440W,55,0, HU,50, NEQ,100,175,75,50,0,0,0,65,60,    ,0, SRS,75,13, ,,,,,,,
AL,25,2005102500,3, OFCL,96, 475N,  300W,55,0, HU,34, NEQ,0,0,0,0,0,0,0,65,60,    ,0, SRS,80,24, ,,,,,,,
AL,25,2005102500,3, OFCL,120, 515N,  230W,55,0, HU,34, NEQ,0,0,0,0,0,0,0,65,60,    ,0, SRS,45,15, ,,,,,,,
AL,25,2005102506,3, OFCL,0, 333N,  720W,100,0, HU,34, NEQ,150,275,375,100,0,0,0,120,0,    ,0, JLF,45,46, ,,,,,,,
AL,25,2005102506,3, OFCL,0, 333N,  720W,100,0, HU,50, NEQ,125,150,100,40,0,0,0,120,0,    ,0, JLF,45,46, ,,,,,,,
AL,25,2005102506,3, OFCL,0, 333N,  720W,100,0, HU,64, NEQ,75,90,60,20,0,0,0,120,0,    ,0, JLF,45,46, ,,,,,,,
AL,25,2005102506,3, OFCL,3, 348N,  700W,100,965, HU,34, NEQ,150,275,375,100,0,0,0,120,0,    ,0, JLF,50,46,           ,  ,12, NEQ,325,350,300,200
AL,25,2005102506,3, OFCL,3, 348N,  700W,100,965, HU,50, NEQ,125,150,100,40,0,0,0,120,0,    ,0, JLF,50,46,           ,  ,12, NEQ,325,350,300,200
AL,25,2005102506,3, OFCL,3, 348N,  700W,100,965, HU,64, NEQ,75,90,60,20,0,0,0,120,0,    ,0, JLF,50,46,           ,  ,12, NEQ,325,350,300,200
AL,25,2005102506,3, OFCL,12, 389N,  642W,85,0, HU,34, NEQ,150,275,375,100,0,0,0,105,0,    ,0, JLF,45,41, ,,,,,,,
AL,25,2005102506,3, OFCL,12, 389N,  642W,85,0, HU,50, NEQ,125,150,100,20,0,0,0,105,0,    ,0, JLF,45,41, ,,,,,,,
AL,25,2005102506,3, OFCL,12, 389N,  642W,85,0, HU,64, NEQ,60,75,45,0,0,0,0,105,0,    ,0, JLF,45,41, ,,,,,,,
AL,25,2005102506,3, OFCL,24, 430N,  570W,60,0, HU,34, NEQ,250,250,250,200,0,0,0,75,0,    ,0, JLF,50,34, ,,,,,,,
AL,25,2005102506,3, OFCL,24, 430N,  570W,60,0, HU,50, NEQ,100,175,100,50,0,0,0,75,0,    ,0, JLF,50,34, ,,,,,,,
AL,25,2005102506,3, OFCL,36, 450N,  510W,55,0, HU,34, NEQ,250,250,250,200,0,0,0,65,0,    ,0, JLF,65,24, ,,,,,,,
AL,25,2005102506,3, OFCL,36, 450N,  510W,55,0, HU,50, NEQ,100,175,100,50,0,0,0,65,0,    ,0, JLF,65,24, ,,,,,,,
AL,25,2005102506,3, OFCL,48, 460N,  450W,55,0, HU,34, NEQ,225,250,250,200,0,0,0,65,0,    ,0, JLF,75,22, ,,,,,,,
AL,25,2005102506,3, OFCL,48, 460N,  450W,55,0, HU,50, NEQ,100,175,100,50,0,0,0,65,0,    ,0, JLF,75,22, ,,,,,,,
AL,25,2005102506,3, OFCL,72, 460N,  350W,55,0, HU,34, NEQ,225,250,250,200,0,0,0,65,0,    ,0, JLF,85,17, ,,,,,,,
AL,25,2005102506,3, OFCL,72, 460N,  350W,55,0, HU,50, NEQ,100,175,100,50,0,0,0,65,0,    ,0, JLF,85,17, ,,,,,,,
AL,25,2005102506,3, OFCL,96, 470N,  230W,55,0, HU,34, NEQ,0,0,0,0,0,0,0,65,0,    ,0, JLF,80,21, ,,,,,,,
AL,25,2005102506,3, OFCL,120, 550N,  200W,55,0, HU,34, NEQ,0,0,0,0,0,0,0,65,0,    ,0, JLF,10,21, ,,,,,,,
AL,25,2005102512,3, OFCL,0, 368N,  679W,90,0, HU,34, NEQ,200,300,375,175,0,0,0,110,0,    ,0, JLB,45,46, ,,,,,,,
AL,25,2005102512,3, OFCL,0, 368N,  679W,90,0, HU,50, NEQ,125,150,100,75,0,0,0,110,0,    ,0, JLB,45,46, ,,,,,,,
AL,25,2005102512,3, OFCL,0, 368N,  679W,90,0, HU,64, NEQ,75,90,60,40,0,0,0,110,0,    ,0, JLB,45,46, ,,,,,,,
AL,25,2005102512,3, OFCL,3, 385N,  660W,90,970, HU,34, NEQ,200,300,375,175,0,0,0,110,0,    ,0, JLB,45,46,           ,  ,12, NEQ,325,350,500,275
AL,25,2005102512,3, OFCL,3, 385N,  660W,90,970, HU,50, NEQ,125,150,100,75,0,0,0,110,0,    ,0, JLB,45,46,           ,  ,12, NEQ,325,350,500,275
AL,25,2005102512,3, OFCL,3, 385N,  660W,90,970, HU,64, NEQ,75,90,60,40,0,0,0,110,0,    ,0, JLB,45,46,           ,  ,12, NEQ,325,350,500,275
AL,25,2005102512,3, OFCL,12, 423N,  600W,75,0, HU,34, NEQ,200,300,375,175,0,0,0,90,0,    ,0, JLB,50,40, ,,,,,,,
AL,25,2005102512,3, OFCL,12, 423N,  600W,75,0, HU,50, NEQ,125,150,100,75,0,0,0,90,0,    ,0, JLB,50,40, ,,,,,,,
AL,25,2005102512,3, OFCL,12, 423N,  600W,75,0, HU,64, NEQ,60,75,45,45,0,0,0,90,0,    ,0, JLB,50,40, ,,,,,,,
AL,25,2005102512,3, OFCL,24, 449N,  543W,60,0, HU,34, NEQ,250,250,250,200,0,0,0,75,0,    ,0, JLB,55,24, ,,,,,,,
AL,25,2005102512,3, OFCL,24, 449N,  543W,60,0, HU,50, NEQ,100,175,100,50,0,0,0,75,0,    ,0, JLB,55,24, ,,,,,,,
AL,25,2005102512,3, OFCL,36, 460N,  478W,55,0, HU,34, NEQ,250,250,250,200,0,0,0,65,0,    ,0, JLB,75,23, ,,,,,,,
AL,25,2005102512,3, OFCL,36, 460N,  478W,55,0, HU,50, NEQ,100,175,100,50,0,0,0,65,0,    ,0, JLB,75,23, ,,,,,,,
AL,25,2005102512,3, OFCL,48, 460N,  409W,55,0, HU,34, NEQ,225,250,250,200,0,0,0,65,0,    ,0, JLB,90,24, ,,,,,,,
AL,25,2005102512,3, OFCL,48, 460N,  409W,55,0, HU,50, NEQ,100,175,100,50,0,0,0,65,0,    ,0, JLB,90,24, ,,,,,,,
AL,25,2005102512,3, OFCL,72, 460N,  300W,55,0, HU,34, NEQ,225,250,250,200,0,0,0,65,0,    ,0, JLB,85,19, ,,,,,,,
AL,25,2005102512,3, OFCL,72, 460N,  300W,55,0, HU,50, NEQ,100,175,100,50,0,0,0,65,0,    ,0, JLB,85,19, ,,,,,,,
AL,25,2005102512,3, OFCL,96, 500N,  200W,50,0, HU,34, NEQ,0,0,0,0,0,0,0,60,0,    ,0, JLB,55,19, ,,,,,,,
AL,25,2005102518,3, OFCL,0, 403N,  645W,75,0, HU,34, NEQ,200,300,375,175,0,0,0,90,0,    ,0, JLB,45,46, ,,,,,,,
AL,25,2005102518,3, OFCL,0, 403N,  645W,75,0, HU,50, NEQ,125,150,100,75,0,0,0,90,0,    ,0, JLB,45,46, ,,,,,,,
AL,25,2005102518,3, OFCL,0, 403N,  645W,75,0, HU,64, NEQ,60,75,45,45,0,0,0,90,0,    ,0, JLB,45,46, ,,,,,,,
AL,25,2005102518,3, OFCL,3, 417N,  628W,75,976, HU,34, NEQ,200,300,375,175,0,0,0,90,0,    ,0, JLB,45,46,           ,  ,12, NEQ,325,350,500,275
AL,25,2005102518,3, OFCL,3, 417N,  628W,75,976, HU,50, NEQ,125,150,100,75,0,0,0,90,0,    ,0, JLB,45,46,           ,  ,12, NEQ,325,350,500,275
AL,25,2005102518,3, OFCL,3, 417N,  628W,75,976, HU,64, NEQ,60,75,45,45,0,0,0,90,0,    ,0, JLB,45,46,           ,  ,12, NEQ,325,350,500,275
AL,25,2005102518,3, OFCL,12, 445N,  579W,60,0, HU,34, NEQ,250,250,250,200,0,0,0,75,0,    ,0, JLB,50,30, ,,,,,,,
AL,25,2005102518,3, OFCL,12, 445N,  579W,60,0, HU,50, NEQ,100,175,100,50,0,0,0,75,0,    ,0, JLB,50,30, ,,,,,,,
AL,25,2005102518,3, OFCL,24, 460N,  505W,55,0, HU,34, NEQ,250,250,250,200,0,0,0,65,0,    ,0, JLB,70,27, ,,,,,,,
AL,25,2005102518,3, OFCL,24, 460N,  505W,55,0, HU,50, NEQ,100,175,100,50,0,0,0,65,0,    ,0, JLB,70,27, ,,,,,,,
AL,25,2005102518,3, OFCL,36, 460N,  420W,55,0, HU,34, NEQ,225,250,250,200,0,0,0,65,0,    ,0, JLB,85,30, ,,,,,,,
AL,25,2005102518,3, OFCL,36, 460N,  420W,55,0, HU,50, NEQ,100,175,100,50,0,0,0,65,0,    ,0, JLB,85,30, ,,,,,,,
AL,25,2005102518,3, OFCL,48, 460N,  345W,50,0, HU,34, NEQ,225,250,250,200,0,0,0,60,0,    ,0, JLB,85,26, ,,,,,,,
AL,25,2005102518,3, OFCL,48, 460N,  345W,50,0, HU,50, NEQ,100,175,100,50,0,0,0,60,0,    ,0, JLB,85,26, ,,,,,,,
AL,25,2005102518,3, OFCL,72, 460N,  260W,45,0, HU,34, NEQ,225,250,250,200,0,0,0,55,0,    ,0, JLB,85,15, ,,,,,,,