AL,13,2004091918,3, OFCL,0, 132N,  326W,30,1004, TD,34, NEQ,0,0,0,0,0,0,0,40,0,    ,0, MBL,270,10, ,,,,,,,
AL,13,2004091918,3, OFCL,3, 133N,  332W,30,1004, TD,34, NEQ,0,0,0,0,0,0,0,40,0,    ,0, MBL,270,10, ,,,,,,,
AL,13,2004091918,3, OFCL,12, 136N,  348W,35,1004, TD,34, AAA,60,0,0,0,0,0,0,45,0,    ,0, MBL,280,11, ,,,,,,,
AL,13,2004091918,3, OFCL,24, 146N,  372W,40,1004, TD,34, AAA,60,0,0,0,0,0,0,50,0,    ,0, MBL,295,13, ,,,,,,,
AL,13,2004091918,3, OFCL,36, 158N,  393W,45,1004, TD,34, AAA,60,0,0,0,0,0,0,55,0,    ,0, MBL,300,12, ,,,,,,,
AL,13,2004091918,3, OFCL,48, 171N,  415W,45,1004, TD,34, AAA,60,0,0,0,0,0,0,55,0,    ,0, MBL,300,12, ,,,,,,,
AL,13,2004091918,3, OFCL,72, 190N,  440W,45,1004, TD,34, AAA,60,0,0,0,0,0,0,55,0,    ,0, MBL,310,8, ,,,,,,,
AL,13,2004091918,3, OFCL,96, 215N,  460W,40,1004, TD,34, NEQ,0,0,0,0,0,0,0,50,0,    ,0, MBL,325,8, ,,,,,,,
AL,13,2004091918,3, OFCL,120, 250N,  480W,40,1004, TD,34, NEQ,0,0,0,0,0,0,0,50,0,    ,0, MBL,335,10, ,,,,,,,
AL,13,2004092000,3, OFCL,0, 131N,  336W,30,1004, TD,34, NEQ,0,0,0,0,0,0,0,40,0,    ,0, HSM,270,10, ,,,,,,,
AL,13,2004092000,3, OFCL,3, 132N,  341W,30,1004, TD,34, NEQ,0,0,0,0,0,0,0,40,0,    ,0, HSM,280,10, ,,,,,,,
AL,13,2004092000,3, OFCL,12, 135N,  356W,35,1004, TD,34, AAA,60,0,0,0,0,0,0,45,0,    ,0, HSM,280,10, ,,,,,,,
AL,13,2004092000,3, OFCL,24, 137N,  370W,40,1004, TD,34, AAA,60,0,0,0,0,0,0,50,0,    ,0, HSM,280,7, ,,,,,,,
AL,13,2004092000,3, OFCL,36, 139N,  384W,45,1004, TD,34, AAA,60,0,0,0,0,0,0,55,0,    ,0, HSM,280,7, ,,,,,,,
AL,13,2004092000,3, OFCL,48, 141N,  399W,50,1004, TD,34, AAA,60,0,0,0,0,0,0,60,0,    ,0, HSM,280,7, ,,,,,,,
AL,13,2004092000,3, OFCL,48, 141N,  399W,50,1004, TD,50, AAA,20,0,0,0,0,0,0,60,0,    ,0, HSM,280,7, ,,,,,,,
AL,13,2004092000,3, OFCL,72, 148N,  429W,55,1004, TD,34, AAA,60,0,0,0,0,0,0,65,0,    ,0, HSM,285,7, ,,,,,,,
AL,13,2004092000,3, OFCL,72, 148N,  429W,55,1004, TD,50, AAA,20,0,0,0,0,0,0,65,0,    ,0, HSM,285,7, ,,,,,,,
AL,13,2004092000,3, OFCL,96, 153N,  456W,55,1004, TD,34, NEQ,0,0,0,0,0,0,0,65,0,    ,0, HSM,280,7, ,,,,,,,
AL,13,2004092000,3, OFCL,120, 159N,  486W,55,1004, TD,34, NEQ,0,0,0,0,0,0,0,65,0,    ,0, HSM,280,7, ,,,,,,,
AL,13,2004092006,3, OFCL,0, 134N,  344W,45,1000, TS,34, AAA,30,0,0,0,0,0,0,40,0,    ,0, SRS,275,11, ,,,,,,,
AL,13,2004092006,3, OFCL,6, 135N,  354W,45,1000, TS,34, AAA,30,0,0,0,0,0,0,40,0,    ,0, SRS,275,10,           ,  ,12, AAA,50,0,0,0
AL,13,2004092006,3, OFCL,12, 136N,  364W,55,1000, TS,34, AAA,45,0,0,0,0,0,0,65,0,    ,0, SRS,275,10, ,,,,,,,
AL,13,2004092006,3, OFCL,12, 136N,  364W,55,1000, TS,50, AAA,20,0,0,0,0,0,0,65,0,    ,0, SRS,275,10, ,,,,,,,
AL,13,2004092006,3, OFCL,24, 141N,  382W,65,1000, TS,34, AAA,60,0,0,0,0,0,0,80,0,    ,0, SRS,285,9, ,,,,,,,
AL,13,2004092006,3, OFCL,24, 141N,  382W,65,1000, TS,50, AAA,30,0,0,0,0,0,0,80,0,    ,0, SRS,285,9, ,,,,,,,
AL,13,2004092006,3, OFCL,24, 141N,  382W,65,1000, TS,64, AAA,15,0,0,0,0,0,0,80,0,    ,0, SRS,285,9, ,,,,,,,
AL,13,2004092006,3, OFCL,36, 145N,  397W,70,1000, TS,34, AAA,70,0,0,0,0,0,0,85,0,    ,0, SRS,285,8, ,,,,,,,
AL,13,2004092006,3, OFCL,36, 145N,  397W,70,1000, TS,50, AAA,30,0,0,0,0,0,0,85,0,    ,0, SRS,285,8, ,,,,,,,
AL,13,2004092006,3, OFCL,36, 145N,  397W,70,1000, TS,64, AAA,15,0,0,0,0,0,0,85,0,    ,0, SRS,285,8, ,,,,,,,
AL,13,2004092006,3, OFCL,48, 150N,  415W,75,1000, TS,34, AAA,70,0,0,0,0,0,0,90,0,    ,0, SRS,285,9, ,,,,,,,
AL,13,2004092006,3, OFCL,48, 150N,  415W,75,1000, TS,50, AAA,35,0,0,0,0,0,0,90,0,    ,0, SRS,285,9, ,,,,,,,
AL,13,2004092006,3, OFCL,72, 170N,  450W,75,1000, TS,34, AAA,70,0,0,0,0,0,0,90,0,    ,0, SRS,300,10, ,,,,,,,
AL,13,2004092006,3, OFCL,72, 170N,  450W,75,1000, TS,50, AAA,30,0,0,0,0,0,0,90,0,    ,0, SRS,300,10, ,,,,,,,
AL,13,2004092006,3, OFCL,96, 180N,  480W,75,1000, TS,34, NEQ,0,0,0,0,0,0,0,90,0,    ,0, SRS,290,8, ,,,,,,,
AL,13,2004092006,3, OFCL,120, 185N,  510W,75,1000, TS,34, NEQ,0,0,0,0,0,0,0,90,0,    ,0, SRS,280,7, ,,,,,,,
AL,13,2004092012,3, OFCL,0, 135N,  354W,50,998, TS,34, NEQ,40,40,40,40,0,0,0,55,0,    ,0, SRS,275,10, ,,,,,,,
AL,13,2004092012,3, OFCL,3, 136N,  359W,50,998, TS,34, NEQ,40,40,40,40,0,0,0,60,0,    ,0, SRS,275,10,           ,  ,12, AAA,50,0,0,0
AL,13,2004092012,3, OFCL,12, 138N,  373W,55,998, TS,34, AAA,50,0,0,0,0,0,0,65,0,    ,0, SRS,280,9, ,,,,,,,
AL,13,2004092012,3, OFCL,12, 138N,  373W,55,998, TS,50, AAA,20,0,0,0,0,0,0,65,0,    ,0, SRS,280,9, ,,,,,,,
AL,13,2004092012,3, OFCL,24, 143N,  391W,65,998, TS,34, AAA,60,0,0,0,0,0,0,80,0,    ,0, SRS,285,9, ,,,,,,,
AL,13,2004092012,3, OFCL,24, 143N,  391W,65,998, TS,50, AAA,30,0,0,0,0,0,0,80,0,    ,0, SRS,285,9, ,,,,,,,
AL,13,2004092012,3, OFCL,24, 143N,  391W,65,998, TS,64, AAA,15,0,0,0,0,0,0,80,0,    ,0, SRS,285,9, ,,,,,,,
AL,13,2004092012,3, OFCL,36, 148N,  406W,70,998, TS,34, AAA,70,0,0,0,0,0,0,85,0,    ,0, SRS,290,8, ,,,,,,,
AL,13,2004092012,3, OFCL,36, 148N,  406W,70,998, TS,50, AAA,30,0,0,0,0,0,0,85,0,    ,0, SRS,290,8, ,,,,,,,
AL,13,2004092012,3, OFCL,36, 148N,  406W,70,998, TS,64, AAA,15,0,0,0,0,0,0,85,0,    ,0, SRS,290,8, ,,,,,,,
AL,13,2004092012,3, OFCL,48, 155N,  424W,75,998, TS,34, AAA,70,0,0,0,0,0,0,90,0,    ,0, SRS,290,9, ,,,,,,,
AL,13,2004092012,3, OFCL,48, 155N,  424W,75,998, TS,50, AAA,35,0,0,0,0,0,0,90,0,    ,0, SRS,290,9, ,,,,,,,
AL,13,2004092012,3, OFCL,72, 168N,  455W,75,998, TS,34, AAA,70,0,0,0,0,0,0,90,0,    ,0, SRS,295,8, ,,,,,,,
AL,13,2004092012,3, OFCL,72, 168N,  455W,75,998, TS,50, AAA,35,0,0,0,0,0,0,90,0,    ,0, SRS,295,8, ,,,,,,,
AL,13,2004092012,3, OFCL,96, 170N,  485W,75,998, TS,34, NEQ,0,0,0,0,0,0,0,90,0,    ,0, SRS,275,7, ,,,,,,,
AL,13,2004092012,3, OFCL,120, 170N,  515W,75,998, TS,34, NEQ,0,0,0,0,0,0,0,90,0,    ,0, SRS,270,7, ,,,,,,,
AL,13,2004092018,3, OFCL,0, 137N,  364W,55,994, TS,34, NEQ,45,45,45,45,0,0,0,65,0,    ,0, SRS,280,10, ,,,,,,,
AL,13,2004092018,3, OFCL,0, 137N,  364W,55,994, TS,50, NEQ,15,15,15,15,0,0,0,65,0,    ,0, SRS,280,10, ,,,,,,,
AL,13,2004092018,3, OFCL,3, 138N,  368W,55,994, TS,34, NEQ,45,45,45,45,0,0,0,65,0,    ,0, SRS,280,10,           ,  ,12, AAA,50,0,0,0
AL,13,2004092018,3, OFCL,3, 138N,  368W,55,994, TS,50, NEQ,15,15,15,15,0,0,0,65,0,    ,0, SRS,280,10,           ,  ,12, AAA,50,0,0,0
AL,13,2004092018,3, OFCL,12, 141N,  382W,65,994, TS,34, AAA,60,0,0,0,0,0,0,80,0,    ,0, SRS,285,9, ,,,,,,,
AL,13,2004092018,3, OFCL,12, 141N,  382W,65,994, TS,50, AAA,25,0,0,0,0,0,0,80,0,    ,0, SRS,285,9, ,,,,,,,
AL,13,2004092018,3, OFCL,12, 141N,  382W,65,994, TS,64, AAA,10,0,0,0,0,0,0,80,0,    ,0, SRS,285,9, ,,,,,,,
AL,13,2004092018,3, OFCL,24, 146N,  399W,70,994, TS,34, AAA,70,0,0,0,0,0,0,85,0,    ,0, SRS,285,9, ,,,,,,,
AL,13,2004092018,3, OFCL,24, 146N,  399W,70,994, TS,50, AAA,30,0,0,0,0,0,0,85,0,    ,0, SRS,285,9, ,,,,,,,
AL,13,2004092018,3, OFCL,24, 146N,  399W,70,994, TS,64, AAA,15,0,0,0,0,0,0,85,0,    ,0, SRS,285,9, ,,,,,,,
AL,13,2004092018,3, OFCL,36, 152N,  416W,75,994, TS,34, AAA,75,0,0,0,0,0,0,90,0,    ,0, SRS,290,9, ,,,,,,,
AL,13,2004092018,3, OFCL,36, 152N,  416W,75,994, TS,50, AAA,35,0,0,0,0,0,0,90,0,    ,0, SRS,290,9, ,,,,,,,
AL,13,2004092018,3, OFCL,36, 152N,  416W,75,994, TS,64, AAA,15,0,0,0,0,0,0,90,0,    ,0, SRS,290,9, ,,,,,,,
AL,13,2004092018,3, OFCL,48, 159N,  432W,75,994, TS,34, AAA,75,0,0,0,0,0,0,90,0,    ,0, SRS,295,8, ,,,,,,,
AL,13,2004092018,3, OFCL,48, 159N,  432W,75,994, TS,50, AAA,35,0,0,0,0,0,0,90,0,    ,0, SRS,295,8, ,,,,,,,
AL,13,2004092018,3, OFCL,72, 167N,  460W,80,994, TS,34, AAA,75,0,0,0,0,0,0,100,0,    ,0, SRS,285,7, ,,,,,,,
AL,13,2004092018,3, OFCL,72, 167N,  460W,80,994, TS,50, AAA,35,0,0,0,0,0,0,100,0,    ,0, SRS,285,7, ,,,,,,,
AL,13,2004092018,3, OFCL,96, 170N,  490W,75,994, TS,34, NEQ,0,0,0,0,0,0,0,90,0,    ,0, SRS,275,7, ,,,,,,,
AL,13,2004092018,3, OFCL,120, 170N,  520W,75,994, TS,34, NEQ,0,0,0,0,0,0,0,90,0,    ,0, SRS,270,7, ,,,,,,,
AL,13,2004092100,3, OFCL,0, 137N,  374W,50,998, TS,34, AAA,45,0,0,0,0,0,0,60,0,    ,0, BRJ,270,10, ,,,,,,,
AL,13,2004092100,3, OFCL,0, 137N,  374W,50,998, TS,50, AAA,15,0,0,0,0,0,0,60,0,    ,0, BRJ,270,10, ,,,,,,,
AL,13,2004092100,3, OFCL,3, 138N,  379W,50,998, TS,34, AAA,45,0,0,0,0,0,0,60,0,    ,0, BRJ,280,10,           ,  ,12, NEQ,60,60,60,60
AL,13,2004092100,3, OFCL,3, 138N,  379W,50,998, TS,50, AAA,15,0,0,0,0,0,0,60,0,    ,0, BRJ,280,10,           ,  ,12, NEQ,60,60,60,60
AL,13,2004092100,3, OFCL,12, 139N,  394W,50,998, TS,34, AAA,45,0,0,0,0,0,0,60,0,    ,0, BRJ,275,10, ,,,,,,,
AL,13,2004092100,3, OFCL,12, 139N,  394W,50,998, TS,50, AAA,15,0,0,0,0,0,0,60,0,    ,0, BRJ,275,10, ,,,,,,,
AL,13,2004092100,3, OFCL,24, 145N,  415W,50,998, TS,34, AAA,45,0,0,0,0,0,0,60,0,    ,0, BRJ,285,11, ,,,,,,,
AL,13,2004092100,3, OFCL,24, 145N,  415W,50,998, TS,50, AAA,15,0,0,0,0,0,0,60,0,    ,0, BRJ,285,11, ,,,,,,,
AL,13,2004092100,3, OFCL,36, 151N,  430W,55,998, TS,34, AAA,45,0,0,0,0,0,0,65,0,    ,0, BRJ,295,8, ,,,,,,,
AL,13,2004092100,3, OFCL,36, 151N,  430W,55,998, TS,50, AAA,15,0,0,0,0,0,0,65,0,    ,0, BRJ,295,8, ,,,,,,,
AL,13,2004092100,3, OFCL,48, 154N,  443W,55,998, TS,34, AAA,50,0,0,0,0,0,0,65,0,    ,0, BRJ,285,6, ,,,,,,,
AL,13,2004092100,3, OFCL,48, 154N,  443W,55,998, TS,50, AAA,20,0,0,0,0,0,0,65,0,    ,0, BRJ,285,6, ,,,,,,,
AL,13,2004092100,3, OFCL,72, 156N,  462W,60,998, TS,34, AAA,50,0,0,0,0,0,0,75,0,    ,0, BRJ,275,5, ,,,,,,,
AL,13,2004092100,3, OFCL,72, 156N,  462W,60,998, TS,50, AAA,20,0,0,0,0,0,0,75,0,    ,0, BRJ,275,5, ,,,,,,,
AL,13,2004092100,3, OFCL,96, 157N,  481W,70,998, TS,34, NEQ,0,0,0,0,0,0,0,85,0,    ,0, BRJ,275,5, ,,,,,,,
AL,13,2004092100,3, OFCL,120, 161N,  500W,70,998, TS,34, NEQ,0,0,0,0,0,0,0,85,0,    ,0, BRJ,285,5, ,,,,,,,
AL,13,2004092106,3, OFCL,0, 139N,  384W,50,998, TS,34, NEQ,45,45,45,45,0,0,0,60,0,    ,0, JLB,280,10, ,,,,,,,
AL,13,2004092106,3, OFCL,0, 139N,  384W,50,998, TS,50, NEQ,15,15,15,15,0,0,0,60,0,    ,0, JLB,280,10, ,,,,,,,
AL,13,2004092106,3, OFCL,3, 140N,  389W,50,998, TS,34, NEQ,45,45,45,45,0,0,0,60,0,    ,0, JLB,282,10, ,,,,,,,
AL,13,2004092106,3, OFCL,3, 140N,  389W,50,998, TS,50, NEQ,15,15,15,15,0,0,0,60,0,    ,0, JLB,282,10, ,,,,,,,
AL,13,2004092106,3, OFCL,12, 143N,  403W,50,998, TS,34, AAA,45,0,0,0,0,0,0,60,0,    ,0, JLB,280,9, ,,,,,,,
AL,13,2004092106,3, OFCL,12, 143N,  403W,50,998, TS,50, AAA,15,0,0,0,0,0,0,60,0,    ,0, JLB,280,9, ,,,,,,,
AL,13,2004092106,3, OFCL,24, 149N,  420W,50,998, TS,34, AAA,45,0,0,0,0,0,0,60,0,    ,0, JLB,290,9, ,,,,,,,
AL,13,2004092106,3, OFCL,24, 149N,  420W,50,998, TS,50, AAA,15,0,0,0,0,0,0,60,0,    ,0, JLB,290,9, ,,,,,,,
AL,13,2004092106,3, OFCL,36, 154N,  436W,50,998, TS,34, AAA,45,0,0,0,0,0,0,60,0,    ,0, JLB,290,8, ,,,,,,,
AL,13,2004092106,3, OFCL,36, 154N,  436W,50,998, TS,50, AAA,15,0,0,0,0,0,0,60,0,    ,0, JLB,290,8, ,,,,,,,
AL,13,2004092106,3, OFCL,48, 158N,  452W,55,998, TS,34, AAA,50,0,0,0,0,0,0,65,0,    ,0, JLB,285,8, ,,,,,,,
AL,13,2004092106,3, OFCL,48, 158N,  452W,55,998, TS,50, AAA,20,0,0,0,0,0,0,65,0,    ,0, JLB,285,8, ,,,,,,,
AL,13,2004092106,3, OFCL,72, 160N,  475W,60,998, TS,34, AAA,50,0,0,0,0,0,0,75,0,    ,0, JLB,275,6, ,,,,,,,
AL,13,2004092106,3, OFCL,72, 160N,  475W,60,998, TS,50, AAA,20,0,0,0,0,0,0,75,0,    ,0, JLB,275,6, ,,,,,,,
AL,13,2004092106,3, OFCL,96, 161N,  500W,65,998, TS,34, NEQ,0,0,0,0,0,0,0,80,0,    ,0, JLB,275,6, ,,,,,,,
AL,13,2004092106,3, OFCL,120, 175N,  515W,65,998, TS,34, NEQ,0,0,0,0,0,0,0,80,0,    ,0, JLB,315,5, ,,,,,,,
AL,13,2004092112,3, OFCL,0, 141N,  392W,60,990, TS,34, NEQ,45,45,45,45,0,0,0,75,0,    ,0, SRS,285,9, ,,,,,,,
AL,13,2004092112,3, OFCL,0, 141N,  392W,60,990, TS,50, AAA,20,0,0,0,0,0,0,75,0,    ,0, SRS,285,9, ,,,,,,,
AL,13,2004092112,3, OFCL,3, 142N,  397W,60,990, TS,34, NEQ,45,45,45,45,0,0,0,75,0,    ,0, SRS,285,9,           ,  ,12, AAA,70,0,0,0
AL,13,2004092112,3, OFCL,3, 142N,  397W,60,990, TS,50, AAA,20,0,0,0,0,0,0,75,0,    ,0, SRS,285,9,           ,  ,12, AAA,70,0,0,0
AL,13,2004092112,3, OFCL,12, 146N,  411W,60,990, TS,34, AAA,45,0,0,0,0,0,0,75,0,    ,0, SRS,285,9, ,,,,,,,
AL,13,2004092112,3, OFCL,12, 146N,  411W,60,990, TS,50, AAA,20,0,0,0,0,0,0,75,0,    ,0, SRS,285,9, ,,,,,,,
AL,13,2004092112,3, OFCL,24, 152N,  427W,60,990, TS,34, AAA,45,0,0,0,0,0,0,75,0,    ,0, SRS,290,8, ,,,,,,,
AL,13,2004092112,3, OFCL,24, 152N,  427W,60,990, TS,50, AAA,20,0,0,0,0,0,0,75,0,    ,0, SRS,290,8, ,,,,,,,
AL,13,2004092112,3, OFCL,36, 157N,  443W,60,990, TS,34, AAA,50,0,0,0,0,0,0,75,0,    ,0, SRS,290,8, ,,,,,,,
AL,13,2004092112,3, OFCL,36, 157N,  443W,60,990, TS,50, AAA,20,0,0,0,0,0,0,75,0,    ,0, SRS,290,8, ,,,,,,,
AL,13,2004092112,3, OFCL,48, 159N,  456W,65,990, TS,34, AAA,60,0,0,0,0,0,0,80,0,    ,0, SRS,280,6, ,,,,,,,
AL,13,2004092112,3, OFCL,48, 159N,  456W,65,990, TS,50, AAA,30,0,0,0,0,0,0,80,0,    ,0, SRS,280,6, ,,,,,,,
AL,13,2004092112,3, OFCL,72, 160N,  480W,65,990, TS,34, AAA,60,0,0,0,0,0,0,80,0,    ,0, SRS,275,6, ,,,,,,,
AL,13,2004092112,3, OFCL,72, 160N,  480W,65,990, TS,50, AAA,30,0,0,0,0,0,0,80,0,    ,0, SRS,275,6, ,,,,,,,
AL,13,2004092112,3, OFCL,96, 165N,  500W,70,990, TS,34, NEQ,0,0,0,0,0,0,0,85,0,    ,0, SRS,285,5, ,,,,,,,
AL,13,2004092112,3, OFCL,120, 175N,  520W,70,990, TS,34, NEQ,0,0,0,0,0,0,0,85,0,    ,0, SRS,300,5, ,,,,,,,
AL,13,2004092118,3, OFCL,0, 143N,  399W,60,990, TS,34, NEQ,45,45,45,45,0,0,0,75,0,    ,0, SRS,285,7, ,,,,,,,
AL,13,2004092118,3, OFCL,0, 143N,  399W,60,990, TS,50, NEQ,20,20,20,20,0,0,0,75,0,    ,0, SRS,285,7, ,,,,,,,
AL,13,2004092118,3, OFCL,3, 144N,  403W,60,990, TS,34, NEQ,45,45,45,45,0,0,0,75,0,    ,0, SRS,285,7,           ,  ,12, AAA,70,0,0,0
AL,13,2004092118,3, OFCL,3, 144N,  403W,60,990, TS,50, NEQ,20,20,20,20,0,0,0,75,0,    ,0, SRS,285,7,           ,  ,12, AAA,70,0,0,0
AL,13,2004092118,3, OFCL,12, 148N,  415W,60,990, TS,34, AAA,45,0,0,0,0,0,0,75,0,    ,0, SRS,290,8, ,,,,,,,
AL,13,2004092118,3, OFCL,12, 148N,  415W,60,990, TS,50, AAA,20,0,0,0,0,0,0,75,0,    ,0, SRS,290,8, ,,,,,,,
AL,13,2004092118,3, OFCL,24, 152N,  430W,60,990, TS,34, AAA,45,0,0,0,0,0,0,75,0,    ,0, SRS,285,8, ,,,,,,,
AL,13,2004092118,3, OFCL,24, 152N,  430W,60,990, TS,50, AAA,20,0,0,0,0,0,0,75,0,    ,0, SRS,285,8, ,,,,,,,
AL,13,2004092118,3, OFCL,36, 152N,  445W,65,990, TS,34, AAA,50,0,0,0,0,0,0,80,0,    ,0, SRS,270,7, ,,,,,,,
AL,13,2004092118,3, OFCL,36, 152N,  445W,65,990, TS,50, AAA,20,0,0,0,0,0,0,80,0,    ,0, SRS,270,7, ,,,,,,,
AL,13,2004092118,3, OFCL,36, 152N,  445W,65,990, TS,64, AAA,10,0,0,0,0,0,0,80,0,    ,0, SRS,270,7, ,,,,,,,
AL,13,2004092118,3, OFCL,48, 150N,  457W,65,990, TS,34, AAA,60,0,0,0,0,0,0,80,0,    ,0, SRS,260,6, ,,,,,,,
AL,13,2004092118,3, OFCL,48, 150N,  457W,65,990, TS,50, AAA,30,0,0,0,0,0,0,80,0,    ,0, SRS,260,6, ,,,,,,,
AL,13,2004092118,3, OFCL,72, 150N,  470W,70,990, TS,34, AAA,60,0,0,0,0,0,0,85,0,    ,0, SRS,270,3, ,,,,,,,
AL,13,2004092118,3, OFCL,72, 150N,  470W,70,990, TS,50, AAA,30,0,0,0,0,0,0,85,0,    ,0, SRS,270,3, ,,,,,,,
AL,13,2004092118,3, OFCL,96, 155N,  485W,75,990, TS,34, NEQ,0,0,0,0,0,0,0,90,0,    ,0, SRS,290,4, ,,,,,,,
AL,13,2004092118,3, OFCL,120, 175N,  505W,75,990, TS,34, NEQ,0,0,0,0,0,0,0,90,0,    ,0, SRS,315,7, ,,,,,,,
AL,13,2004092200,3, OFCL,0, 144N,  402W,60,990, TS,34, NEQ,50,50,30,50,0,0,0,75,0,    ,0, RJP,285,4, ,,,,,,,
AL,13,2004092200,3, OFCL,0, 144N,  402W,60,990, TS,50, NEQ,20,20,20,20,0,0,0,75,0,    ,0, RJP,285,4, ,,,,,,,
AL,13,2004092200,3, OFCL,3, 144N,  405W,60,990, TS,34, NEQ,50,50,30,50,0,0,0,75,0,    ,0, RJP,285,6,           ,  ,12, NEQ,70,0,0,0
AL,13,2004092200,3, OFCL,3, 144N,  405W,60,990, TS,50, NEQ,20,20,20,20,0,0,0,75,0,    ,0, RJP,285,6,           ,  ,12, NEQ,70,0,0,0
AL,13,2004092200,3, OFCL,12, 149N,  416W,60,990, TS,34, NEQ,50,50,30,50,0,0,0,75,0,    ,0, RJP,295,8, ,,,,,,,
AL,13,2004092200,3, OFCL,12, 149N,  416W,60,990, TS,50, AAA,20,0,0,0,0,0,0,75,0,    ,0, RJP,295,8, ,,,,,,,
AL,13,2004092200,3, OFCL,24, 154N,  430W,60,990, TS,34, NEQ,50,50,30,50,0,0,0,75,0,    ,0, RJP,290,7, ,,,,,,,
AL,13,2004092200,3, OFCL,24, 154N,  430W,60,990, TS,50, AAA,20,0,0,0,0,0,0,75,0,    ,0, RJP,290,7, ,,,,,,,
AL,13,2004092200,3, OFCL,36, 160N,  442W,65,990, TS,34, AAA,50,0,0,0,0,0,0,80,0,    ,0, RJP,300,7, ,,,,,,,
AL,13,2004092200,3, OFCL,36, 160N,  442W,65,990, TS,50, AAA,20,0,0,0,0,0,0,80,0,    ,0, RJP,300,7, ,,,,,,,
AL,13,2004092200,3, OFCL,36, 160N,  442W,65,990, TS,64, AAA,15,0,0,0,0,0,0,80,0,    ,0, RJP,300,7, ,,,,,,,
AL,13,2004092200,3, OFCL,48, 163N,  452W,65,990, TS,34, AAA,60,0,0,0,0,0,0,80,0,    ,0, RJP,285,5, ,,,,,,,
AL,13,2004092200,3, OFCL,48, 163N,  452W,65,990, TS,50, AAA,30,0,0,0,0,0,0,80,0,    ,0, RJP,285,5, ,,,,,,,
AL,13,2004092200,3, OFCL,72, 167N,  470W,70,990, TS,34, AAA,60,0,0,0,0,0,0,85,0,    ,0, RJP,285,4, ,,,,,,,
AL,13,2004092200,3, OFCL,72, 167N,  470W,70,990, TS,50, AAA,30,0,0,0,0,0,0,85,0,    ,0, RJP,285,4, ,,,,,,,
AL,13,2004092200,3, OFCL,96, 180N,  485W,75,990, TS,34, NEQ,0,0,0,0,0,0,0,90,0,    ,0, RJP,310,5, ,,,,,,,
AL,13,2004092200,3, OFCL,120, 195N,  500W,75,990, TS,34, NEQ,0,0,0,0,0,0,0,90,0,    ,0, RJP,315,5, ,,,,,,,
AL,13,2004092206,3, OFCL,0, 145N,  409W,55,994, TS,34, NEQ,50,50,30,50,0,0,0,65,0,    ,0, RJP,280,7, ,,,,,,,
AL,13,2004092206,3, OFCL,0, 145N,  409W,55,994, TS,50, NEQ,20,20,20,20,0,0,0,65,0,    ,0, RJP,280,7, ,,,,,,,
AL,13,2004092206,3, OFCL,3, 145N,  412W,55,994, TS,34, NEQ,50,50,30,50,0,0,0,65,0,    ,0, RJP,285,6,           ,  ,12, AAA,70,0,0,0
AL,13,2004092206,3, OFCL,3, 145N,  412W,55,994, TS,50, NEQ,20,20,20,20,0,0,0,65,0,    ,0, RJP,285,6,           ,  ,12, AAA,70,0,0,0
AL,13,2004092206,3, OFCL,12, 148N,  420W,55,994, TS,34, NEQ,50,50,30,50,0,0,0,65,0,    ,0, RJP,290,6, ,,,,,,,
AL,13,2004092206,3, OFCL,12, 148N,  420W,55,994, TS,50, AAA,20,0,0,0,0,0,0,65,0,    ,0, RJP,290,6, ,,,,,,,
AL,13,2004092206,3, OFCL,24, 152N,  432W,55,994, TS,34, NEQ,50,50,30,50,0,0,0,65,0,    ,0, RJP,290,6, ,,,,,,,
AL,13,2004092206,3, OFCL,24, 152N,  432W,55,994, TS,50, AAA,20,0,0,0,0,0,0,65,0,    ,0, RJP,290,6, ,,,,,,,
AL,13,2004092206,3, OFCL,36, 156N,  443W,60,994, TS,34, AAA,50,0,0,0,0,0,0,75,0,    ,0, RJP,290,6, ,,,,,,,
AL,13,2004092206,3, OFCL,36, 156N,  443W,60,994, TS,50, AAA,20,0,0,0,0,0,0,75,0,    ,0, RJP,290,6, ,,,,,,,
AL,13,2004092206,3, OFCL,48, 158N,  450W,65,994, TS,34, AAA,60,0,0,0,0,0,0,80,0,    ,0, RJP,285,4, ,,,,,,,
AL,13,2004092206,3, OFCL,48, 158N,  450W,65,994, TS,50, AAA,30,0,0,0,0,0,0,80,0,    ,0, RJP,285,4, ,,,,,,,
AL,13,2004092206,3, OFCL,72, 165N,  465W,70,994, TS,34, AAA,60,0,0,0,0,0,0,85,0,    ,0, RJP,295,4, ,,,,,,,
AL,13,2004092206,3, OFCL,72, 165N,  465W,70,994, TS,50, AAA,30,0,0,0,0,0,0,85,0,    ,0, RJP,295,4, ,,,,,,,
AL,13,2004092206,3, OFCL,96, 175N,  480W,70,994, TS,34, NEQ,0,0,0,0,0,0,0,85,0,    ,0, RJP,305,4, ,,,,,,,
AL,13,2004092206,3, OFCL,120, 185N,  490W,70,994, TS,34, NEQ,0,0,0,0,0,0,0,85,0,    ,0, RJP,315,3, ,,,,,,,
AL,13,2004092212,3, OFCL,0, 141N,  411W,45,1000, TS,34, NEQ,40,40,40,40,0,0,0,55,0,    ,0, JLF,240,6, ,,,,,,,
AL,13,2004092212,3, OFCL,3, 139N,  413W,45,1000, TS,34, NEQ,40,40,40,40,0,0,0,55,0,    ,0, JLF,250,5,           ,  ,12, AAA,70,0,0,0
AL,13,2004092212,3, OFCL,12, 138N,  417W,45,1000, TS,34, NEQ,40,40,40,40,0,0,0,55,0,    ,0, JLF,255,3, ,,,,,,,
AL,13,2004092212,3, OFCL,24, 132N,  423W,45,1000, TS,34, NEQ,40,40,40,40,0,0,0,55,0,    ,0, JLF,225,4, ,,,,,,,
AL,13,2004092212,3, OFCL,36, 130N,  425W,45,1000, TS,34, NEQ,40,40,40,40,0,0,0,55,0,    ,0, JLF,225,1, ,,,,,,,
AL,13,2004092212,3, OFCL,48, 130N,  430W,45,1000, TS,34, NEQ,40,40,40,40,0,0,0,55,0,    ,0, JLF,270,2, ,,,,,,,
AL,13,2004092212,3, OFCL,72, 140N,  445W,50,1000, TS,34, AAA,50,0,0,0,0,0,0,60,0,    ,0, JLF,305,4, ,,,,,,,
AL,13,2004092212,3, OFCL,72, 140N,  445W,50,1000, TS,50, AAA,20,0,0,0,0,0,0,60,0,    ,0, JLF,305,4, ,,,,,,,
AL,13,2004092212,3, OFCL,96, 160N,  455W,60,1000, TS,34, NEQ,0,0,0,0,0,0,0,75,0,    ,0, JLF,335,6, ,,,,,,,
AL,13,2004092212,3, OFCL,120, 200N,  480W,70,1000, TS,34, NEQ,0,0,0,0,0,0,0,85,0,    ,0, JLF,330,12, ,,,,,,,
AL,13,2004092218,3, OFCL,0, 138N,  417W,45,997, TS,34, NEQ,40,40,40,40,0,0,0,60,0,    ,0, JLF,245,7, ,,,,,,,
AL,13,2004092218,3, OFCL,3, 137N,  419W,45,997, TS,34, NEQ,40,40,40,40,0,0,0,55,0,    ,0, JLF,240,5,           ,  ,12, AAA,70,0,0,0
AL,13,2004092218,3, OFCL,12, 134N,  423W,45,997, TS,34, NEQ,40,40,40,40,0,0,0,55,0,    ,0, JLF,230,3, ,,,,,,,
AL,13,2004092218,3, OFCL,24, 130N,  428W,45,997, TS,34, NEQ,40,40,40,40,0,0,0,55,0,    ,0, JLF,230,3, ,,,,,,,
AL,13,2004092218,3, OFCL,36, 127N,  435W,45,997, TS,34, NEQ,40,40,40,40,0,0,0,55,0,    ,0, JLF,245,4, ,,,,,,,
AL,13,2004092218,3, OFCL,48, 125N,  445W,45,997, TS,34, NEQ,40,40,40,40,0,0,0,55,0,    ,0, JLF,260,5, ,,,,,,,
AL,13,2004092218,3, OFCL,72, 140N,  455W,55,997, TS,34, AAA,50,0,0,0,0,0,0,65,0,    ,0, JLF,325,4, ,,,,,,,
AL,13,2004092218,3, OFCL,72, 140N,  455W,55,997, TS,50, AAA,20,0,0,0,0,0,0,65,0,    ,0, JLF,325,4, ,,,,,,,
AL,13,2004092218,3, OFCL,96, 170N,  465W,65,997, TS,34, NEQ,0,0,0,0,0,0,0,80,0,    ,0, JLF,340,8, ,,,,,,,
AL,13,2004092218,3, OFCL,120, 200N,  480W,65,997, TS,34, NEQ,0,0,0,0,0,0,0,80,0,    ,0, JLF,335,8, ,,,,,,,
AL,13,2004092300,3, OFCL,0, 132N,  412W,45,1000, TS,34, NEQ,40,40,40,40,0,0,0,55,0,    ,0, HSM,135,4, ,,,,,,,
AL,13,2004092300,3, OFCL,3, 132N,  412W,45,1000, TS,34, NEQ,40,40,40,40,0,0,0,55,0,    ,0, HSM,270,0,           ,  ,12, NEQ,180,180,90,90
AL,13,2004092300,3, OFCL,12, 132N,  418W,45,1000, TS,34, NEQ,40,40,40,40,0,0,0,55,0,    ,0, HSM,270,4, ,,,,,,,
AL,13,2004092300,3, OFCL,24, 133N,  424W,45,1000, TS,34, AAA,40,0,0,0,0,0,0,55,0,    ,0, HSM,280,3, ,,,,,,,
AL,13,2004092300,3, OFCL,36, 135N,  432W,50,1000, TS,34, AAA,60,0,0,0,0,0,0,60,0,    ,0, HSM,285,4, ,,,,,,,
AL,13,2004092300,3, OFCL,36, 135N,  432W,50,1000, TS,50, AAA,25,0,0,0,0,0,0,60,0,    ,0, HSM,285,4, ,,,,,,,
AL,13,2004092300,3, OFCL,48, 140N,  442W,55,1000, TS,34, AAA,60,0,0,0,0,0,0,65,0,    ,0, HSM,295,5, ,,,,,,,
AL,13,2004092300,3, OFCL,48, 140N,  442W,55,1000, TS,50, AAA,25,0,0,0,0,0,0,65,0,    ,0, HSM,295,5, ,,,,,,,
AL,13,2004092300,3, OFCL,72, 160N,  455W,65,1000, TS,34, AAA,90,0,0,0,0,0,0,80,0,    ,0, HSM,330,6, ,,,,,,,
AL,13,2004092300,3, OFCL,72, 160N,  455W,65,1000, TS,50, AAA,40,0,0,0,0,0,0,80,0,    ,0, HSM,330,6, ,,,,,,,
AL,13,2004092300,3, OFCL,96, 185N,  470W,70,1000, TS,34, NEQ,0,0,0,0,0,0,0,85,0,    ,0, HSM,330,7, ,,,,,,,
AL,13,2004092300,3, OFCL,120, 210N,  480W,70,1000, TS,34, NEQ,0,0,0,0,0,0,0,85,0,    ,0, HSM,340,7, ,,,,,,,
AL,13,2004092306,3, OFCL,0, 132N,  413W,45,1000, TS,34, NEQ,40,40,40,40,0,0,0,55,0,    ,0, RJP,270,1, ,,,,,,,
AL,13,2004092306,3, OFCL,3, 132N,  414W,45,1000, TS,34, NEQ,40,40,40,40,0,0,0,55,0,    ,0, RJP,270,2,           ,  ,12, NEQ,180,180,90,90
AL,13,2004092306,3, OFCL,12, 133N,  419W,45,1000, TS,34, NEQ,40,40,40,40,0,0,0,55,0,    ,0, RJP,280,3, ,,,,,,,
AL,13,2004092306,3, OFCL,24, 134N,  426W,45,1000, TS,34, AAA,40,0,0,0,0,0,0,55,0,    ,0, RJP,280,3, ,,,,,,,
AL,13,2004092306,3, OFCL,36, 136N,  432W,50,1000, TS,34, AAA,60,0,0,0,0,0,0,60,0,    ,0, RJP,290,3, ,,,,,,,
AL,13,2004092306,3, OFCL,36, 136N,  432W,50,1000, TS,50, AAA,25,0,0,0,0,0,0,60,0,    ,0, RJP,290,3, ,,,,,,,
AL,13,2004092306,3, OFCL,48, 142N,  440W,55,1000, TS,34, AAA,60,0,0,0,0,0,0,65,0,    ,0, RJP,310,5, ,,,,,,,
AL,13,2004092306,3, OFCL,48, 142N,  440W,55,1000, TS,50, AAA,25,0,0,0,0,0,0,65,0,    ,0, RJP,310,5, ,,,,,,,
AL,13,2004092306,3, OFCL,72, 165N,  455W,65,1000, TS,34, AAA,90,0,0,0,0,0,0,80,0,    ,0, RJP,330,7, ,,,,,,,
AL,13,2004092306,3, OFCL,72, 165N,  455W,65,1000, TS,50, AAA,40,0,0,0,0,0,0,80,0,    ,0, RJP,330,7, ,,,,,,,
AL,13,2004092306,3, OFCL,96, 190N,  470W,70,1000, TS,34, NEQ,0,0,0,0,0,0,0,85,0,    ,0, RJP,330,7, ,,,,,,,
AL,13,2004092306,3, OFCL,120, 215N,  480W,70,1000, TS,34, NEQ,0,0,0,0,0,0,0,85,0,    ,0, RJP,340,7, ,,,,,,,
AL,13,2004092312,3, OFCL,0, 122N,  415W,40,1000, TS,34, NEQ,50,50,50,50,0,0,0,50,0,    ,0, MBL,210,4, ,,,,,,,
AL,13,2004092312,3, OFCL,3, 121N,  417W,40,1000, TS,34, NEQ,50,50,50,50,0,0,0,50,0,    ,0, MBL,250,3,           ,  ,12, NEQ,175,175,100,100
AL,13,2004092312,3, OFCL,12, 121N,  420W,45,1000, TS,34, AAA,50,0,0,0,0,0,0,55,0,    ,0, MBL,270,2, ,,,,,,,
AL,13,2004092312,3, OFCL,24, 123N,  427W,45,1000, TS,34, AAA,50,0,0,0,0,0,0,55,0,    ,0, MBL,285,4, ,,,,,,,
AL,13,2004092312,3, OFCL,36, 132N,  432W,50,1000, TS,34, AAA,60,0,0,0,0,0,0,60,0,    ,0, MBL,330,5, ,,,,,,,
AL,13,2004092312,3, OFCL,36, 132N,  432W,50,1000, TS,50, AAA,25,0,0,0,0,0,0,60,0,    ,0, MBL,330,5, ,,,,,,,
AL,13,2004092312,3, OFCL,48, 145N,  438W,55,1000, TS,34, AAA,60,0,0,0,0,0,0,65,0,    ,0, MBL,335,7, ,,,,,,,
AL,13,2004092312,3, OFCL,48, 145N,  438W,55,1000, TS,50, AAA,25,0,0,0,0,0,0,65,0,    ,0, MBL,335,7, ,,,,,,,
AL,13,2004092312,3, OFCL,72, 175N,  450W,65,1000, TS,34, AAA,90,0,0,0,0,0,0,80,0,    ,0, MBL,340,8, ,,,,,,,
AL,13,2004092312,3, OFCL,72, 175N,  450W,65,1000, TS,50, AAA,40,0,0,0,0,0,0,80,0,    ,0, MBL,340,8, ,,,,,,,
AL,13,2004092312,3, OFCL,96, 215N,  460W,65,1000, TS,34, NEQ,0,0,0,0,0,0,0,80,0,    ,0, MBL,345,10, ,,,,,,,
AL,13,2004092312,3, OFCL,120, 245N,  465W,65,1000, TS,34, NEQ,0,0,0,0,0,0,0,80,0,    ,0, MBL,350,8, ,,,,,,,
AL,13,2004092318,3, OFCL,0, 142N,  405W,30,1003, TD,34, NEQ,0,0,0,0,0,0,0,40,0,    ,0, MBL,300,5, ,,,,,,,
AL,13,2004092318,3, OFCL,3, 143N,  407W,30,1003, TD,34, NEQ,0,0,0,0,0,0,0,40,0,    ,0, MBL,300,5,           ,  ,12, AAA,100,0,0,0
AL,13,2004092318,3, OFCL,12, 144N,  410W,30,1003, TD,34, NEQ,0,0,0,0,0,0,0,40,0,    ,0, MBL,290,2, ,,,,,,,
AL,13,2004092318,3, OFCL,24, 149N,  419W,30,1003, TD,34, NEQ,0,0,0,0,0,0,0,40,0,    ,0, MBL,300,5, ,,,,,,,
AL,13,2004092318,3, OFCL,36, 160N,  431W,35,1003, TD,34, AAA,75,0,0,0,0,0,0,45,0,    ,0, MBL,315,8, ,,,,,,,
AL,13,2004092318,3, OFCL,48, 173N,  441W,45,1003, TD,34, AAA,75,0,0,0,0,0,0,55,0,    ,0, MBL,325,8, ,,,,,,,
AL,13,2004092318,3, OFCL,72, 202N,  452W,55,1003, TD,34, AAA,100,0,0,0,0,0,0,65,0,    ,0, MBL,340,8, ,,,,,,,
AL,13,2004092318,3, OFCL,72, 202N,  452W,55,1003, TD,50, AAA,50,0,0,0,0,0,0,65,0,    ,0, MBL,340,8, ,,,,,,,
AL,13,2004092318,3, OFCL,96, 230N,  460W,55,1003, TD,34, NEQ,0,0,0,0,0,0,0,65,0,    ,0, MBL,345,7, ,,,,,,,
AL,13,2004092318,3, OFCL,120, 270N,  470W,55,1003, TD,34, NEQ,0,0,0,0,0,0,0,65,0,    ,0, MBL,345,10, ,,,,,,,
AL,13,2004092400,3, OFCL,0, 146N,  417W,30,1003, TD,34, NEQ,0,0,0,0,0,0,0,40,0,    ,0, HSM,290,12, ,,,,,,,
AL,13,2004092400,3, OFCL,3, 147N,  420W,30,1003, TD,34, NEQ,0,0,0,0,0,0,0,40,0,    ,0, HSM,290,6,           ,  ,12, AAA,100,0,0,0
AL,13,2004092400,3, OFCL,12, 151N,  428W,30,1003, TD,34, NEQ,0,0,0,0,0,0,0,40,0,    ,0, HSM,295,6, ,,,,,,,
AL,13,2004092400,3, OFCL,24, 159N,  441W,30,1003, TD,34, NEQ,0,0,0,0,0,0,0,40,0,    ,0, HSM,305,7, ,,,,,,,
AL,13,2004092400,3, OFCL,36, 169N,  451W,30,1003, TD,34, NEQ,0,0,0,0,0,0,0,40,0,    ,0, HSM,315,7, ,,,,,,,
AL,13,2004092400,3, OFCL,48, 185N,  460W,35,1003, TD,34, NEQ,70,40,40,60,0,0,0,45,0,    ,0, HSM,330,9, ,,,,,,,
AL,13,2004092400,3, OFCL,72, 210N,  470W,40,1003, TD,34, NEQ,70,40,40,60,0,0,0,50,0,    ,0, HSM,340,7, ,,,,,,,
AL,13,2004092400,3, OFCL,96, 240N,  480W,45,1003, TD,34, NEQ,0,0,0,0,0,0,0,55,0,    ,0, HSM,345,8, ,,,,,,,
AL,13,2004092400,3, OFCL,120, 285N,  485W,50,1003, TD,34, NEQ,0,0,0,0,0,0,0,60,0,    ,0, HSM,355,11, ,,,,,,,
AL,13,2004092406,3, OFCL,0, 145N,  430W,30,1003, TD,34, NEQ,0,0,0,0,0,0,0,40,0,    ,0, HSM,270,12, ,,,,,,,
AL,13,2004092406,3, OFCL,3, 146N,  435W,30,1003, TD,34, NEQ,0,0,0,0,0,0,0,40,0,    ,0, HSM,280,9,           ,  ,12, AAA,100,0,0,0
AL,13,2004092406,3, OFCL,12, 152N,  446W,35,1003, TD,34, AAA,40,0,0,0,0,0,0,45,0,    ,0, HSM,300,8, ,,,,,,,
AL,13,2004092406,3, OFCL,24, 165N,  457W,40,1003, TD,34, AAA,50,0,0,0,0,0,0,50,0,    ,0, HSM,320,8, ,,,,,,,
AL,13,2004092406,3, OFCL,36, 180N,  465W,45,1003, TD,34, AAA,50,0,0,0,0,0,0,55,0,    ,0, HSM,335,8, ,,,,,,,
AL,13,2004092406,3, OFCL,48, 195N,  472W,55,1003, TD,34, AAA,60,0,0,0,0,0,0,65,0,    ,0, HSM,335,8, ,,,,,,,
AL,13,2004092406,3, OFCL,48, 195N,  472W,55,1003, TD,50, AAA,25,0,0,0,0,0,0,65,0,    ,0, HSM,335,8, ,,,,,,,
AL,13,2004092406,3, OFCL,72, 235N,  475W,55,1003, TD,34, AAA,60,0,0,0,0,0,0,65,0,    ,0, HSM,355,10, ,,,,,,,
AL,13,2004092406,3, OFCL,72, 235N,  475W,55,1003, TD,50, AAA,25,0,0,0,0,0,0,65,0,    ,0, HSM,355,10, ,,,,,,,
AL,13,2004092406,3, OFCL,96, 280N,  460W,60,1003, TD,34, NEQ,0,0,0,0,0,0,0,75,0,    ,0, HSM,15,12, ,,,,,,,
AL,13,2004092406,3, OFCL,120, 330N,  435W,60,1003, TD,34, NEQ,0,0,0,0,0,0,0,75,0,    ,0, HSM,25,14, ,,,,,,,
AL,13,2004092412,3, OFCL,0, 139N,  430W,30,1002, TD,34, NEQ,0,0,0,0,0,0,0,40,0,    ,0, HSM,270,7, ,,,,,,,
AL,13,2004092412,3, OFCL,3, 141N,  433W,30,1002, TD,34, NEQ,0,0,0,0,0,0,0,40,0,    ,0, HSM,285,7,           ,  ,12, NEQ,50,100,100,50
AL,13,2004092412,3, OFCL,12, 148N,  443W,30,1002, TD,34, NEQ,0,0,0,0,0,0,0,40,0,    ,0, HSM,305,8, ,,,,,,,
AL,13,2004092412,3, OFCL,24, 163N,  455W,35,1002, TD,34, AAA,50,0,0,0,0,0,0,45,0,    ,0, HSM,325,9, ,,,,,,,
AL,13,2004092412,3, OFCL,36, 178N,  462W,40,1002, TD,34, AAA,50,0,0,0,0,0,0,50,0,    ,0, HSM,335,8, ,,,,,,,
AL,13,2004092412,3, OFCL,48, 198N,  467W,50,1002, TD,34, AAA,60,0,0,0,0,0,0,60,0,    ,0, HSM,345,10, ,,,,,,,
AL,13,2004092412,3, OFCL,48, 198N,  467W,50,1002, TD,50, AAA,25,0,0,0,0,0,0,60,0,    ,0, HSM,345,10, ,,,,,,,
AL,13,2004092412,3, OFCL,72, 240N,  464W,55,1002, TD,34, AAA,60,0,0,0,0,0,0,65,0,    ,0, HSM,5,11, ,,,,,,,
AL,13,2004092412,3, OFCL,72, 240N,  464W,55,1002, TD,50, AAA,25,0,0,0,0,0,0,65,0,    ,0, HSM,5,11, ,,,,,,,
AL,13,2004092412,3, OFCL,96, 280N,  450W,55,1002, TD,34, NEQ,0,0,0,0,0,0,0,65,0,    ,0, HSM,15,10, ,,,,,,,
AL,13,2004092412,3, OFCL,120, 315N,  435W,55,1002, TD,34, NEQ,0,0,0,0,0,0,0,65,0,    ,0, HSM,20,9, ,,,,,,,
AL,13,2004092418,3, OFCL,0, 143N,  440W,30,1002, TD,34, NEQ,0,0,0,0,0,0,0,40,0,    ,0, HSM,295,10, ,,,,,,,
AL,13,2004092418,3, OFCL,3, 144N,  444W,30,1002, TD,34, NEQ,0,0,0,0,0,0,0,40,0,    ,0, HSM,285,9,           ,  ,12, NEQ,50,100,100,50
AL,13,2004092418,3, OFCL,12, 149N,  455W,35,1002, TD,34, AAA,50,0,0,0,0,0,0,45,0,    ,0, HSM,295,8, ,,,,,,,
AL,13,2004092418,3, OFCL,24, 162N,  466W,40,1002, TD,34, AAA,50,0,0,0,0,0,0,50,0,    ,0, HSM,320,8, ,,,,,,,
AL,13,2004092418,3, OFCL,36, 178N,  472W,45,1002, TD,34, AAA,50,0,0,0,0,0,0,55,0,    ,0, HSM,340,8, ,,,,,,,
AL,13,2004092418,3, OFCL,48, 197N,  476W,50,1002, TD,34, AAA,60,0,0,0,0,0,0,60,0,    ,0, HSM,350,10, ,,,,,,,
AL,13,2004092418,3, OFCL,48, 197N,  476W,50,1002, TD,50, AAA,25,0,0,0,0,0,0,60,0,    ,0, HSM,350,10, ,,,,,,,
AL,13,2004092418,3, OFCL,72, 238N,  478W,60,1002, TD,34, AAA,60,0,0,0,0,0,0,75,0,    ,0, HSM,355,10, ,,,,,,,
AL,13,2004092418,3, OFCL,72, 238N,  478W,60,1002, TD,50, AAA,25,0,0,0,0,0,0,75,0,    ,0, HSM,355,10, ,,,,,,,
AL,13,2004092418,3, OFCL,96, 275N,  478W,60,1002, TD,34, NEQ,0,0,0,0,0,0,0,75,0,    ,0, HSM,360,9, ,,,,,,,
AL,13,2004092418,3, OFCL,120, 310N,  478W,60,1002, TD,34, NEQ,0,0,0,0,0,0,0,75,0,    ,0, HSM,360,9, ,,,,,,,
AL,13,2004092500,3, OFCL,0, 142N,  444W,30,1002, TD,34, NEQ,0,0,0,0,0,0,0,40,0,    ,0, HSM,290,6, ,,,,,,,
AL,13,2004092500,3, OFCL,3, 143N,  447W,30,1002, TD,34, NEQ,0,0,0,0,0,0,0,40,0,    ,0, HSM,305,7,           ,  ,12, NEQ,50,100,100,50
AL,13,2004092500,3, OFCL,12, 150N,  457W,35,1002, TD,34, AAA,50,0,0,0,0,0,0,45,0,    ,0, HSM,305,8, ,,,,,,,
AL,13,2004092500,3, OFCL,24, 165N,  467W,40,1002, TD,34, AAA,40,0,0,0,0,0,0,50,0,    ,0, HSM,325,9, ,,,,,,,
AL,13,2004092500,3, OFCL,36, 182N,  473W,45,1002, TD,34, AAA,45,0,0,0,0,0,0,55,0,    ,0, HSM,340,9, ,,,,,,,
AL,13,2004092500,3, OFCL,48, 200N,  477W,50,1002, TD,34, AAA,60,0,0,0,0,0,0,60,0,    ,0, HSM,350,9, ,,,,,,,
AL,13,2004092500,3, OFCL,48, 200N,  477W,50,1002, TD,50, AAA,25,0,0,0,0,0,0,60,0,    ,0, HSM,350,9, ,,,,,,,
AL,13,2004092500,3, OFCL,72, 235N,  480W,60,1002, TD,34, AAA,60,0,0,0,0,0,0,75,0,    ,0, HSM,355,9, ,,,,,,,
AL,13,2004092500,3, OFCL,72, 235N,  480W,60,1002, TD,50, AAA,25,0,0,0,0,0,0,75,0,    ,0, HSM,355,9, ,,,,,,,
AL,13,2004092500,3, OFCL,96, 270N,  480W,60,1002, TD,34, NEQ,0,0,0,0,0,0,0,75,0,    ,0, HSM,360,9, ,,,,,,,
AL,13,2004092500,3, OFCL,120, 300N,  480W,60,1002, TD,34, NEQ,0,0,0,0,0,0,0,75,0,    ,0, HSM,360,8, ,,,,,,,
AL,13,2004092506,3, OFCL,0, 149N,  449W,35,1002, TS,34, NEQ,50,50,50,50,0,0,0,45,0,    ,0, HSM,320,8, ,,,,,,,
AL,13,2004092506,3, OFCL,3, 152N,  452W,35,1002, TS,34, NEQ,50,50,50,50,0,0,0,45,0,    ,0, HSM,315,8,           ,  ,12, NEQ,50,100,100,50
AL,13,2004092506,3, OFCL,12, 162N,  462W,40,1002, TS,34, AAA,50,0,0,0,0,0,0,50,0,    ,0, HSM,315,9, ,,,,,,,
AL,13,2004092506,3, OFCL,24, 175N,  471W,45,1002, TS,34, AAA,50,0,0,0,0,0,0,55,0,    ,0, HSM,325,8, ,,,,,,,
AL,13,2004092506,3, OFCL,36, 190N,  480W,50,1002, TS,34, AAA,50,0,0,0,0,0,0,60,0,    ,0, HSM,330,9, ,,,,,,,
AL,13,2004092506,3, OFCL,36, 190N,  480W,50,1002, TS,50, AAA,25,0,0,0,0,0,0,60,0,    ,0, HSM,330,9, ,,,,,,,
AL,13,2004092506,3, OFCL,48, 205N,  486W,55,1002, TS,34, AAA,60,0,0,0,0,0,0,65,0,    ,0, HSM,340,8, ,,,,,,,
AL,13,2004092506,3, OFCL,48, 205N,  486W,55,1002, TS,50, AAA,25,0,0,0,0,0,0,65,0,    ,0, HSM,340,8, ,,,,,,,
AL,13,2004092506,3, OFCL,72, 240N,  500W,60,1002, TS,34, AAA,60,0,0,0,0,0,0,75,0,    ,0, HSM,340,9, ,,,,,,,
AL,13,2004092506,3, OFCL,72, 240N,  500W,60,1002, TS,50, AAA,25,0,0,0,0,0,0,75,0,    ,0, HSM,340,9, ,,,,,,,
AL,13,2004092506,3, OFCL,96, 270N,  510W,60,1002, TS,34, NEQ,0,0,0,0,0,0,0,75,0,    ,0, HSM,345,8, ,,,,,,,
AL,13,2004092506,3, OFCL,120, 295N,  515W,60,1002, TS,34, NEQ,0,0,0,0,0,0,0,75,0,    ,0, HSM,350,6, ,,,,,,,
AL,13,2004092512,3, OFCL,0, 156N,  454W,35,1002, TS,34, NEQ,60,75,60,60,0,0,0,45,0,    ,0, HSM,325,9, ,,,,,,,
AL,13,2004092512,3, OFCL,3, 159N,  456W,35,1002, TS,34, NEQ,60,75,60,60,0,0,0,45,0,    ,0, HSM,320,8,           ,  ,12, NEQ,50,100,100,50
AL,13,2004092512,3, OFCL,12, 168N,  464W,40,1002, TS,34, NEQ,75,75,60,60,0,0,0,50,0,    ,0, HSM,320,8, ,,,,,,,
AL,13,2004092512,3, OFCL,24, 180N,  472W,45,1002, TS,34, NEQ,75,75,60,60,0,0,0,55,0,    ,0, HSM,330,7, ,,,,,,,
AL,13,2004092512,3, OFCL,36, 194N,  479W,50,1002, TS,34, AAA,75,0,0,0,0,0,0,60,0,    ,0, HSM,335,8, ,,,,,,,
AL,13,2004092512,3, OFCL,36, 194N,  479W,50,1002, TS,50, AAA,25,0,0,0,0,0,0,60,0,    ,0, HSM,335,8, ,,,,,,,
AL,13,2004092512,3, OFCL,48, 210N,  485W,55,1002, TS,34, AAA,75,0,0,0,0,0,0,65,0,    ,0, HSM,340,8, ,,,,,,,
AL,13,2004092512,3, OFCL,48, 210N,  485W,55,1002, TS,50, AAA,25,0,0,0,0,0,0,65,0,    ,0, HSM,340,8, ,,,,,,,
AL,13,2004092512,3, OFCL,72, 237N,  500W,60,1002, TS,34, AAA,75,0,0,0,0,0,0,75,0,    ,0, HSM,335,8, ,,,,,,,
AL,13,2004092512,3, OFCL,72, 237N,  500W,60,1002, TS,50, AAA,25,0,0,0,0,0,0,75,0,    ,0, HSM,335,8, ,,,,,,,
AL,13,2004092512,3, OFCL,96, 255N,  515W,60,1002, TS,34, NEQ,0,0,0,0,0,0,0,75,0,    ,0, HSM,325,6, ,,,,,,,
AL,13,2004092512,3, OFCL,120, 270N,  540W,60,1002, TS,34, NEQ,0,0,0,0,0,0,0,75,0,    ,0, HSM,305,7, ,,,,,,,
AL,13,2004092518,3, OFCL,0, 168N,  456W,35,1002, TS,34, NEQ,75,75,60,60,0,0,0,45,0,    ,0, HSM,335,9, ,,,,,,,
AL,13,2004092518,3, OFCL,3, 172N,  458W,35,1002, TS,34, NEQ,75,75,60,60,0,0,0,45,0,    ,0, HSM,335,9,           ,  ,12, NEQ,125,125,90,90
AL,13,2004092518,3, OFCL,12, 183N,  464W,40,1002, TS,34, NEQ,75,75,60,60,0,0,0,50,0,    ,0, HSM,335,8, ,,,,,,,
AL,13,2004092518,3, OFCL,24, 198N,  471W,45,1002, TS,34, NEQ,75,75,60,60,0,0,0,55,0,    ,0, HSM,335,8, ,,,,,,,
AL,13,2004092518,3, OFCL,36, 214N,  479W,50,1002, TS,34, AAA,75,0,0,0,0,0,0,60,0,    ,0, HSM,335,9, ,,,,,,,
AL,13,2004092518,3, OFCL,36, 214N,  479W,50,1002, TS,50, AAA,25,0,0,0,0,0,0,60,0,    ,0, HSM,335,9, ,,,,,,,
AL,13,2004092518,3, OFCL,48, 232N,  487W,55,1002, TS,34, AAA,75,0,0,0,0,0,0,65,0,    ,0, HSM,340,10, ,,,,,,,
AL,13,2004092518,3, OFCL,48, 232N,  487W,55,1002, TS,50, AAA,25,0,0,0,0,0,0,65,0,    ,0, HSM,340,10, ,,,,,,,
AL,13,2004092518,3, OFCL,72, 255N,  500W,60,1002, TS,34, AAA,75,0,0,0,0,0,0,75,0,    ,0, HSM,335,6, ,,,,,,,
AL,13,2004092518,3, OFCL,72, 255N,  500W,60,1002, TS,50, AAA,25,0,0,0,0,0,0,75,0,    ,0, HSM,335,6, ,,,,,,,
AL,13,2004092518,3, OFCL,96, 280N,  510W,60,1002, TS,34, NEQ,0,0,0,0,0,0,0,75,0,    ,0, HSM,340,7, ,,,,,,,
AL,13,2004092518,3, OFCL,120, 300N,  520W,60,1002, TS,34, NEQ,0,0,0,0,0,0,0,75,0,    ,0, HSM,335,5, ,,,,,,,
AL,13,2004092600,3, OFCL,0, 176N,  460W,45,1001, TS,34, NEQ,100,90,50,50,0,0,0,55,0,    ,0, HSM,335,9, ,,,,,,,
AL,13,2004092600,3, OFCL,3, 180N,  462W,45,1001, TS,34, NEQ,100,90,50,50,0,0,0,55,0,    ,0, HSM,335,9,           ,  ,12, NEQ,150,150,90,90
AL,13,2004092600,3, OFCL,12, 191N,  468W,50,1001, TS,34, NEQ,100,100,50,50,0,0,0,60,0,    ,0, HSM,335,8, ,,,,,,,
AL,13,2004092600,3, OFCL,12, 191N,  468W,50,1001, TS,50, AAA,25,0,0,0,0,0,0,60,0,    ,0, HSM,335,8, ,,,,,,,
AL,13,2004092600,3, OFCL,24, 207N,  475W,55,1001, TS,34, NEQ,100,100,50,50,0,0,0,65,0,    ,0, HSM,340,9, ,,,,,,,
AL,13,2004092600,3, OFCL,24, 207N,  475W,55,1001, TS,50, AAA,25,0,0,0,0,0,0,65,0,    ,0, HSM,340,9, ,,,,,,,
AL,13,2004092600,3, OFCL,36, 225N,  482W,60,1001, TS,34, NEQ,100,100,90,90,0,0,0,75,0,    ,0, HSM,340,10, ,,,,,,,
AL,13,2004092600,3, OFCL,36, 225N,  482W,60,1001, TS,50, AAA,25,0,0,0,0,0,0,75,0,    ,0, HSM,340,10, ,,,,,,,
AL,13,2004092600,3, OFCL,48, 243N,  490W,60,1001, TS,34, NEQ,100,100,90,90,0,0,0,75,0,    ,0, HSM,340,10, ,,,,,,,
AL,13,2004092600,3, OFCL,48, 243N,  490W,60,1001, TS,50, AAA,25,0,0,0,0,0,0,75,0,    ,0, HSM,340,10, ,,,,,,,
AL,13,2004092600,3, OFCL,72, 270N,  500W,65,1001, TS,34, NEQ,100,100,90,90,0,0,0,80,0,    ,0, HSM,340,7, ,,,,,,,
AL,13,2004092600,3, OFCL,72, 270N,  500W,65,1001, TS,50, AAA,25,0,0,0,0,0,0,80,0,    ,0, HSM,340,7, ,,,,,,,
AL,13,2004092600,3, OFCL,96, 295N,  505W,65,1001, TS,34, NEQ,0,0,0,0,0,0,0,80,0,    ,0, HSM,350,6, ,,,,,,,
AL,13,2004092600,3, OFCL,120, 315N,  505W,65,1001, TS,34, NEQ,0,0,0,0,0,0,0,80,0,    ,0, HSM,360,5, ,,,,,,,
AL,13,2004092606,3, OFCL,0, 180N,  459W,45,1001, TS,34, NEQ,100,100,50,50,0,0,0,55,0,    ,0, JLF,350,5, ,,,,,,,
AL,13,2004092606,3, OFCL,3, 184N,  460W,45,1001, TS,34, NEQ,100,100,50,50,0,0,0,55,0,    ,0, JLF,350,7,           ,  ,12, NEQ,150,150,90,90
AL,13,2004092606,3, OFCL,12, 197N,  463W,50,1001, TS,34, NEQ,100,100,50,50,0,0,0,60,0,    ,0, JLF,350,9, ,,,,,,,
AL,13,2004092606,3, OFCL,12, 197N,  463W,50,1001, TS,50, AAA,25,0,0,0,0,0,0,60,0,    ,0, JLF,350,9, ,,,,,,,
AL,13,2004092606,3, OFCL,24, 214N,  470W,50,1001, TS,34, NEQ,100,100,50,50,0,0,0,60,0,    ,0, JLF,340,9, ,,,,,,,
AL,13,2004092606,3, OFCL,24, 214N,  470W,50,1001, TS,50, AAA,25,0,0,0,0,0,0,60,0,    ,0, JLF,340,9, ,,,,,,,
AL,13,2004092606,3, OFCL,36, 230N,  477W,50,1001, TS,34, NEQ,100,100,75,75,0,0,0,60,0,    ,0, JLF,340,9, ,,,,,,,
AL,13,2004092606,3, OFCL,36, 230N,  477W,50,1001, TS,50, AAA,25,0,0,0,0,0,0,60,0,    ,0, JLF,340,9, ,,,,,,,
AL,13,2004092606,3, OFCL,48, 245N,  485W,55,1001, TS,34, AAA,100,0,0,0,0,0,0,65,0,    ,0, JLF,335,8, ,,,,,,,
AL,13,2004092606,3, OFCL,48, 245N,  485W,55,1001, TS,50, AAA,25,0,0,0,0,0,0,65,0,    ,0, JLF,335,8, ,,,,,,,
AL,13,2004092606,3, OFCL,72, 265N,  500W,65,1001, TS,34, AAA,100,0,0,0,0,0,0,80,0,    ,0, JLF,325,6, ,,,,,,,
AL,13,2004092606,3, OFCL,72, 265N,  500W,65,1001, TS,50, AAA,35,0,0,0,0,0,0,80,0,    ,0, JLF,325,6, ,,,,,,,
AL,13,2004092606,3, OFCL,96, 290N,  515W,65,1001, TS,34, NEQ,0,0,0,0,0,0,0,80,0,    ,0, JLF,330,7, ,,,,,,,
AL,13,2004092606,3, OFCL,120, 320N,  520W,65,1001, TS,34, NEQ,0,0,0,0,0,0,0,80,0,    ,0, JLF,350,8, ,,,,,,,
AL,13,2004092612,3, OFCL,0, 186N,  460W,50,997, TS,34, NEQ,100,100,50,50,0,0,0,60,0,    ,0, HSM,350,6, ,,,,,,,
AL,13,2004092612,3, OFCL,0, 186N,  460W,50,997, TS,50, AAA,25,0,0,0,0,0,0,60,0,    ,0, HSM,350,6, ,,,,,,,
AL,13,2004092612,3, OFCL,3, 190N,  461W,50,997, TS,34, NEQ,100,100,50,50,0,0,0,60,0,    ,0, HSM,345,8,           ,  ,12, NEQ,150,150,90,90
AL,13,2004092612,3, OFCL,3, 190N,  461W,50,997, TS,50, AAA,25,0,0,0,0,0,0,60,0,    ,0, HSM,345,8,           ,  ,12, NEQ,150,150,90,90
AL,13,2004092612,3, OFCL,12, 203N,  466W,50,997, TS,34, NEQ,100,100,50,50,0,0,0,60,0,    ,0, HSM,340,9, ,,,,,,,
AL,13,2004092612,3, OFCL,12, 203N,  466W,50,997, TS,50, AAA,25,0,0,0,0,0,0,60,0,    ,0, HSM,340,9, ,,,,,,,
AL,13,2004092612,3, OFCL,24, 218N,  473W,50,997, TS,34, NEQ,100,100,50,50,0,0,0,60,0,    ,0, HSM,335,8, ,,,,,,,
AL,13,2004092612,3, OFCL,24, 218N,  473W,50,997, TS,50, AAA,25,0,0,0,0,0,0,60,0,    ,0, HSM,335,8, ,,,,,,,
AL,13,2004092612,3, OFCL,36, 231N,  481W,50,997, TS,34, NEQ,100,100,75,75,0,0,0,60,0,    ,0, HSM,330,7, ,,,,,,,
AL,13,2004092612,3, OFCL,36, 231N,  481W,50,997, TS,50, AAA,25,0,0,0,0,0,0,60,0,    ,0, HSM,330,7, ,,,,,,,
AL,13,2004092612,3, OFCL,48, 245N,  492W,55,997, TS,34, AAA,100,0,0,0,0,0,0,65,0,    ,0, HSM,325,9, ,,,,,,,
AL,13,2004092612,3, OFCL,48, 245N,  492W,55,997, TS,50, AAA,30,0,0,0,0,0,0,65,0,    ,0, HSM,325,9, ,,,,,,,
AL,13,2004092612,3, OFCL,72, 265N,  503W,65,997, TS,34, AAA,100,0,0,0,0,0,0,80,0,    ,0, HSM,335,6, ,,,,,,,
AL,13,2004092612,3, OFCL,72, 265N,  503W,65,997, TS,50, AAA,40,0,0,0,0,0,0,80,0,    ,0, HSM,335,6, ,,,,,,,
AL,13,2004092612,3, OFCL,96, 295N,  515W,65,997, TS,34, NEQ,0,0,0,0,0,0,0,80,0,    ,0, HSM,340,8, ,,,,,,,
AL,13,2004092612,3, OFCL,120, 325N,  530W,65,997, TS,34, NEQ,0,0,0,0,0,0,0,80,0,    ,0, HSM,335,8, ,,,,,,,
AL,13,2004092618,3, OFCL,0, 193N,  460W,45,1000, TS,34, NEQ,100,100,50,50,0,0,0,55,0,    ,0, HSM,360,7, ,,,,,,,
AL,13,2004092618,3, OFCL,3, 197N,  461W,45,1000, TS,34, NEQ,100,100,50,50,0,0,0,55,0,    ,0, HSM,355,8,           ,  ,12, NEQ,150,150,90,90
AL,13,2004092618,3, OFCL,12, 209N,  466W,45,1000, TS,34, NEQ,100,100,50,50,0,0,0,55,0,    ,0, HSM,340,9, ,,,,,,,
AL,13,2004092618,3, OFCL,24, 225N,  475W,45,1000, TS,34, NEQ,100,100,50,50,0,0,0,55,0,    ,0, HSM,335,9, ,,,,,,,
AL,13,2004092618,3, OFCL,36, 238N,  484W,50,1000, TS,34, NEQ,100,100,75,75,0,0,0,60,0,    ,0, HSM,330,8, ,,,,,,,
AL,13,2004092618,3, OFCL,36, 238N,  484W,50,1000, TS,50, AAA,25,0,0,0,0,0,0,60,0,    ,0, HSM,330,8, ,,,,,,,
AL,13,2004092618,3, OFCL,48, 252N,  489W,55,1000, TS,34, AAA,100,0,0,0,0,0,0,65,0,    ,0, HSM,340,7, ,,,,,,,
AL,13,2004092618,3, OFCL,48, 252N,  489W,55,1000, TS,50, AAA,30,0,0,0,0,0,0,65,0,    ,0, HSM,340,7, ,,,,,,,
AL,13,2004092618,3, OFCL,72, 281N,  500W,65,1000, TS,34, AAA,100,0,0,0,0,0,0,80,0,    ,0, HSM,340,8, ,,,,,,,
AL,13,2004092618,3, OFCL,72, 281N,  500W,65,1000, TS,50, AAA,40,0,0,0,0,0,0,80,0,    ,0, HSM,340,8, ,,,,,,,
AL,13,2004092618,3, OFCL,96, 305N,  510W,65,1000, TS,34, NEQ,0,0,0,0,0,0,0,80,0,    ,0, HSM,340,6, ,,,,,,,
AL,13,2004092618,3, OFCL,120, 325N,  520W,65,1000, TS,34, NEQ,0,0,0,0,0,0,0,80,0,    ,0, HSM,335,5, ,,,,,,,
AL,13,2004092700,3, OFCL,0, 195N,  460W,45,1000, TS,34, NEQ,100,100,50,50,0,0,0,55,0,    ,0, HSM,360,5, ,,,,,,,
AL,13,2004092700,3, OFCL,3, 197N,  461W,45,1000, TS,34, NEQ,100,100,50,50,0,0,0,55,0,    ,0, HSM,355,5,           ,  ,12, NEQ,150,150,90,90
AL,13,2004092700,3, OFCL,12, 208N,  464W,45,1000, TS,34, NEQ,100,100,50,50,0,0,0,55,0,    ,0, HSM,345,8, ,,,,,,,
AL,13,2004092700,3, OFCL,24, 224N,  474W,45,1000, TS,34, NEQ,100,100,50,50,0,0,0,55,0,    ,0, HSM,330,9, ,,,,,,,
AL,13,2004092700,3, OFCL,36, 240N,  484W,50,1000, TS,34, NEQ,100,100,75,75,0,0,0,60,0,    ,0, HSM,330,9, ,,,,,,,
AL,13,2004092700,3, OFCL,36, 240N,  484W,50,1000, TS,50, NEQ,50,50,0,0,0,0,0,60,0,    ,0, HSM,330,9, ,,,,,,,
AL,13,2004092700,3, OFCL,48, 254N,  491W,55,1000, TS,34, AAA,100,0,0,0,0,0,0,65,0,    ,0, HSM,335,8, ,,,,,,,
AL,13,2004092700,3, OFCL,48, 254N,  491W,55,1000, TS,50, NEQ,50,50,25,25,0,0,0,65,0,    ,0, HSM,335,8, ,,,,,,,
AL,13,2004092700,3, OFCL,72, 275N,  500W,65,1000, TS,34, AAA,100,0,0,0,0,0,0,80,0,    ,0, HSM,340,6, ,,,,,,,
AL,13,2004092700,3, OFCL,72, 275N,  500W,65,1000, TS,50, AAA,50,0,0,0,0,0,0,80,0,    ,0, HSM,340,6, ,,,,,,,
AL,13,2004092700,3, OFCL,96, 290N,  505W,65,1000, TS,34, NEQ,0,0,0,0,0,0,0,80,0,    ,0, HSM,345,4, ,,,,,,,
AL,13,2004092700,3, OFCL,120, 310N,  510W,65,1000, TS,34, NEQ,0,0,0,0,0,0,0,80,0,    ,0, HSM,350,5, ,,,,,,,
AL,13,2004092706,3, OFCL,0, 200N,  461W,45,1000, TS,34, NEQ,100,100,50,50,0,0,0,55,0,    ,0, HSM,350,5, ,,,,,,,
AL,13,2004092706,3, OFCL,3, 202N,  462W,45,1000, TS,34, NEQ,100,100,50,50,0,0,0,55,0,    ,0, HSM,350,5,           ,  ,12, NEQ,150,150,90,90
AL,13,2004092706,3, OFCL,12, 214N,  465W,45,1000, TS,34, NEQ,100,100,50,50,0,0,0,55,0,    ,0, HSM,345,8, ,,,,,,,
AL,13,2004092706,3, OFCL,24, 228N,  473W,45,1000, TS,34, NEQ,100,100,50,50,0,0,0,55,0,    ,0, HSM,330,8, ,,,,,,,
AL,13,2004092706,3, OFCL,36, 242N,  481W,50,1000, TS,34, NEQ,100,100,75,75,0,0,0,60,0,    ,0, HSM,335,8, ,,,,,,,
AL,13,2004092706,3, OFCL,36, 242N,  481W,50,1000, TS,50, NEQ,50,50,0,0,0,0,0,60,0,    ,0, HSM,335,8, ,,,,,,,
AL,13,2004092706,3, OFCL,48, 256N,  489W,55,1000, TS,34, NEQ,100,100,75,75,0,0,0,65,0,    ,0, HSM,335,8, ,,,,,,,
AL,13,2004092706,3, OFCL,48, 256N,  489W,55,1000, TS,50, NEQ,50,50,25,25,0,0,0,65,0,    ,0, HSM,335,8, ,,,,,,,
AL,13,2004092706,3, OFCL,72, 280N,  501W,65,1000, TS,34, AAA,100,0,0,0,0,0,0,80,0,    ,0, HSM,335,7, ,,,,,,,
AL,13,2004092706,3, OFCL,72, 280N,  501W,65,1000, TS,50, AAA,50,0,0,0,0,0,0,80,0,    ,0, HSM,335,7, ,,,,,,,
AL,13,2004092706,3, OFCL,96, 300N,  510W,65,1000, TS,34, NEQ,0,0,0,0,0,0,0,80,0,    ,0, HSM,340,5, ,,,,,,,
AL,13,2004092706,3, OFCL,120, 315N,  515W,65,1000, TS,34, NEQ,0,0,0,0,0,0,0,80,0,    ,0, HSM,345,4, ,,,,,,,
AL,13,2004092712,3, OFCL,0, 204N,  463W,40,0,   ,34, NEQ,100,100,50,50,0,0,0,50,0,    ,0, HSM,0,0, ,,,,,,,
AL,13,2004092712,3, OFCL,3, 208N,  465W,40,0,   ,34, NEQ,100,100,50,50,0,0,0,50,0,    ,0, HSM,0,0, ,,,,,,,
AL,13,2004092712,3, OFCL,12, 217N,  469W,40,0,   ,34, NEQ,100,100,50,50,0,0,0,50,0,    ,0, HSM,0,0, ,,,,,,,
AL,13,2004092712,3, OFCL,24, 232N,  477W,40,0,   ,34, NEQ,100,100,50,50,0,0,0,50,0,    ,0, HSM,0,0, ,,,,,,,
AL,13,2004092712,3, OFCL,36, 246N,  485W,40,0,   ,34, NEQ,100,100,50,50,0,0,0,50,0,    ,0, HSM,0,0, ,,,,,,,
AL,13,2004092712,3, OFCL,48, 260N,  489W,45,0,   ,34, NEQ,100,100,75,75,0,0,0,55,0,    ,0, HSM,0,0, ,,,,,,,
AL,13,2004092712,3, OFCL,72, 290N,  498W,55,0,   ,34, AAA,100,0,0,0,0,0,0,65,0,    ,0, HSM,0,0, ,,,,,,,
AL,13,2004092712,3, OFCL,72, 290N,  498W,55,0,   ,50, AAA,30,0,0,0,0,0,0,65,0,    ,0, HSM,0,0, ,,,,,,,
AL,13,2004092712,3, OFCL,96, 310N,  505W,65,0,   ,34, NEQ,0,0,0,0,0,0,0,80,0,    ,0, HSM,0,0, ,,,,,,,
AL,13,2004092712,3, OFCL,120, 330N,  510W,65,0,   ,34, NEQ,0,0,0,0,0,0,0,80,0,    ,0, HSM,0,0, ,,,,,,,
AL,13,2004092718,3, OFCL,0, 212N,  464W,35,1005, TS,34, NEQ,100,100,50,50,0,0,0,45,0,    ,0, HSM,355,8, ,,,,,,,
AL,13,2004092718,3, OFCL,3, 215N,  465W,35,1005, TS,34, NEQ,100,100,50,50,0,0,0,45,0,    ,0, HSM,340,7,           ,  ,12, NEQ,210,180,90,90
AL,13,2004092718,3, OFCL,12, 225N,  471W,35,1005, TS,34, NEQ,100,100,50,50,0,0,0,45,0,    ,0, HSM,330,8, ,,,,,,,
AL,13,2004092718,3, OFCL,24, 240N,  479W,35,1005, TS,34, NEQ,100,100,50,50,0,0,0,45,0,    ,0, HSM,335,8, ,,,,,,,
AL,13,2004092718,3, OFCL,36, 255N,  483W,35,1005, TS,34, NEQ,100,100,50,50,0,0,0,45,0,    ,0, HSM,345,8, ,,,,,,,
AL,13,2004092718,3, OFCL,48, 270N,  485W,40,1005, TS,34, NEQ,100,100,75,75,0,0,0,50,0,    ,0, HSM,355,8, ,,,,,,,
AL,13,2004092718,3, OFCL,72, 305N,  490W,50,1005, TS,34, AAA,100,0,0,0,0,0,0,60,0,    ,0, HSM,355,9, ,,,,,,,
AL,13,2004092718,3, OFCL,72, 305N,  490W,50,1005, TS,50, AAA,30,0,0,0,0,0,0,60,0,    ,0, HSM,355,9, ,,,,,,,
AL,13,2004092718,3, OFCL,96, 330N,  490W,60,1005, TS,34, NEQ,0,0,0,0,0,0,0,75,0,    ,0, HSM,360,6, ,,,,,,,
AL,13,2004092718,3, OFCL,120, 350N,  480W,60,1005, TS,34, NEQ,0,0,0,0,0,0,0,75,0,    ,0, HSM,20,5, ,,,,,,,
AL,13,2004092800,3, OFCL,0, 220N,  463W,35,1005, TS,34, NEQ,75,75,25,50,0,0,0,45,0,    ,0, SRS,350,7, ,,,,,,,
AL,13,2004092800,3, OFCL,3, 223N,  464W,35,1005, TS,34, NEQ,75,75,25,50,0,0,0,45,0,    ,0, SRS,350,7,           ,  ,12, NEQ,210,180,90,90
AL,13,2004092800,3, OFCL,12, 234N,  466W,35,1005, TS,34, NEQ,75,75,25,50,0,0,0,45,0,    ,0, SRS,350,7, ,,,,,,,
AL,13,2004092800,3, OFCL,24, 249N,  469W,35,1005, TS,34, NEQ,75,75,25,50,0,0,0,45,0,    ,0, SRS,350,8, ,,,,,,,
AL,13,2004092800,3, OFCL,36, 270N,  472W,40,1005, TS,34, NEQ,85,85,45,60,0,0,0,50,0,    ,0, SRS,355,11, ,,,,,,,
AL,13,2004092800,3, OFCL,48, 290N,  473W,45,1005, TS,34, NEQ,100,100,75,75,0,0,0,55,0,    ,0, SRS,355,10, ,,,,,,,
AL,13,2004092800,3, OFCL,72, 320N,  478W,55,1005, TS,34, AAA,100,0,0,0,0,0,0,65,0,    ,0, SRS,350,8, ,,,,,,,
AL,13,2004092800,3, OFCL,72, 320N,  478W,55,1005, TS,50, AAA,30,0,0,0,0,0,0,65,0,    ,0, SRS,350,8, ,,,,,,,
AL,13,2004092800,3, OFCL,96, 355N,  470W,60,1005, TS,34, NEQ,0,0,0,0,0,0,0,75,0,    ,0, SRS,10,9, ,,,,,,,
AL,13,2004092800,3, OFCL,120, 375N,  445W,55,1005, TS,34, NEQ,0,0,0,0,0,0,0,65,0,    ,0, SRS,45,7, ,,,,,,,
AL,13,2004092806,3, OFCL,0, 227N,  465W,35,1005, TS,34, NEQ,75,75,25,50,0,0,0,45,0,    ,0, JLF,345,8, ,,,,,,,
AL,13,2004092806,3, OFCL,3, 231N,  465W,35,1005, TS,34, NEQ,75,75,25,50,0,0,0,45,0,    ,0, JLF,350,7,           ,  ,12, NEQ,210,180,90,90
AL,13,2004092806,3, OFCL,12, 243N,  466W,35,1005, TS,34, NEQ,75,75,25,50,0,0,0,45,0,    ,0, JLF,355,8, ,,,,,,,
AL,13,2004092806,3, OFCL,24, 263N,  464W,40,1005, TS,34, NEQ,75,75,25,50,0,0,0,50,0,    ,0, JLF,5,10, ,,,,,,,
AL,13,2004092806,3, OFCL,36, 287N,  462W,45,1005, TS,34, NEQ,100,100,60,100,0,0,0,55,0,    ,0, JLF,5,12, ,,,,,,,
AL,13,2004092806,3, OFCL,48, 310N,  460W,55,1005, TS,34, NEQ,100,100,75,100,0,0,0,65,0,    ,0, JLF,5,12, ,,,,,,,
AL,13,2004092806,3, OFCL,48, 310N,  460W,55,1005, TS,50, AAA,30,0,0,0,0,0,0,65,0,    ,0, JLF,5,12, ,,,,,,,
AL,13,2004092806,3, OFCL,72, 350N,  455W,60,1005, TS,34, AAA,100,0,0,0,0,0,0,75,0,    ,0, JLF,5,10, ,,,,,,,
AL,13,2004092806,3, OFCL,72, 350N,  455W,60,1005, TS,50, AAA,30,0,0,0,0,0,0,75,0,    ,0, JLF,5,10, ,,,,,,,
AL,13,2004092806,3, OFCL,96, 380N,  415W,60,1005, TS,34, NEQ,0,0,0,0,0,0,0,75,0,    ,0, JLF,45,11, ,,,,,,,
AL,13,2004092806,3, OFCL,120, 390N,  360W,50,1005, TS,34, NEQ,0,0,0,0,0,0,0,60,0,    ,0, JLF,75,11, ,,,,,,,
AL,13,2004092812,3, OFCL,0, 245N,  471W,45,1000, TS,34, NEQ,75,75,25,50,0,0,0,50,0,    ,0, LAA,345,19, ,,,,,,,
AL,13,2004092812,3, OFCL,3, 250N,  471W,45,1000, TS,34, NEQ,75,75,25,50,0,0,0,55,0,    ,0, LAA,360,10,           ,  ,12, NEQ,250,220,280,240
AL,13,2004092812,3, OFCL,12, 266N,  473W,45,1000, TS,34, NEQ,75,75,25,50,0,0,0,55,0,    ,0, LAA,355,11, ,,,,,,,
AL,13,2004092812,3, OFCL,24, 290N,  475W,50,1000, TS,34, NEQ,100,100,60,100,0,0,0,60,0,    ,0, LAA,355,12, ,,,,,,,
AL,13,2004092812,3, OFCL,24, 290N,  475W,50,1000, TS,50, AAA,30,0,0,0,0,0,0,60,0,    ,0, LAA,355,12, ,,,,,,,
AL,13,2004092812,3, OFCL,36, 310N,  475W,55,1000, TS,34, NEQ,100,100,60,100,0,0,0,65,0,    ,0, LAA,360,10, ,,,,,,,
AL,13,2004092812,3, OFCL,36, 310N,  475W,55,1000, TS,50, AAA,30,0,0,0,0,0,0,65,0,    ,0, LAA,360,10, ,,,,,,,
AL,13,2004092812,3, OFCL,48, 330N,  475W,60,1000, TS,34, NEQ,100,100,75,100,0,0,0,75,0,    ,0, LAA,360,10, ,,,,,,,
AL,13,2004092812,3, OFCL,48, 330N,  475W,60,1000, TS,50, AAA,30,0,0,0,0,0,0,75,0,    ,0, LAA,360,10, ,,,,,,,
AL,13,2004092812,3, OFCL,72, 360N,  475W,60,1000, TS,34, AAA,100,0,0,0,0,0,0,75,0,    ,0, LAA,360,8, ,,,,,,,
AL,13,2004092812,3, OFCL,72, 360N,  475W,60,1000, TS,50, AAA,30,0,0,0,0,0,0,75,0,    ,0, LAA,360,8, ,,,,,,,
AL,13,2004092812,3, OFCL,96, 390N,  440W,60,1000, TS,34, NEQ,0,0,0,0,0,0,0,75,0,    ,0, LAA,40,10, ,,,,,,,
AL,13,2004092812,3, OFCL,120, 410N,  380W,50,1000, TS,34, NEQ,0,0,0,0,0,0,0,60,0,    ,0, LAA,65,13, ,,,,,,,
AL,13,2004092818,3, OFCL,0, 259N,  465W,45,999, TS,34, NEQ,75,75,25,50,0,0,0,55,0,    ,0, LAA,355,15, ,,,,,,,
AL,13,2004092818,3, OFCL,3, 264N,  465W,45,999, TS,34, NEQ,75,75,25,50,0,0,0,55,0,    ,0, LAA,360,10,           ,  ,12, NEQ,250,220,280,240
AL,13,2004092818,3, OFCL,12, 280N,  467W,45,999, TS,34, NEQ,75,75,25,50,0,0,0,55,0,    ,0, LAA,355,11, ,,,,,,,
AL,13,2004092818,3, OFCL,24, 300N,  468W,50,999, TS,34, NEQ,100,100,60,100,0,0,0,60,0,    ,0, LAA,360,10, ,,,,,,,
AL,13,2004092818,3, OFCL,24, 300N,  468W,50,999, TS,50, AAA,30,0,0,0,0,0,0,60,0,    ,0, LAA,360,10, ,,,,,,,
AL,13,2004092818,3, OFCL,36, 320N,  473W,55,999, TS,34, NEQ,100,100,60,100,0,0,0,65,0,    ,0, LAA,350,10, ,,,,,,,
AL,13,2004092818,3, OFCL,36, 320N,  473W,55,999, TS,50, AAA,30,0,0,0,0,0,0,65,0,    ,0, LAA,350,10, ,,,,,,,
AL,13,2004092818,3, OFCL,48, 340N,  480W,60,999, TS,34, NEQ,100,100,75,100,0,0,0,75,0,    ,0, LAA,345,10, ,,,,,,,
AL,13,2004092818,3, OFCL,48, 340N,  480W,60,999, TS,50, AAA,30,0,0,0,0,0,0,75,0,    ,0, LAA,345,10, ,,,,,,,
AL,13,2004092818,3, OFCL,72, 380N,  470W,60,999, TS,34, AAA,100,0,0,0,0,0,0,75,0,    ,0, LAA,10,10, ,,,,,,,
AL,13,2004092818,3, OFCL,72, 380N,  470W,60,999, TS,50, AAA,30,0,0,0,0,0,0,75,0,    ,0, LAA,10,10, ,,,,,,,
AL,13,2004092818,3, OFCL,96, 420N,  400W,60,999, TS,34, NEQ,0,0,0,0,0,0,0,75,0,    ,0, LAA,50,17, ,,,,,,,
AL,13,2004092818,3, OFCL,120, 430N,  340W,50,999, TS,34, NEQ,0,0,0,0,0,0,0,60,0,    ,0, LAA,75,11, ,,,,,,,
AL,13,2004092900,3, OFCL,0, 265N,  465W,55,994, TS,34, NEQ,90,75,25,60,0,0,0,65,0,    ,0, SRS,360,11, ,,,,,,,
AL,13,2004092900,3, OFCL,0, 265N,  465W,55,994, TS,50, NEQ,30,0,0,0,0,0,0,65,0,    ,0, SRS,360,11, ,,,,,,,
AL,13,2004092900,3, OFCL,3, 270N,  465W,55,994, TS,34, NEQ,90,75,25,60,0,0,0,65,0,    ,0, SRS,360,11,           ,  ,12, NEQ,250,220,280,240
AL,13,2004092900,3, OFCL,3, 270N,  465W,55,994, TS,50, NEQ,30,0,0,0,0,0,0,65,0,    ,0, SRS,360,11,           ,  ,12, NEQ,250,220,280,240
AL,13,2004092900,3, OFCL,12, 287N,  467W,55,994, TS,34, NEQ,90,80,30,60,0,0,0,65,0,    ,0, SRS,355,11, ,,,,,,,
AL,13,2004092900,3, OFCL,12, 287N,  467W,55,994, TS,50, NEQ,40,30,0,0,0,0,0,65,0,    ,0, SRS,355,11, ,,,,,,,
AL,13,2004092900,3, OFCL,24, 305N,  473W,60,994, TS,34, NEQ,100,100,60,100,0,0,0,75,0,    ,0, SRS,345,9, ,,,,,,,
AL,13,2004092900,3, OFCL,24, 305N,  473W,60,994, TS,50, NEQ,40,40,20,20,0,0,0,75,0,    ,0, SRS,345,9, ,,,,,,,
AL,13,2004092900,3, OFCL,36, 323N,  482W,65,994, TS,34, NEQ,100,100,60,100,0,0,0,80,0,    ,0, SRS,335,10, ,,,,,,,
AL,13,2004092900,3, OFCL,36, 323N,  482W,65,994, TS,50, NEQ,50,50,25,35,0,0,0,80,0,    ,0, SRS,335,10, ,,,,,,,
AL,13,2004092900,3, OFCL,36, 323N,  482W,65,994, TS,64, NEQ,20,20,0,0,0,0,0,80,0,    ,0, SRS,335,10, ,,,,,,,
AL,13,2004092900,3, OFCL,48, 340N,  487W,60,994, TS,34, NEQ,100,100,75,100,0,0,0,75,0,    ,0, SRS,345,9, ,,,,,,,
AL,13,2004092900,3, OFCL,48, 340N,  487W,60,994, TS,50, NEQ,50,50,25,35,0,0,0,75,0,    ,0, SRS,345,9, ,,,,,,,
AL,13,2004092900,3, OFCL,72, 380N,  470W,60,994, TS,34, NEQ,100,100,75,100,0,0,0,75,0,    ,0, SRS,20,11, ,,,,,,,
AL,13,2004092900,3, OFCL,72, 380N,  470W,60,994, TS,50, NEQ,50,50,25,35,0,0,0,75,0,    ,0, SRS,20,11, ,,,,,,,
AL,13,2004092900,3, OFCL,96, 410N,  420W,55,994, TS,34, NEQ,0,0,0,0,0,0,0,65,0,    ,0, SRS,50,12, ,,,,,,,
AL,13,2004092900,3, OFCL,120, 435N,  320W,50,994, TS,34, NEQ,0,0,0,0,0,0,0,60,0,    ,0, SRS,70,20, ,,,,,,,
AL,13,2004092906,3, OFCL,0, 275N,  462W,60,991, TS,34, NEQ,175,90,25,75,0,0,0,75,0,    ,0, JLF,10,11, ,,,,,,,
AL,13,2004092906,3, OFCL,0, 275N,  462W,60,991, TS,50, NEQ,60,0,0,0,0,0,0,75,0,    ,0, JLF,10,11, ,,,,,,,
AL,13,2004092906,3, OFCL,3, 280N,  461W,60,991, TS,34, NEQ,175,90,25,75,0,0,0,75,0,    ,0, JLF,10,10,           ,  ,12, AAA,300,0,0,0
AL,13,2004092906,3, OFCL,3, 280N,  461W,60,991, TS,50, NEQ,60,0,0,0,0,0,0,75,0,    ,0, JLF,10,10,           ,  ,12, AAA,300,0,0,0
AL,13,2004092906,3, OFCL,12, 295N,  462W,60,991, TS,34, NEQ,175,90,25,75,0,0,0,75,0,    ,0, JLF,355,10, ,,,,,,,
AL,13,2004092906,3, OFCL,12, 295N,  462W,60,991, TS,50, NEQ,60,0,0,0,0,0,0,75,0,    ,0, JLF,355,10, ,,,,,,,
AL,13,2004092906,3, OFCL,24, 313N,  470W,65,991, TS,34, NEQ,125,100,50,100,0,0,0,80,0,    ,0, JLF,340,10, ,,,,,,,
AL,13,2004092906,3, OFCL,24, 313N,  470W,65,991, TS,50, NEQ,50,50,25,50,0,0,0,80,0,    ,0, JLF,340,10, ,,,,,,,
AL,13,2004092906,3, OFCL,24, 313N,  470W,65,991, TS,64, NEQ,25,0,0,0,0,0,0,80,0,    ,0, JLF,340,10, ,,,,,,,
AL,13,2004092906,3, OFCL,36, 330N,  480W,65,991, TS,34, NEQ,125,100,50,100,0,0,0,80,0,    ,0, JLF,335,9, ,,,,,,,
AL,13,2004092906,3, OFCL,36, 330N,  480W,65,991, TS,50, NEQ,50,50,25,50,0,0,0,80,0,    ,0, JLF,335,9, ,,,,,,,
AL,13,2004092906,3, OFCL,36, 330N,  480W,65,991, TS,64, NEQ,25,0,0,0,0,0,0,80,0,    ,0, JLF,335,9, ,,,,,,,
AL,13,2004092906,3, OFCL,48, 350N,  485W,60,991, TS,34, NEQ,125,100,50,100,0,0,0,75,0,    ,0, JLF,350,10, ,,,,,,,
AL,13,2004092906,3, OFCL,48, 350N,  485W,60,991, TS,50, NEQ,50,50,25,50,0,0,0,75,0,    ,0, JLF,350,10, ,,,,,,,
AL,13,2004092906,3, OFCL,72, 380N,  465W,55,991, TS,34, NEQ,125,100,50,100,0,0,0,65,0,    ,0, JLF,30,9, ,,,,,,,
AL,13,2004092906,3, OFCL,72, 380N,  465W,55,991, TS,50, NEQ,50,50,25,50,0,0,0,65,0,    ,0, JLF,30,9, ,,,,,,,
AL,13,2004092906,3, OFCL,96, 420N,  400W,50,991, TS,34, NEQ,0,0,0,0,0,0,0,60,0,    ,0, JLF,50,16, ,,,,,,,
AL,13,2004092906,3, OFCL,120, 435N,  300W,45,991, TS,34, NEQ,0,0,0,0,0,0,0,55,0,    ,0, JLF,75,19, ,,,,,,,
AL,13,2004092912,3, OFCL,0, 292N,  458W,60,990, TS,34, NEQ,175,90,60,75,0,0,0,75,0,    ,0, HSM,10,17, ,,,,,,,
AL,13,2004092912,3, OFCL,0, 292N,  458W,60,990, TS,50, NEQ,60,0,0,0,0,0,0,75,0,    ,0, HSM,10,17, ,,,,,,,
AL,13,2004092912,3, OFCL,3, 297N,  458W,60,990, TS,34, NEQ,175,90,60,75,0,0,0,75,0,    ,0, HSM,360,10,           ,  ,12, AAA,300,0,0,0
AL,13,2004092912,3, OFCL,3, 297N,  458W,60,990, TS,50, NEQ,60,0,0,0,0,0,0,75,0,    ,0, HSM,360,10,           ,  ,12, AAA,300,0,0,0
AL,13,2004092912,3, OFCL,12, 311N,  462W,65,990, TS,34, NEQ,175,90,60,75,0,0,0,80,0,    ,0, HSM,345,10, ,,,,,,,
AL,13,2004092912,3, OFCL,12, 311N,  462W,65,990, TS,50, NEQ,60,0,0,0,0,0,0,80,0,    ,0, HSM,345,10, ,,,,,,,
AL,13,2004092912,3, OFCL,12, 311N,  462W,65,990, TS,64, NEQ,25,0,0,0,0,0,0,80,0,    ,0, HSM,345,10, ,,,,,,,
AL,13,2004092912,3, OFCL,24, 330N,  475W,65,990, TS,34, NEQ,125,100,60,100,0,0,0,80,0,    ,0, HSM,330,11, ,,,,,,,
AL,13,2004092912,3, OFCL,24, 330N,  475W,65,990, TS,50, NEQ,50,50,25,50,0,0,0,80,0,    ,0, HSM,330,11, ,,,,,,,
AL,13,2004092912,3, OFCL,24, 330N,  475W,65,990, TS,64, NEQ,25,0,0,0,0,0,0,80,0,    ,0, HSM,330,11, ,,,,,,,
AL,13,2004092912,3, OFCL,36, 350N,  480W,65,990, TS,34, NEQ,125,100,60,100,0,0,0,80,0,    ,0, HSM,350,10, ,,,,,,,
AL,13,2004092912,3, OFCL,36, 350N,  480W,65,990, TS,50, NEQ,50,50,25,50,0,0,0,80,0,    ,0, HSM,350,10, ,,,,,,,
AL,13,2004092912,3, OFCL,36, 350N,  480W,65,990, TS,64, NEQ,25,0,0,0,0,0,0,80,0,    ,0, HSM,350,10, ,,,,,,,
AL,13,2004092912,3, OFCL,48, 365N,  480W,60,990, TS,34, NEQ,125,100,60,100,0,0,0,75,0,    ,0, HSM,360,8, ,,,,,,,
AL,13,2004092912,3, OFCL,48, 365N,  480W,60,990, TS,50, NEQ,50,50,25,50,0,0,0,75,0,    ,0, HSM,360,8, ,,,,,,,
AL,13,2004092912,3, OFCL,72, 405N,  440W,55,990, TS,34, NEQ,125,100,60,100,0,0,0,65,0,    ,0, HSM,35,13, ,,,,,,,
AL,13,2004092912,3, OFCL,72, 405N,  440W,55,990, TS,50, NEQ,50,50,25,50,0,0,0,65,0,    ,0, HSM,35,13, ,,,,,,,
AL,13,2004092912,3, OFCL,96, 440N,  370W,50,990, TS,34, NEQ,0,0,0,0,0,0,0,60,0,    ,0, HSM,55,16, ,,,,,,,
AL,13,2004092912,3, OFCL,120, 450N,  260W,45,990, TS,34, NEQ,0,0,0,0,0,0,0,55,0,    ,0, HSM,80,20, ,,,,,,,
AL,13,2004092918,3, OFCL,0, 304N,  458W,60,990, TS,34, NEQ,175,90,60,75,0,0,0,75,0,    ,0, LAA,360,12, ,,,,,,,
AL,13,2004092918,3, OFCL,0, 304N,  458W,60,990, TS,50, NEQ,60,0,0,0,0,0,0,75,0,    ,0, LAA,360,12, ,,,,,,,
AL,13,2004092918,3, OFCL,3, 309N,  459W,60,990, TS,34, NEQ,175,90,60,75,0,0,0,75,0,    ,0, LAA,350,10,           ,  ,12, AAA,300,0,0,0
AL,13,2004092918,3, OFCL,3, 309N,  459W,60,990, TS,50, NEQ,60,0,0,0,0,0,0,75,0,    ,0, LAA,350,10,           ,  ,12, AAA,300,0,0,0
AL,13,2004092918,3, OFCL,12, 325N,  463W,65,990, TS,34, NEQ,175,90,60,75,0,0,0,80,0,    ,0, LAA,350,11, ,,,,,,,
AL,13,2004092918,3, OFCL,12, 325N,  463W,65,990, TS,50, NEQ,60,0,0,0,0,0,0,80,0,    ,0, LAA,350,11, ,,,,,,,
AL,13,2004092918,3, OFCL,12, 325N,  463W,65,990, TS,64, NEQ,25,0,0,0,0,0,0,80,0,    ,0, LAA,350,11, ,,,,,,,
AL,13,2004092918,3, OFCL,24, 340N,  473W,65,990, TS,34, NEQ,175,100,60,100,0,0,0,80,0,    ,0, LAA,330,9, ,,,,,,,
AL,13,2004092918,3, OFCL,24, 340N,  473W,65,990, TS,50, NEQ,50,50,25,50,0,0,0,80,0,    ,0, LAA,330,9, ,,,,,,,
AL,13,2004092918,3, OFCL,24, 340N,  473W,65,990, TS,64, NEQ,25,0,0,0,0,0,0,80,0,    ,0, LAA,330,9, ,,,,,,,
AL,13,2004092918,3, OFCL,36, 360N,  475W,65,990, TS,34, NEQ,175,100,60,100,0,0,0,80,0,    ,0, LAA,355,10, ,,,,,,,
AL,13,2004092918,3, OFCL,36, 360N,  475W,65,990, TS,50, NEQ,50,50,25,50,0,0,0,80,0,    ,0, LAA,355,10, ,,,,,,,
AL,13,2004092918,3, OFCL,36, 360N,  475W,65,990, TS,64, NEQ,25,0,0,0,0,0,0,80,0,    ,0, LAA,355,10, ,,,,,,,
AL,13,2004092918,3, OFCL,48, 380N,  465W,60,990, TS,34, NEQ,175,100,60,100,0,0,0,75,0,    ,0, LAA,20,11, ,,,,,,,
AL,13,2004092918,3, OFCL,48, 380N,  465W,60,990, TS,50, NEQ,50,50,25,50,0,0,0,75,0,    ,0, LAA,20,11, ,,,,,,,
AL,13,2004092918,3, OFCL,72, 420N,  400W,45,990, TS,34, NEQ,175,100,60,100,0,0,0,55,0,    ,0, LAA,50,16, ,,,,,,,
AL,13,2004093000,3, OFCL,0, 311N,  461W,60,990, TS,34, NEQ,175,100,60,100,0,0,0,75,0,    ,0, SRS,345,9, ,,,,,,,
AL,13,2004093000,3, OFCL,0, 311N,  461W,60,990, TS,50, NEQ,60,30,0,0,0,0,0,75,0,    ,0, SRS,345,9, ,,,,,,,
AL,13,2004093000,3, OFCL,3, 315N,  462W,60,990, TS,34, NEQ,175,100,60,100,0,0,0,75,0,    ,0, SRS,340,9,           ,  ,12, AAA,300,0,0,0
AL,13,2004093000,3, OFCL,3, 315N,  462W,60,990, TS,50, NEQ,60,30,0,0,0,0,0,75,0,    ,0, SRS,340,9,           ,  ,12, AAA,300,0,0,0
AL,13,2004093000,3, OFCL,12, 328N,  470W,65,990, TS,34, NEQ,175,100,60,100,0,0,0,80,0,    ,0, SRS,335,10, ,,,,,,,
AL,13,2004093000,3, OFCL,12, 328N,  470W,65,990, TS,50, NEQ,60,30,0,0,0,0,0,80,0,    ,0, SRS,335,10, ,,,,,,,
AL,13,2004093000,3, OFCL,12, 328N,  470W,65,990, TS,64, NEQ,25,0,0,0,0,0,0,80,0,    ,0, SRS,335,10, ,,,,,,,
AL,13,2004093000,3, OFCL,24, 347N,  475W,60,990, TS,34, NEQ,175,100,60,100,0,0,0,75,0,    ,0, SRS,350,10, ,,,,,,,
AL,13,2004093000,3, OFCL,24, 347N,  475W,60,990, TS,50, NEQ,50,50,25,50,0,0,0,75,0,    ,0, SRS,350,10, ,,,,,,,
AL,13,2004093000,3, OFCL,36, 367N,  470W,60,990, TS,34, NEQ,175,100,60,100,0,0,0,75,0,    ,0, SRS,10,10, ,,,,,,,
AL,13,2004093000,3, OFCL,36, 367N,  470W,60,990, TS,50, NEQ,50,50,25,50,0,0,0,75,0,    ,0, SRS,10,10, ,,,,,,,
AL,13,2004093000,3, OFCL,48, 386N,  450W,55,990, TS,34, NEQ,150,120,75,75,0,0,0,65,0,    ,0, SRS,40,12, ,,,,,,,
AL,13,2004093000,3, OFCL,48, 386N,  450W,55,990, TS,50, NEQ,50,50,25,50,0,0,0,65,0,    ,0, SRS,40,12, ,,,,,,,
AL,13,2004093000,3, OFCL,72, 425N,  375W,45,990, TS,34, NEQ,150,150,100,75,0,0,0,55,0,    ,0, SRS,55,17, ,,,,,,,
AL,13,2004093006,3, OFCL,0, 320N,  467W,60,990, TS,34, NEQ,200,200,100,150,0,0,0,75,0,    ,0, JLF,330,10, ,,,,,,,
AL,13,2004093006,3, OFCL,0, 320N,  467W,60,990, TS,50, NEQ,30,40,40,40,0,0,0,75,0,    ,0, JLF,330,10, ,,,,,,,
AL,13,2004093006,3, OFCL,3, 325N,  470W,60,990, TS,34, NEQ,200,200,100,150,0,0,0,75,0,    ,0, JLF,335,10,           ,  ,12, NEQ,200,300,300,200
AL,13,2004093006,3, OFCL,3, 325N,  470W,60,990, TS,50, NEQ,30,40,40,40,0,0,0,75,0,    ,0, JLF,335,10,           ,  ,12, NEQ,200,300,300,200
AL,13,2004093006,3, OFCL,12, 338N,  476W,60,990, TS,34, NEQ,200,200,150,150,0,0,0,75,0,    ,0, JLF,340,9, ,,,,,,,
AL,13,2004093006,3, OFCL,12, 338N,  476W,60,990, TS,50, AAA,30,0,0,0,0,0,0,75,0,    ,0, JLF,340,9, ,,,,,,,
AL,13,2004093006,3, OFCL,24, 356N,  477W,55,990, TS,34, NEQ,175,175,175,150,0,0,0,65,0,    ,0, JLF,355,9, ,,,,,,,
AL,13,2004093006,3, OFCL,24, 356N,  477W,55,990, TS,50, AAA,30,0,0,0,0,0,0,65,0,    ,0, JLF,355,9, ,,,,,,,
AL,13,2004093006,3, OFCL,36, 377N,  465W,45,990, TS,34, NEQ,100,175,100,100,0,0,0,55,0,    ,0, JLF,25,12, ,,,,,,,
AL,13,2004093012,3, OFCL,0, 324N,  474W,55,994, TS,34, NEQ,200,200,100,150,0,0,0,65,0,    ,0, HSM,305,7, ,,,,,,,
AL,13,2004093012,3, OFCL,0, 324N,  474W,55,994, TS,50, NEQ,30,40,40,40,0,0,0,65,0,    ,0, HSM,305,7, ,,,,,,,
AL,13,2004093012,3, OFCL,3, 328N,  477W,55,994, TS,34, NEQ,200,200,100,150,0,0,0,65,0,    ,0, HSM,340,10,           ,  ,12, AAA,200,0,0,0
AL,13,2004093012,3, OFCL,3, 328N,  477W,55,994, TS,50, NEQ,30,40,40,40,0,0,0,65,0,    ,0, HSM,340,10,           ,  ,12, AAA,200,0,0,0
AL,13,2004093012,3, OFCL,12, 342N,  480W,45,994, TS,34, NEQ,200,200,150,150,0,0,0,55,0,    ,0, HSM,350,9, ,,,,,,,
AL,13,2004093012,3, OFCL,24, 367N,  480W,40,994, TS,34, NEQ,175,175,175,150,0,0,0,50,0,    ,0, HSM,360,13, ,,,,,,,
AL,13,2004093012,3, OFCL,36, 393N,  464W,35,994, TS,34, NEQ,100,175,100,100,0,0,0,45,0,    ,0, HSM,25,14, ,,,,,,,
AL,13,2004093018,3, OFCL,0, 331N,  478W,60,990, TS,34, NEQ,200,200,100,150,0,0,0,75,0,    ,0, LAA,335,8, ,,,,,,,
AL,13,2004093018,3, OFCL,0, 331N,  478W,60,990, TS,50, NEQ,40,40,40,40,0,0,0,75,0,    ,0, LAA,335,8, ,,,,,,,
AL,13,2004093018,3, OFCL,3, 336N,  479W,60,990, TS,34, NEQ,200,200,100,150,0,0,0,75,0,    ,0, LAA,340,10,           ,  ,12, AAA,300,0,0,0
AL,13,2004093018,3, OFCL,3, 336N,  479W,60,990, TS,50, NEQ,40,40,40,40,0,0,0,75,0,    ,0, LAA,340,10,           ,  ,12, AAA,300,0,0,0
AL,13,2004093018,3, OFCL,12, 352N,  484W,60,990, TS,34, NEQ,200,200,100,150,0,0,0,75,0,    ,0, LAA,345,11, ,,,,,,,
AL,13,2004093018,3, OFCL,12, 352N,  484W,60,990, TS,50, NEQ,40,0,0,0,0,0,0,75,0,    ,0, LAA,345,11, ,,,,,,,
AL,13,2004093018,3, OFCL,24, 375N,  470W,50,990, TS,34, NEQ,200,200,100,150,0,0,0,60,0,    ,0, LAA,25,13, ,,,,,,,
AL,13,2004093018,3, OFCL,24, 375N,  470W,50,990, TS,50, NEQ,40,0,0,0,0,0,0,60,0,    ,0, LAA,25,13, ,,,,,,,
AL,13,2004093018,3, OFCL,36, 405N,  435W,40,990, TS,34, NEQ,200,200,100,100,0,0,0,50,0,    ,0, LAA,40,20, ,,,,,,,
AL,13,2004093018,3, OFCL,48, 440N,  380W,35,990, TS,34, NEQ,200,200,100,100,0,0,0,45,0,    ,0, LAA,45,27, ,,,,,,,
AL,13,2004100100,3, OFCL,0, 341N,  478W,60,990, TS,34, NEQ,200,200,100,150,0,0,0,75,0,    ,0, SRS,360,10, ,,,,,,,
AL,13,2004100100,3, OFCL,0, 341N,  478W,60,990, TS,50, NEQ,40,40,40,40,0,0,0,75,0,    ,0, SRS,360,10, ,,,,,,,
AL,13,2004100100,3, OFCL,3, 346N,  477W,60,990, TS,34, NEQ,200,200,100,150,0,0,0,75,0,    ,0, SRS,5,10,           ,  ,12, AAA,300,0,0,0
AL,13,2004100100,3, OFCL,3, 346N,  477W,60,990, TS,50, NEQ,40,40,40,40,0,0,0,75,0,    ,0, SRS,5,10,           ,  ,12, AAA,300,0,0,0
AL,13,2004100100,3, OFCL,12, 363N,  473W,60,990, TS,34, NEQ,200,200,100,150,0,0,0,75,0,    ,0, SRS,10,12, ,,,,,,,
AL,13,2004100100,3, OFCL,12, 363N,  473W,60,990, TS,50, AAA,40,0,0,0,0,0,0,75,0,    ,0, SRS,10,12, ,,,,,,,
AL,13,2004100100,3, OFCL,24, 390N,  448W,55,990, TS,34, NEQ,200,200,100,150,0,0,0,65,0,    ,0, SRS,35,17, ,,,,,,,
AL,13,2004100100,3, OFCL,24, 390N,  448W,55,990, TS,50, AAA,40,0,0,0,0,0,0,65,0,    ,0, SRS,35,17, ,,,,,,,
AL,13,2004100100,3, OFCL,36, 422N,  404W,45,990, TS,34, NEQ,200,200,100,100,0,0,0,55,0,    ,0, SRS,45,23, ,,,,,,,
AL,13,2004100100,3, OFCL,48, 450N,  330W,35,990, TS,34, NEQ,200,200,100,100,0,0,0,45,0,    ,0, SRS,60,30, ,,,,,,,
AL,13,2004100106,3, OFCL,0, 351N,  476W,60,990, TS,34, NEQ,200,200,125,150,0,0,0,75,0,    ,0, JLB,10,10, ,,,,,,,
AL,13,2004100106,3, OFCL,0, 351N,  476W,60,990, TS,50, NEQ,40,40,40,40,0,0,0,75,0,    ,0, JLB,10,10, ,,,,,,,
AL,13,2004100106,3, OFCL,3, 356N,  474W,60,990, TS,34, NEQ,200,200,125,150,0,0,0,75,0,    ,0, JLB,10,10,           ,  ,12, NEQ,300,300,300,300
AL,13,2004100106,3, OFCL,3, 356N,  474W,60,990, TS,50, NEQ,40,40,40,40,0,0,0,75,0,    ,0, JLB,10,10,           ,  ,12, NEQ,300,300,300,300
AL,13,2004100106,3, OFCL,12, 376N,  460W,55,990, TS,34, NEQ,200,200,125,150,0,0,0,65,0,    ,0, JLB,30,15, ,,,,,,,
AL,13,2004100106,3, OFCL,12, 376N,  460W,55,990, TS,50, AAA,40,0,0,0,0,0,0,65,0,    ,0, JLB,30,15, ,,,,,,,
AL,13,2004100106,3, OFCL,24, 405N,  425W,50,990, TS,34, NEQ,200,200,125,150,0,0,0,60,0,    ,0, JLB,40,20, ,,,,,,,
AL,13,2004100106,3, OFCL,24, 405N,  425W,50,990, TS,50, AAA,40,0,0,0,0,0,0,60,0,    ,0, JLB,40,20, ,,,,,,,
AL,13,2004100106,3, OFCL,36, 434N,  370W,45,990, TS,34, NEQ,200,200,100,100,0,0,0,55,0,    ,0, JLB,55,25, ,,,,,,,
AL,13,2004100106,3, OFCL,48, 460N,  285W,35,990, TS,34, NEQ,200,200,100,100,0,0,0,45,0,    ,0, JLB,65,33, ,,,,,,,
AL,13,2004100112,3, OFCL,0, 363N,  470W,60,990, TS,34, NEQ,200,120,100,50,0,0,0,75,0,    ,0, LAA,20,13, ,,,,,,,
AL,13,2004100112,3, OFCL,0, 363N,  470W,60,990, TS,50, NEQ,40,40,0,0,0,0,0,75,0,    ,0, LAA,20,13, ,,,,,,,
AL,13,2004100112,3, OFCL,3, 369N,  465W,60,990, TS,34, NEQ,200,120,100,50,0,0,0,75,0,    ,0, LAA,35,15,           ,  ,12, AAA,300,0,0,0
AL,13,2004100112,3, OFCL,3, 369N,  465W,60,990, TS,50, NEQ,40,40,0,0,0,0,0,75,0,    ,0, LAA,35,15,           ,  ,12, AAA,300,0,0,0
AL,13,2004100112,3, OFCL,12, 390N,  445W,55,990, TS,34, NEQ,200,120,100,50,0,0,0,65,0,    ,0, LAA,35,18, ,,,,,,,
AL,13,2004100112,3, OFCL,12, 390N,  445W,55,990, TS,50, NEQ,40,40,0,0,0,0,0,65,0,    ,0, LAA,35,18, ,,,,,,,
AL,13,2004100112,3, OFCL,24, 420N,  395W,50,990, TS,34, NEQ,200,200,100,100,0,0,0,60,0,    ,0, LAA,50,24, ,,,,,,,
AL,13,2004100112,3, OFCL,24, 420N,  395W,50,990, TS,50, NEQ,40,40,0,0,0,0,0,60,0,    ,0, LAA,50,24, ,,,,,,,
AL,13,2004100112,3, OFCL,36, 440N,  335W,45,990, TS,34, NEQ,200,200,100,100,0,0,0,55,0,    ,0, LAA,65,24, ,,,,,,,
AL,13,2004100112,3, OFCL,48, 465N,  245W,35,990, TS,34, NEQ,200,200,100,100,0,0,0,45,0,    ,0, LAA,65,34, ,,,,,,,
AL,13,2004100118,3, OFCL,0, 377N,  459W,65,987, HU,34, NEQ,200,120,100,50,0,0,0,80,20,    ,0, LAA,30,17, ,,,,,,,
AL,13,2004100118,3, OFCL,0, 377N,  459W,65,987, HU,50, NEQ,40,40,0,0,0,0,0,80,20,    ,0, LAA,30,17, ,,,,,,,
AL,13,2004100118,3, OFCL,0, 377N,  459W,65,987, HU,64, NEQ,20,20,0,0,0,0,0,80,20,    ,0, LAA,30,17, ,,,,,,,
AL,13,2004100118,3, OFCL,3, 384N,  451W,65,987, HU,34, NEQ,200,120,100,50,0,0,0,80,20,    ,0, LAA,40,19,           ,  ,12, AAA,300,0,0,0
AL,13,2004100118,3, OFCL,3, 384N,  451W,65,987, HU,50, NEQ,40,40,0,0,0,0,0,80,20,    ,0, LAA,40,19,           ,  ,12, AAA,300,0,0,0
AL,13,2004100118,3, OFCL,3, 384N,  451W,65,987, HU,64, NEQ,20,20,0,0,0,0,0,80,20,    ,0, LAA,40,19,           ,  ,12, AAA,300,0,0,0
AL,13,2004100118,3, OFCL,12, 405N,  425W,55,987, HU,34, NEQ,200,120,100,50,0,0,0,65,20,    ,0, LAA,45,19, ,,,,,,,
AL,13,2004100118,3, OFCL,12, 405N,  425W,55,987, HU,50, NEQ,40,40,0,0,0,0,0,65,20,    ,0, LAA,45,19, ,,,,,,,
AL,13,2004100118,3, OFCL,24, 435N,  370W,45,987, HU,34, NEQ,200,200,100,100,0,0,0,55,20,    ,0, LAA,50,25, ,,,,,,,
AL,13,2004100118,3, OFCL,36, 455N,  290W,35,987, HU,34, NEQ,200,200,100,100,0,0,0,45,20,    ,0, LAA,70,30, ,,,,,,,
AL,13,2004100200,3, OFCL,0, 389N,  438W,60,988, TS,34, NEQ,100,150,75,50,0,0,0,75,0,    ,0, MBL,55,20, ,,,,,,,
AL,13,2004100200,3, OFCL,0, 389N,  438W,60,988, TS,50, NEQ,50,75,0,0,0,0,0,75,0,    ,0, MBL,55,20, ,,,,,,,
AL,13,2004100200,3, OFCL,3, 396N,  428W,60,988, TS,34, NEQ,100,150,75,50,0,0,0,75,0,    ,0, MBL,50,21, ,,,,,,,
AL,13,2004100200,3, OFCL,3, 396N,  428W,60,988, TS,50, NEQ,50,75,0,0,0,0,0,75,0,    ,0, MBL,50,21, ,,,,,,,
AL,13,2004100200,3, OFCL,12, 415N,  395W,55,988, TS,34, NEQ,100,150,75,50,0,0,0,65,0,    ,0, MBL,50,21, ,,,,,,,
AL,13,2004100200,3, OFCL,12, 415N,  395W,55,988, TS,50, NEQ,50,75,0,0,0,0,0,65,0,    ,0, MBL,50,21, ,,,,,,,
AL,13,2004100200,3, OFCL,24, 442N,  326W,45,988, TS,34, NEQ,100,150,75,50,0,0,0,55,0,    ,0, MBL,60,29, ,,,,,,,
AL,13,2004100200,3, OFCL,36, 456N,  238W,35,988, TS,34, NEQ,100,150,75,50,0,0,0,45,0,    ,0, MBL,75,32, ,,,,,,,
AL,13,2004100200,3, OFCL,48, 465N,  132W,45,988, TS,34, NEQ,0,0,0,0,0,0,0,55,0,    ,0, MBL,80,37, ,,,,,,,
AL,13,2004100206,3, OFCL,0, 403N,  416W,65,987, HU,34, NEQ,100,150,75,50,0,0,0,80,20,    ,0, JLB,50,21, ,,,,,,,
AL,13,2004100206,3, OFCL,0, 403N,  416W,65,987, HU,50, NEQ,50,75,0,0,0,0,0,80,20,    ,0, JLB,50,21, ,,,,,,,
AL,13,2004100206,3, OFCL,0, 403N,  416W,65,987, HU,64, NEQ,20,20,0,0,0,0,0,80,20,    ,0, JLB,50,21, ,,,,,,,
AL,13,2004100206,3, OFCL,3, 408N,  405W,65,987, HU,34, NEQ,100,150,75,50,0,0,0,80,20,    ,0, JLB,50,21,           ,  ,12, NEQ,200,200,125,150
AL,13,2004100206,3, OFCL,3, 408N,  405W,65,987, HU,50, NEQ,50,75,0,0,0,0,0,80,20,    ,0, JLB,50,21,           ,  ,12, NEQ,200,200,125,150
AL,13,2004100206,3, OFCL,3, 408N,  405W,65,987, HU,64, NEQ,20,20,0,0,0,0,0,80,20,    ,0, JLB,50,21,           ,  ,12, NEQ,200,200,125,150
AL,13,2004100206,3, OFCL,12, 430N,  361W,60,987, HU,34, NEQ,100,150,75,50,0,0,0,75,20,    ,0, JLB,55,26, ,,,,,,,
AL,13,2004100206,3, OFCL,12, 430N,  361W,60,987, HU,50, NEQ,50,75,0,0,0,0,0,75,20,    ,0, JLB,55,26, ,,,,,,,
AL,13,2004100206,3, OFCL,24, 449N,  281W,50,987, HU,34, NEQ,100,150,75,50,0,0,0,60,20,    ,0, JLB,70,30, ,,,,,,,
AL,13,2004100206,3, OFCL,24, 449N,  281W,50,987, HU,50, NEQ,50,75,0,0,0,0,0,60,20,    ,0, JLB,70,30, ,,,,,,,
AL,13,2004100206,3, OFCL,36, 461N,  185W,40,987, HU,34, NEQ,100,150,75,50,0,0,0,50,20,    ,0, JLB,75,34, ,,,,,,,
AL,13,2004100212,3, OFCL,0, 413N,  383W,65,987, HU,34, NEQ,100,150,75,50,0,0,0,80,0,    ,0, LAA,65,27, ,,,,,,,
AL,13,2004100212,3, OFCL,0, 413N,  383W,65,987, HU,50, NEQ,50,75,0,0,0,0,0,80,0,    ,0, LAA,65,27, ,,,,,,,
AL,13,2004100212,3, OFCL,0, 413N,  383W,65,987, HU,64, NEQ,20,20,0,0,0,0,0,80,0,    ,0, LAA,65,27, ,,,,,,,
AL,13,2004100212,3, OFCL,3, 420N,  368W,65,987, HU,34, NEQ,100,150,75,50,0,0,0,80,0,    ,0, LAA,60,26,           ,  ,12, NEQ,200,200,125,150
AL,13,2004100212,3, OFCL,3, 420N,  368W,65,987, HU,50, NEQ,50,75,0,0,0,0,0,80,0,    ,0, LAA,60,26,           ,  ,12, NEQ,200,200,125,150
AL,13,2004100212,3, OFCL,3, 420N,  368W,65,987, HU,64, NEQ,20,20,0,0,0,0,0,80,0,    ,0, LAA,60,26,           ,  ,12, NEQ,200,200,125,150
AL,13,2004100212,3, OFCL,12, 440N,  320W,55,987, HU,34, NEQ,100,150,75,50,0,0,0,65,0,    ,0, LAA,60,27, ,,,,,,,
AL,13,2004100212,3, OFCL,12, 440N,  320W,55,987, HU,50, NEQ,50,75,0,0,0,0,0,65,0,    ,0, LAA,60,27, ,,,,,,,
AL,13,2004100212,3, OFCL,24, 455N,  230W,45,987, HU,34, NEQ,100,150,75,50,0,0,0,55,0,    ,0, LAA,75,33, ,,,,,,,
AL,13,2004100218,3, OFCL,0, 425N,  365W,55,990, TS,34, NEQ,150,150,50,50,0,0,0,65,0,    ,0, LAA,50,18, ,,,,,,,
AL,13,2004100218,3, OFCL,0, 425N,  365W,55,990, TS,50, NEQ,50,50,0,0,0,0,0,65,0,    ,0, LAA,50,18, ,,,,,,,
AL,13,2004100218,3, OFCL,3, 431N,  347W,55,990, TS,34, NEQ,150,150,50,50,0,0,0,65,0,    ,0, LAA,65,28,           ,  ,12, NEQ,200,200,75,75
AL,13,2004100218,3, OFCL,3, 431N,  347W,55,990, TS,50, NEQ,50,50,0,0,0,0,0,65,0,    ,0, LAA,65,28,           ,  ,12, NEQ,200,200,75,75
AL,13,2004100218,3, OFCL,12, 445N,  290W,50,990, TS,34, NEQ,150,150,25,20,0,0,0,60,0,    ,0, LAA,70,29, ,,,,,,,
AL,13,2004100218,3, OFCL,12, 445N,  290W,50,990, TS,50, NEQ,50,50,0,0,0,0,0,60,0,    ,0, LAA,70,29, ,,,,,,,
AL,13,2004100218,3, OFCL,24, 465N,  200W,40,990, TS,34, NEQ,150,150,0,0,0,0,0,50,0,    ,0, LAA,70,33, ,,,,,,,
AL,13,2004100300,3, OFCL,0, 436N,  333W,50,992, TS,34, NEQ,0,125,125,0,0,0,0,60,0,    ,0, MBL,60,23, ,,,,,,,
AL,13,2004100300,3, OFCL,0, 436N,  333W,50,992, TS,50, NEQ,0,50,50,0,0,0,0,60,0,    ,0, MBL,60,23, ,,,,,,,
AL,13,2004100300,3, OFCL,3, 439N,  316W,50,992, TS,34, NEQ,0,125,125,0,0,0,0,60,0,    ,0, MBL,60,23,           ,  ,12, NEQ,200,300,300,0
AL,13,2004100300,3, OFCL,3, 439N,  316W,50,992, TS,50, NEQ,0,50,50,0,0,0,0,60,0,    ,0, MBL,60,23,           ,  ,12, NEQ,200,300,300,0
AL,13,2004100300,3, OFCL,12, 449N,  259W,45,992, TS,34, NEQ,0,125,125,0,0,0,0,55,0,    ,0, MBL,75,28, ,,,,,,,
AL,13,2004100300,3, OFCL,24, 460N,  170W,35,992, TS,34, NEQ,0,125,125,0,0,0,0,45,0,    ,0, MBL,75,32, ,,,,,,,