AL,9,2017081712,3, OFCL,0, 131N,  533W,30,0, LO,34, NEQ,0,0,0,0,0,0,0,40,0,    ,0, JLB,265,14, ,,,,,,,,
AL,9,2017081712,3, OFCL,3, 131N,  541W,30,1008, LO,34, NEQ,0,0,0,0,0,0,0,40,0,    ,0, JLB,270,15, ,,,,,,,,
AL,9,2017081712,3, OFCL,12, 131N,  564W,30,0, TD,34, NEQ,0,0,0,0,0,0,0,40,0,    ,0, JLB,270,15, ,,,,,,,,
AL,9,2017081712,3, OFCL,24, 132N,  598W,35,0, TS,34, NEQ,50,0,0,50,0,0,0,45,0,    ,0, JLB,270,17, ,,,,,,,,
AL,9,2017081712,3, OFCL,36, 135N,  632W,40,0, TS,34, NEQ,60,0,0,60,0,0,0,50,0,    ,0, JLB,275,17, ,,,,,,,,
AL,9,2017081712,3, OFCL,48, 139N,  667W,45,0, TS,34, NEQ,60,30,30,60,0,0,0,55,0,    ,0, JLB,275,17, ,,,,,,,,
AL,9,2017081712,3, OFCL,72, 145N,  745W,55,0, TS,34, NEQ,80,40,40,80,0,0,0,65,0,    ,0, JLB,275,19, ,,,,,,,,
AL,9,2017081712,3, OFCL,72, 145N,  745W,55,0, TS,50, NEQ,30,0,0,30,0,0,0,65,0,    ,0, JLB,275,19, ,,,,,,,,
AL,9,2017081712,3, OFCL,96, 155N,  820W,65,0, HU,34, NEQ,0,0,0,0,0,0,0,80,0,    ,0, JLB,280,18, ,,,,,,,,
AL,9,2017081712,3, OFCL,120, 170N,  875W,65,0, HU,34, NEQ,0,0,0,0,0,0,0,80,0,    ,0, JLB,285,14, ,,,,,,,,
AL,9,2017081718,3, OFCL,0, 130N,  550W,35,0, TS,34, NEQ,30,0,0,30,0,0,0,45,0,    ,0, JLB,265,15, ,,,,,,,,
AL,9,2017081718,3, OFCL,3, 130N,  558W,35,1004, TS,34, NEQ,30,0,0,30,0,0,0,45,0,    ,0, JLB,270,16,           ,  ,12, NEQ,30,0,0,30, 
AL,9,2017081718,3, OFCL,12, 131N,  583W,35,0, TS,34, NEQ,30,0,0,30,0,0,0,45,0,    ,0, JLB,275,16, ,,,,,,,,
AL,9,2017081718,3, OFCL,24, 134N,  616W,40,0, TS,34, NEQ,40,0,0,40,0,0,0,50,0,    ,0, JLB,275,16, ,,,,,,,,
AL,9,2017081718,3, OFCL,36, 137N,  651W,45,0, TS,34, NEQ,60,30,30,60,0,0,0,55,0,    ,0, JLB,275,17, ,,,,,,,,
AL,9,2017081718,3, OFCL,48, 140N,  688W,45,0, TS,34, NEQ,60,30,30,60,0,0,0,55,0,    ,0, JLB,275,18, ,,,,,,,,
AL,9,2017081718,3, OFCL,72, 145N,  765W,55,0, TS,34, NEQ,80,40,40,80,0,0,0,65,0,    ,0, JLB,275,19, ,,,,,,,,
AL,9,2017081718,3, OFCL,72, 145N,  765W,55,0, TS,50, NEQ,30,0,0,30,0,0,0,65,0,    ,0, JLB,275,19, ,,,,,,,,
AL,9,2017081718,3, OFCL,96, 155N,  835W,60,0, TS,34, NEQ,0,0,0,0,0,0,0,75,0,    ,0, JLB,280,17, ,,,,,,,,
AL,9,2017081718,3, OFCL,120, 170N,  885W,55,0, TS,34, NEQ,0,0,0,0,0,0,0,65,0,    ,0, JLB,290,13, ,,,,,,,,
AL,9,2017081800,3, OFCL,0, 130N,  566W,35,0, TS,34, NEQ,50,0,0,50,0,0,0,45,0,    ,0, RJP,270,16,           ,  ,12, NEQ,30,0,0,30, 
AL,9,2017081800,3, OFCL,3, 130N,  574W,35,1005, TS,34, NEQ,50,0,0,50,0,0,0,45,0,    ,0, RJP,270,16,           ,  ,12, NEQ,60,0,0,60, 
AL,9,2017081800,3, OFCL,12, 132N,  599W,35,0, TS,34, NEQ,50,0,0,50,0,0,0,45,0,    ,0, RJP,275,16, ,,,,,,,,
AL,9,2017081800,3, OFCL,24, 136N,  633W,40,0, TS,34, NEQ,50,0,0,50,0,0,0,50,0,    ,0, RJP,275,17, ,,,,,,,,
AL,9,2017081800,3, OFCL,36, 139N,  670W,45,0, TS,34, NEQ,60,30,30,60,0,0,0,55,0,    ,0, RJP,275,18, ,,,,,,,,
AL,9,2017081800,3, OFCL,48, 141N,  709W,50,0, TS,34, NEQ,60,30,30,60,0,0,0,60,0,    ,0, RJP,275,19, ,,,,,,,,
AL,9,2017081800,3, OFCL,48, 141N,  709W,50,0, TS,50, NEQ,30,0,0,30,0,0,0,60,0,    ,0, RJP,275,19, ,,,,,,,,
AL,9,2017081800,3, OFCL,72, 148N,  786W,60,0, TS,34, NEQ,80,40,40,80,0,0,0,75,0,    ,0, RJP,275,19, ,,,,,,,,
AL,9,2017081800,3, OFCL,72, 148N,  786W,60,0, TS,50, NEQ,40,20,20,40,0,0,0,75,0,    ,0, RJP,275,19, ,,,,,,,,
AL,9,2017081800,3, OFCL,96, 160N,  855W,60,0, TS,34, NEQ,0,0,0,0,0,0,0,75,0,    ,0, RJP,280,17, ,,,,,,,,
AL,9,2017081800,3, OFCL,120, 175N,  890W,55,0, TS,34, NEQ,0,0,0,0,0,0,0,65,0,    ,0, RJP,295,9, ,,,,,,,,
AL,9,2017081806,3, OFCL,0, 130N,  583W,35,0, TS,34, NEQ,50,0,0,50,0,0,0,45,0,    ,0, LAA,270,17,           ,  ,12, NEQ,60,0,0,60, 
AL,9,2017081806,3, OFCL,3, 131N,  591W,35,1004, TS,34, NEQ,50,0,0,50,0,0,0,45,0,    ,0, LAA,270,16,           ,  ,12, NEQ,60,0,0,60, 
AL,9,2017081806,3, OFCL,12, 132N,  617W,35,0, TS,34, NEQ,50,0,0,50,0,0,0,45,0,    ,0, LAA,275,17, ,,,,,,,,
AL,9,2017081806,3, OFCL,24, 135N,  652W,40,0, TS,34, NEQ,50,0,0,50,0,0,0,50,0,    ,0, LAA,275,17, ,,,,,,,,
AL,9,2017081806,3, OFCL,36, 139N,  688W,40,0, TS,34, NEQ,60,30,30,60,0,0,0,50,0,    ,0, LAA,275,18, ,,,,,,,,
AL,9,2017081806,3, OFCL,48, 141N,  727W,50,0, TS,34, NEQ,60,30,30,60,0,0,0,60,0,    ,0, LAA,275,19, ,,,,,,,,
AL,9,2017081806,3, OFCL,48, 141N,  727W,50,0, TS,50, NEQ,30,0,0,30,0,0,0,60,0,    ,0, LAA,275,19, ,,,,,,,,
AL,9,2017081806,3, OFCL,72, 150N,  802W,60,0, TS,34, NEQ,80,40,40,80,0,0,0,75,0,    ,0, LAA,280,18, ,,,,,,,,
AL,9,2017081806,3, OFCL,72, 150N,  802W,60,0, TS,50, NEQ,40,20,20,40,0,0,0,75,0,    ,0, LAA,280,18, ,,,,,,,,
AL,9,2017081806,3, OFCL,96, 165N,  865W,60,0, TS,34, NEQ,0,0,0,0,0,0,0,75,0,    ,0, LAA,285,16, ,,,,,,,,
AL,9,2017081806,3, OFCL,120, 175N,  900W,35,0, TS,34, NEQ,0,0,0,0,0,0,0,45,0,    ,0, LAA,285,9, ,,,,,,,,
AL,9,2017081812,3, OFCL,0, 130N,  603W,35,0, TS,34, NEQ,60,0,0,60,0,0,0,45,0,    ,0, JLB,270,19,           ,  ,12, NEQ,60,0,0,60, 
AL,9,2017081812,3, OFCL,3, 131N,  613W,35,1005, TS,34, NEQ,60,0,0,60,0,0,0,45,0,    ,0, JLB,270,18,           ,  ,12, NEQ,75,0,0,60, 
AL,9,2017081812,3, OFCL,12, 133N,  638W,35,0, TS,34, NEQ,60,0,0,60,0,0,0,45,0,    ,0, JLB,275,16, ,,,,,,,,
AL,9,2017081812,3, OFCL,24, 136N,  673W,40,0, TS,34, NEQ,60,30,30,60,0,0,0,50,0,    ,0, JLB,275,17, ,,,,,,,,
AL,9,2017081812,3, OFCL,36, 140N,  711W,40,0, TS,34, NEQ,60,30,30,60,0,0,0,50,0,    ,0, JLB,275,19, ,,,,,,,,
AL,9,2017081812,3, OFCL,48, 143N,  750W,50,0, TS,34, NEQ,70,30,30,70,0,0,0,60,0,    ,0, JLB,275,19, ,,,,,,,,
AL,9,2017081812,3, OFCL,48, 143N,  750W,50,0, TS,50, NEQ,30,0,0,30,0,0,0,60,0,    ,0, JLB,275,19, ,,,,,,,,
AL,9,2017081812,3, OFCL,72, 150N,  820W,60,0, TS,34, NEQ,80,40,40,80,0,0,0,75,0,    ,0, JLB,275,17, ,,,,,,,,
AL,9,2017081812,3, OFCL,72, 150N,  820W,60,0, TS,50, NEQ,40,20,20,40,0,0,0,75,0,    ,0, JLB,275,17, ,,,,,,,,
AL,9,2017081812,3, OFCL,96, 165N,  875W,55,0, TS,34, NEQ,0,0,0,0,0,0,0,65,0,    ,0, JLB,285,14, ,,,,,,,,
AL,9,2017081812,3, OFCL,120, 185N,  910W,30,0, TD,34, NEQ,0,0,0,0,0,0,0,40,0,    ,0, JLB,300,10, ,,,,,,,,
AL,9,2017081818,3, OFCL,0, 133N,  621W,35,0, TS,34, NEQ,60,0,0,60,0,0,0,45,0,    ,0, JLB,275,19,           ,  ,12, NEQ,75,0,0,60, 
AL,9,2017081818,3, OFCL,3, 134N,  629W,35,1005, TS,34, NEQ,60,0,0,60,0,0,0,45,0,    ,0, JLB,275,18,           ,  ,12, NEQ,150,0,0,60, 
AL,9,2017081818,3, OFCL,12, 136N,  657W,35,0, TS,34, NEQ,60,0,0,60,0,0,0,45,0,    ,0, JLB,275,18, ,,,,,,,,
AL,9,2017081818,3, OFCL,24, 139N,  693W,40,0, TS,34, NEQ,60,0,0,60,0,0,0,50,0,    ,0, JLB,275,18, ,,,,,,,,
AL,9,2017081818,3, OFCL,36, 142N,  730W,40,0, TS,34, NEQ,60,0,0,60,0,0,0,50,0,    ,0, JLB,275,18, ,,,,,,,,
AL,9,2017081818,3, OFCL,48, 145N,  767W,45,0, TS,34, NEQ,60,30,30,60,0,0,0,55,0,    ,0, JLB,275,18, ,,,,,,,,
AL,9,2017081818,3, OFCL,72, 155N,  835W,60,0, TS,34, NEQ,80,40,40,80,0,0,0,75,0,    ,0, JLB,280,17, ,,,,,,,,
AL,9,2017081818,3, OFCL,72, 155N,  835W,60,0, TS,50, NEQ,40,20,20,40,0,0,0,75,0,    ,0, JLB,280,17, ,,,,,,,,
AL,9,2017081818,3, OFCL,96, 175N,  885W,50,0, TS,34, NEQ,0,0,0,0,0,0,0,60,0,    ,0, JLB,295,13, ,,,,,,,,
AL,9,2017081818,3, OFCL,120, 190N,  920W,30,0, TD,34, NEQ,0,0,0,0,0,0,0,40,0,    ,0, JLB,295,9, ,,,,,,,,
AL,9,2017081900,3, OFCL,0, 137N,  632W,35,0, TS,34, NEQ,60,0,0,60,0,0,0,45,0,    ,0, RJB,285,12,           ,  ,12, NEQ,150,0,0,60, 
AL,9,2017081900,3, OFCL,3, 137N,  641W,35,1005, TS,34, NEQ,60,0,0,60,0,0,0,45,0,    ,0, RJB,275,16,           ,  ,12, NEQ,60,0,0,45, 
AL,9,2017081900,3, OFCL,12, 140N,  668W,35,0, TS,34, NEQ,60,0,0,60,0,0,0,45,0,    ,0, RJB,275,18, ,,,,,,,,
AL,9,2017081900,3, OFCL,24, 143N,  704W,40,0, TS,34, NEQ,60,0,0,60,0,0,0,50,0,    ,0, RJB,275,18, ,,,,,,,,
AL,9,2017081900,3, OFCL,36, 145N,  743W,40,0, TS,34, NEQ,60,0,0,60,0,0,0,50,0,    ,0, RJB,275,19, ,,,,,,,,
AL,9,2017081900,3, OFCL,48, 148N,  781W,45,0, TS,34, NEQ,60,0,0,60,0,0,0,55,0,    ,0, RJB,275,18, ,,,,,,,,
AL,9,2017081900,3, OFCL,72, 165N,  847W,55,0, TS,34, NEQ,90,50,40,80,0,0,0,65,0,    ,0, RJB,285,16, ,,,,,,,,
AL,9,2017081900,3, OFCL,72, 165N,  847W,55,0, TS,50, NEQ,30,20,0,30,0,0,0,65,0,    ,0, RJB,285,16, ,,,,,,,,
AL,9,2017081900,3, OFCL,96, 180N,  895W,45,0, TS,34, NEQ,0,0,0,0,0,0,0,55,0,    ,0, RJB,290,12, ,,,,,,,,
AL,9,2017081900,3, OFCL,120, 190N,  925W,40,0, TS,34, NEQ,0,0,0,0,0,0,0,50,0,    ,0, RJB,290,8, ,,,,,,,,
AL,9,2017081906,3, OFCL,0, 137N,  650W,35,0, TS,34, NEQ,60,0,0,60,0,0,0,45,0,    ,0, ESB,275,18,           ,  ,12, NEQ,60,0,0,45, 
AL,9,2017081906,3, OFCL,3, 138N,  659W,35,1005, TS,34, NEQ,60,0,0,60,0,0,0,45,0,    ,0, ESB,275,18,           ,  ,12, NEQ,60,0,0,60, 
AL,9,2017081906,3, OFCL,12, 140N,  687W,35,0, TS,34, NEQ,60,0,0,60,0,0,0,45,0,    ,0, ESB,275,18, ,,,,,,,,
AL,9,2017081906,3, OFCL,24, 143N,  727W,40,0, TS,34, NEQ,60,0,0,60,0,0,0,50,0,    ,0, ESB,275,19, ,,,,,,,,
AL,9,2017081906,3, OFCL,36, 146N,  767W,45,0, TS,34, NEQ,70,0,0,70,0,0,0,55,0,    ,0, ESB,275,19, ,,,,,,,,
AL,9,2017081906,3, OFCL,48, 152N,  801W,50,0, TS,34, NEQ,90,50,40,70,0,0,0,60,0,    ,0, ESB,280,17, ,,,,,,,,
AL,9,2017081906,3, OFCL,48, 152N,  801W,50,0, TS,50, NEQ,30,0,0,30,0,0,0,60,0,    ,0, ESB,280,17, ,,,,,,,,
AL,9,2017081906,3, OFCL,72, 170N,  865W,55,0, TS,34, NEQ,90,50,40,70,0,0,0,65,0,    ,0, ESB,285,16, ,,,,,,,,
AL,9,2017081906,3, OFCL,72, 170N,  865W,55,0, TS,50, NEQ,30,20,0,30,0,0,0,65,0,    ,0, ESB,285,16, ,,,,,,,,
AL,9,2017081906,3, OFCL,96, 183N,  905W,35,0, TS,34, NEQ,0,0,0,0,0,0,0,45,0,    ,0, ESB,290,10, ,,,,,,,,
AL,9,2017081906,3, OFCL,120, 193N,  930W,40,0, TS,34, NEQ,0,0,0,0,0,0,0,50,0,    ,0, ESB,295,6, ,,,,,,,,
AL,9,2017081912,3, OFCL,0, 138N,  670W,35,0, TS,34, NEQ,0,0,0,60,0,0,0,45,0,    ,0, JLB,275,19,           ,  ,12, NEQ,60,0,0,60, 
AL,9,2017081912,3, OFCL,3, 139N,  681W,35,1007, TS,34, NEQ,0,0,0,60,0,0,0,45,0,    ,0, JLB,275,19,           ,  ,12, NEQ,45,0,0,45, 
AL,9,2017081912,3, OFCL,12, 141N,  709W,35,0, TS,34, NEQ,60,0,0,60,0,0,0,45,0,    ,0, JLB,275,18, ,,,,,,,,
AL,9,2017081912,3, OFCL,24, 144N,  749W,40,0, TS,34, NEQ,60,0,0,60,0,0,0,50,0,    ,0, JLB,275,19, ,,,,,,,,
AL,9,2017081912,3, OFCL,36, 149N,  787W,45,0, TS,34, NEQ,70,0,0,70,0,0,0,55,0,    ,0, JLB,280,19, ,,,,,,,,
AL,9,2017081912,3, OFCL,48, 157N,  824W,50,0, TS,34, NEQ,90,50,40,70,0,0,0,60,0,    ,0, JLB,285,18, ,,,,,,,,
AL,9,2017081912,3, OFCL,48, 157N,  824W,50,0, TS,50, NEQ,30,0,0,30,0,0,0,60,0,    ,0, JLB,285,18, ,,,,,,,,
AL,9,2017081912,3, OFCL,72, 175N,  880W,60,0, TS,34, NEQ,90,50,40,70,0,0,0,75,0,    ,0, JLB,290,14, ,,,,,,,,
AL,9,2017081912,3, OFCL,72, 175N,  880W,60,0, TS,50, NEQ,30,20,0,30,0,0,0,75,0,    ,0, JLB,290,14, ,,,,,,,,
AL,9,2017081912,3, OFCL,96, 190N,  915W,30,0, TD,34, NEQ,0,0,0,0,0,0,0,40,0,    ,0, JLB,295,9, ,,,,,,,,
AL,9,2017081912,3, OFCL,120, 195N,  935W,40,0, TS,34, NEQ,0,0,0,0,0,0,0,50,0,    ,0, JLB,285,5, ,,,,,,,,
AL,9,2017081918,3, OFCL,0, 140N,  690W,30,0, TD,34, NEQ,0,0,0,0,0,0,0,40,0,    ,0, JLB,275,19, ,,,,,,,,
AL,9,2017081918,3, OFCL,3, 141N,  700W,30,1007, TD,34, NEQ,0,0,0,0,0,0,0,40,0,    ,0, JLB,275,19, ,,,,,,,,
AL,9,2017081918,3, OFCL,12, 143N,  730W,30,0, TD,34, NEQ,0,0,0,0,0,0,0,40,0,    ,0, JLB,275,19, ,,,,,,,,
AL,9,2017081918,3, OFCL,24, 146N,  770W,35,0, TS,34, NEQ,60,0,0,60,0,0,0,45,0,    ,0, JLB,275,19, ,,,,,,,,
AL,9,2017081918,3, OFCL,36, 152N,  805W,40,0, TS,34, NEQ,60,0,0,60,0,0,0,50,0,    ,0, JLB,280,17, ,,,,,,,,
AL,9,2017081918,3, OFCL,48, 160N,  838W,45,0, TS,34, NEQ,70,0,0,70,0,0,0,55,0,    ,0, JLB,285,16, ,,,,,,,,
AL,9,2017081918,3, OFCL,72, 180N,  890W,45,0, TS,34, NEQ,90,30,40,60,0,0,0,55,0,    ,0, JLB,295,13, ,,,,,,,,
AL,9,2017081918,3, OFCL,96, 190N,  920W,30,0, TD,34, NEQ,0,0,0,0,0,0,0,40,0,    ,0, JLB,290,8, ,,,,,,,,
AL,9,2017081918,3, OFCL,120, 195N,  940W,40,0, TS,34, NEQ,0,0,0,0,0,0,0,50,0,    ,0, JLB,285,5, ,,,,,,,,
AL,9,2017082000,3, OFCL,0, 142N,  708W,30,0, WV,34, NEQ,0,0,0,0,0,0,0,40,0,    ,0, RJB,275,19, ,,,,,,,,
AL,9,2017082000,3, OFCL,3, 143N,  718W,30,1007, WV,34, NEQ,0,0,0,0,0,0,0,40,0,    ,0, RJB,275,19, ,,,,,,,,
AL,9,2017082312,3, OFCL,0, 214N,  925W,30,0, TD,34, NEQ,0,0,0,0,0,0,0,40,0,    ,0, ESB,305,11, ,,,,,,,,
AL,9,2017082312,3, OFCL,3, 215N,  925W,30,1006, TD,34, NEQ,0,0,0,0,0,0,0,40,0,    ,0, ESB,310,8, ,,,,,,,,
AL,9,2017082312,3, OFCL,12, 223N,  932W,35,0, TS,34, NEQ,60,0,0,0,0,0,0,45,0,    ,0, ESB,320,7, ,,,,,,,,
AL,9,2017082312,3, OFCL,24, 238N,  939W,40,0, TS,34, NEQ,70,50,30,50,0,0,0,50,0,    ,0, ESB,335,8, ,,,,,,,,
AL,9,2017082312,3, OFCL,36, 252N,  949W,50,0, TS,34, NEQ,90,70,40,60,0,0,0,60,0,    ,0, ESB,325,8, ,,,,,,,,
AL,9,2017082312,3, OFCL,36, 252N,  949W,50,0, TS,50, NEQ,40,0,0,0,0,0,0,60,0,    ,0, ESB,325,8, ,,,,,,,,
AL,9,2017082312,3, OFCL,48, 267N,  963W,60,0, TS,34, NEQ,120,90,50,80,0,0,0,75,0,    ,0, ESB,320,10, ,,,,,,,,
AL,9,2017082312,3, OFCL,48, 267N,  963W,60,0, TS,50, NEQ,50,40,20,30,0,0,0,75,0,    ,0, ESB,320,10, ,,,,,,,,
AL,9,2017082312,3, OFCL,72, 290N,  973W,40,0, TS,34, NEQ,60,90,30,30,0,0,0,50,0,    ,0, ESB,340,6, ,,,,,,,,
AL,9,2017082312,3, OFCL,96, 298N,  969W,35,0, TS,34, NEQ,0,0,0,0,0,0,0,45,0,    ,0, ESB,25,2, ,,,,,,,,
AL,9,2017082312,3, OFCL,120, 300N,  950W,35,0, TS,34, NEQ,0,0,0,0,0,0,0,45,0,    ,0, ESB,85,4, ,,,,,,,,
AL,9,2017082318,3, OFCL,0, 215N,  925W,30,0, TD,34, NEQ,0,0,0,0,0,0,0,40,0,    ,0, RJP,315,1, ,,,,,,,,
AL,9,2017082318,3, OFCL,3, 216N,  926W,30,1005, TD,34, NEQ,0,0,0,0,0,0,0,40,0,    ,0, RJP,320,2, ,,,,,,,,
AL,9,2017082318,3, OFCL,12, 224N,  930W,35,0, TS,34, NEQ,60,0,0,0,0,0,0,45,0,    ,0, RJP,335,6, ,,,,,,,,
AL,9,2017082318,3, OFCL,24, 238N,  939W,40,0, TS,34, NEQ,70,50,30,50,0,0,0,50,0,    ,0, RJP,330,8, ,,,,,,,,
AL,9,2017082318,3, OFCL,36, 251N,  952W,50,0, TS,34, NEQ,90,70,40,60,0,0,0,60,0,    ,0, RJP,320,9, ,,,,,,,,
AL,9,2017082318,3, OFCL,36, 251N,  952W,50,0, TS,50, NEQ,40,0,0,0,0,0,0,60,0,    ,0, RJP,320,9, ,,,,,,,,
AL,9,2017082318,3, OFCL,48, 264N,  963W,60,0, TS,34, NEQ,120,90,50,80,0,0,0,75,0,    ,0, RJP,325,8, ,,,,,,,,
AL,9,2017082318,3, OFCL,48, 264N,  963W,60,0, TS,50, NEQ,50,40,20,30,0,0,0,75,0,    ,0, RJP,325,8, ,,,,,,,,
AL,9,2017082318,3, OFCL,72, 286N,  973W,50,0, TS,34, NEQ,60,90,30,30,0,0,0,60,0,    ,0, RJP,340,6, ,,,,,,,,
AL,9,2017082318,3, OFCL,72, 286N,  973W,50,0, TS,50, NEQ,0,30,0,0,0,0,0,60,0,    ,0, RJP,340,6, ,,,,,,,,
AL,9,2017082318,3, OFCL,96, 290N,  973W,35,0, TS,34, NEQ,0,0,0,0,0,0,0,45,0,    ,0, RJP,360,1, ,,,,,,,,
AL,9,2017082318,3, OFCL,120, 290N,  965W,35,0, TS,34, NEQ,0,0,0,0,0,0,0,45,0,    ,0, RJP,90,2, ,,,,,,,,
AL,9,2017082400,3, OFCL,0, 217N,  924W,30,0, TD,34, NEQ,0,0,0,0,0,0,0,40,0,    ,0, JLB,360,2, ,,,,,,,,
AL,9,2017082400,3, OFCL,3, 219N,  926W,30,1002, TD,34, NEQ,0,0,0,0,0,0,0,40,0,    ,0, JLB,325,2, ,,,,,,,,
AL,9,2017082400,3, OFCL,12, 228N,  931W,35,0, TS,34, NEQ,60,0,0,0,0,0,0,45,0,    ,0, JLB,335,7, ,,,,,,,,
AL,9,2017082400,3, OFCL,24, 241N,  941W,40,0, TS,34, NEQ,70,50,30,50,0,0,0,50,0,    ,0, JLB,325,8, ,,,,,,,,
AL,9,2017082400,3, OFCL,36, 254N,  954W,50,0, TS,34, NEQ,80,70,40,60,0,0,0,60,0,    ,0, JLB,320,9, ,,,,,,,,
AL,9,2017082400,3, OFCL,36, 254N,  954W,50,0, TS,50, NEQ,40,0,0,0,0,0,0,60,0,    ,0, JLB,320,9, ,,,,,,,,
AL,9,2017082400,3, OFCL,48, 266N,  963W,65,0, HU,34, NEQ,110,90,50,80,0,0,0,80,0,    ,0, JLB,325,7, ,,,,,,,,
AL,9,2017082400,3, OFCL,48, 266N,  963W,65,0, HU,50, NEQ,50,40,20,30,0,0,0,80,0,    ,0, JLB,325,7, ,,,,,,,,
AL,9,2017082400,3, OFCL,72, 285N,  975W,50,0, TS,34, NEQ,60,90,30,30,0,0,0,60,0,    ,0, JLB,330,5, ,,,,,,,,
AL,9,2017082400,3, OFCL,72, 285N,  975W,50,0, TS,50, NEQ,0,30,0,0,0,0,0,60,0,    ,0, JLB,330,5, ,,,,,,,,
AL,9,2017082400,3, OFCL,96, 285N,  980W,35,0, TS,34, NEQ,0,0,0,0,0,0,0,45,0,    ,0, JLB,270,1, ,,,,,,,,
AL,9,2017082400,3, OFCL,120, 280N,  980W,30,0, TD,34, NEQ,0,0,0,0,0,0,0,40,0,    ,0, JLB,180,1, ,,,,,,,,
AL,9,2017082406,3, OFCL,0, 226N,  926W,40,0, TS,34, NEQ,100,0,0,50,0,0,0,50,0,    ,0, LAA,350,6, ,,,,,,,,
AL,9,2017082406,3, OFCL,3, 232N,  928W,40,995, TS,34, NEQ,100,0,0,50,0,0,0,50,0,    ,0, LAA,360,9,           ,  ,12, NEQ,0,0,0,60, 
AL,9,2017082406,3, OFCL,12, 240N,  936W,50,0, TS,34, NEQ,120,30,20,80,0,0,0,60,0,    ,0, LAA,320,7, ,,,,,,,,
AL,9,2017082406,3, OFCL,12, 240N,  936W,50,0, TS,50, NEQ,30,0,0,0,0,0,0,60,0,    ,0, LAA,320,7, ,,,,,,,,
AL,9,2017082406,3, OFCL,24, 251N,  948W,60,0, TS,34, NEQ,130,50,30,90,0,0,0,75,0,    ,0, LAA,315,8, ,,,,,,,,
AL,9,2017082406,3, OFCL,24, 251N,  948W,60,0, TS,50, NEQ,30,20,0,30,0,0,0,75,0,    ,0, LAA,315,8, ,,,,,,,,
AL,9,2017082406,3, OFCL,36, 263N,  958W,70,0, HU,34, NEQ,140,70,50,90,0,0,0,85,0,    ,0, LAA,325,8, ,,,,,,,,
AL,9,2017082406,3, OFCL,36, 263N,  958W,70,0, HU,50, NEQ,30,30,20,30,0,0,0,85,0,    ,0, LAA,325,8, ,,,,,,,,
AL,9,2017082406,3, OFCL,36, 263N,  958W,70,0, HU,64, NEQ,20,20,0,20,0,0,0,85,0,    ,0, LAA,325,8, ,,,,,,,,
AL,9,2017082406,3, OFCL,48, 275N,  970W,75,0, HU,34, NEQ,140,80,40,70,0,0,0,90,0,    ,0, LAA,320,8, ,,,,,,,,
AL,9,2017082406,3, OFCL,48, 275N,  970W,75,0, HU,50, NEQ,30,30,20,30,0,0,0,90,0,    ,0, LAA,320,8, ,,,,,,,,
AL,9,2017082406,3, OFCL,72, 285N,  978W,40,0, TS,34, NEQ,60,90,30,30,0,0,0,50,0,    ,0, LAA,325,3, ,,,,,,,,
AL,9,2017082406,3, OFCL,96, 285N,  978W,35,0, TS,34, NEQ,0,0,0,0,0,0,0,45,0,    ,0, LAA,360,0, ,,,,,,,,
AL,9,2017082406,3, OFCL,120, 276N,  970W,35,0, TS,34, NEQ,0,0,0,0,0,0,0,45,0,    ,0, LAA,140,3, ,,,,,,,,
AL,9,2017082412,3, OFCL,0, 237N,  930W,60,0, TS,34, NEQ,80,30,20,50,0,0,0,75,20,    ,0, RJB,345,13,           ,  ,12, NEQ,0,0,0,60, 
AL,9,2017082412,3, OFCL,0, 237N,  930W,60,0, TS,50, NEQ,30,10,0,20,0,0,0,75,20,    ,0, RJB,345,13,           ,  ,12, NEQ,0,0,0,60, 
AL,9,2017082412,3, OFCL,6, 244N,  936W,75,980, HU,34, NEQ,80,40,30,60,0,0,0,90,20,    ,0, RJB,335,9,           ,  ,12, NEQ,90,30,30,90, 
AL,9,2017082412,3, OFCL,6, 244N,  936W,75,980, HU,50, NEQ,30,20,20,30,0,0,0,90,20,    ,0, RJB,335,9,           ,  ,12, NEQ,90,30,30,90, 
AL,9,2017082412,3, OFCL,6, 244N,  936W,75,980, HU,64, NEQ,20,0,0,0,0,0,0,90,20,    ,0, RJB,335,9,           ,  ,12, NEQ,90,30,30,90, 
AL,9,2017082412,3, OFCL,12, 249N,  942W,85,0, HU,34, NEQ,100,50,50,80,0,0,0,110,20,    ,0, RJB,315,7, ,,,,,,,,
AL,9,2017082412,3, OFCL,12, 249N,  942W,85,0, HU,50, NEQ,50,20,20,40,0,0,0,110,20,    ,0, RJB,315,7, ,,,,,,,,
AL,9,2017082412,3, OFCL,12, 249N,  942W,85,0, HU,64, NEQ,20,0,0,20,0,0,0,110,20,    ,0, RJB,315,7, ,,,,,,,,
AL,9,2017082412,3, OFCL,24, 260N,  953W,105,0, HU,34, NEQ,130,80,70,100,0,0,0,130,20,    ,0, RJB,320,7, ,,,,,,,,
AL,9,2017082412,3, OFCL,24, 260N,  953W,105,0, HU,50, NEQ,60,40,40,50,0,0,0,130,20,    ,0, RJB,320,7, ,,,,,,,,
AL,9,2017082412,3, OFCL,24, 260N,  953W,105,0, HU,64, NEQ,30,25,20,25,0,0,0,130,20,    ,0, RJB,320,7, ,,,,,,,,
AL,9,2017082412,3, OFCL,36, 273N,  963W,110,0, HU,34, NEQ,150,100,80,100,0,0,0,135,20,    ,0, RJB,325,8, ,,,,,,,,
AL,9,2017082412,3, OFCL,36, 273N,  963W,110,0, HU,50, NEQ,60,50,50,60,0,0,0,135,20,    ,0, RJB,325,8, ,,,,,,,,
AL,9,2017082412,3, OFCL,36, 273N,  963W,110,0, HU,64, NEQ,35,25,25,35,0,0,0,135,20,    ,0, RJB,325,8, ,,,,,,,,
AL,9,2017082412,3, OFCL,48, 283N,  970W,100,0, HU,34, NEQ,140,110,80,80,0,0,0,120,20,    ,0, RJB,330,6, ,,,,,,,,
AL,9,2017082412,3, OFCL,48, 283N,  970W,100,0, HU,50, NEQ,60,50,40,40,0,0,0,120,20,    ,0, RJB,330,6, ,,,,,,,,
AL,9,2017082412,3, OFCL,72, 290N,  977W,40,0, TS,34, NEQ,70,80,40,50,0,0,0,50,20,    ,0, RJB,320,2, ,,,,,,,,
AL,9,2017082412,3, OFCL,96, 285N,  975W,35,0, TS,34, NEQ,0,0,0,0,0,0,0,45,20,    ,0, RJB,160,1, ,,,,,,,,
AL,9,2017082412,3, OFCL,120, 285N,  965W,30,0, TD,34, NEQ,0,0,0,0,0,0,0,40,20,    ,0, RJB,90,2, ,,,,,,,,
AL,9,2017082418,3, OFCL,0, 244N,  936W,75,0, HU,34, NEQ,80,40,30,60,0,0,0,90,20,    ,0, RJB,320,9,           ,  ,12, NEQ,90,30,30,90, 
AL,9,2017082418,3, OFCL,0, 244N,  936W,75,0, HU,50, NEQ,30,20,20,30,0,0,0,90,20,    ,0, RJB,320,9,           ,  ,12, NEQ,90,30,30,90, 
AL,9,2017082418,3, OFCL,0, 244N,  936W,75,0, HU,64, NEQ,20,0,0,0,0,0,0,90,20,    ,0, RJB,320,9,           ,  ,12, NEQ,90,30,30,90, 
AL,9,2017082418,3, OFCL,3, 247N,  939W,75,976, HU,34, NEQ,80,40,30,60,0,0,0,90,20,    ,0, RJB,330,9,           ,  ,12, NEQ,120,75,75,75, 
AL,9,2017082418,3, OFCL,3, 247N,  939W,75,976, HU,50, NEQ,30,20,20,30,0,0,0,90,20,    ,0, RJB,330,9,           ,  ,12, NEQ,120,75,75,75, 
AL,9,2017082418,3, OFCL,3, 247N,  939W,75,976, HU,64, NEQ,20,0,0,0,0,0,0,90,20,    ,0, RJB,330,9,           ,  ,12, NEQ,120,75,75,75, 
AL,9,2017082418,3, OFCL,12, 255N,  948W,95,0, HU,34, NEQ,110,70,50,80,0,0,0,115,20,    ,0, RJB,315,8, ,,,,,,,,
AL,9,2017082418,3, OFCL,12, 255N,  948W,95,0, HU,50, NEQ,50,40,30,40,0,0,0,115,20,    ,0, RJB,315,8, ,,,,,,,,
AL,9,2017082418,3, OFCL,12, 255N,  948W,95,0, HU,64, NEQ,30,15,10,15,0,0,0,115,20,    ,0, RJB,315,8, ,,,,,,,,
AL,9,2017082418,3, OFCL,24, 267N,  960W,110,0, HU,34, NEQ,130,100,70,100,0,0,0,135,20,    ,0, RJB,320,8, ,,,,,,,,
AL,9,2017082418,3, OFCL,24, 267N,  960W,110,0, HU,50, NEQ,60,50,40,50,0,0,0,135,20,    ,0, RJB,320,8, ,,,,,,,,
AL,9,2017082418,3, OFCL,24, 267N,  960W,110,0, HU,64, NEQ,35,30,20,30,0,0,0,135,20,    ,0, RJB,320,8, ,,,,,,,,
AL,9,2017082418,3, OFCL,36, 278N,  967W,105,0, HU,34, NEQ,140,110,80,90,0,0,0,130,20,    ,0, RJB,330,6, ,,,,,,,,
AL,9,2017082418,3, OFCL,36, 278N,  967W,105,0, HU,50, NEQ,60,60,50,60,0,0,0,130,20,    ,0, RJB,330,6, ,,,,,,,,
AL,9,2017082418,3, OFCL,36, 278N,  967W,105,0, HU,64, NEQ,35,30,30,35,0,0,0,130,20,    ,0, RJB,330,6, ,,,,,,,,
AL,9,2017082418,3, OFCL,48, 285N,  971W,85,0, HU,34, NEQ,130,110,80,80,0,0,0,105,20,    ,0, RJB,335,4, ,,,,,,,,
AL,9,2017082418,3, OFCL,48, 285N,  971W,85,0, HU,50, NEQ,50,50,40,40,0,0,0,105,20,    ,0, RJB,335,4, ,,,,,,,,
AL,9,2017082418,3, OFCL,72, 287N,  972W,45,0, TS,34, NEQ,90,70,60,50,0,0,0,55,20,    ,0, RJB,335,1, ,,,,,,,,
AL,9,2017082418,3, OFCL,96, 285N,  965W,35,0, TS,34, NEQ,0,0,0,0,0,0,0,45,20,    ,0, RJB,110,2, ,,,,,,,,
AL,9,2017082418,3, OFCL,120, 290N,  950W,35,0, TS,34, NEQ,0,0,0,0,0,0,0,45,20,    ,0, RJB,70,4, ,,,,,,,,
AL,9,2017082500,3, OFCL,0, 251N,  945W,75,0, HU,34, NEQ,90,50,40,60,0,0,0,90,15,    ,0, JLB,315,9,           ,  ,12, NEQ,120,75,75,75, 
AL,9,2017082500,3, OFCL,0, 251N,  945W,75,0, HU,50, NEQ,30,20,20,30,0,0,0,90,15,    ,0, JLB,315,9,           ,  ,12, NEQ,120,75,75,75, 
AL,9,2017082500,3, OFCL,0, 251N,  945W,75,0, HU,64, NEQ,20,10,10,10,0,0,0,90,15,    ,0, JLB,315,9,           ,  ,12, NEQ,120,75,75,75, 
AL,9,2017082500,3, OFCL,3, 252N,  946W,75,973, HU,34, NEQ,90,50,40,60,0,0,0,90,15,    ,0, JLB,315,9,           ,  ,12, NEQ,90,75,60,90, 
AL,9,2017082500,3, OFCL,3, 252N,  946W,75,973, HU,50, NEQ,30,20,20,30,0,0,0,90,15,    ,0, JLB,315,9,           ,  ,12, NEQ,90,75,60,90, 
AL,9,2017082500,3, OFCL,3, 252N,  946W,75,973, HU,64, NEQ,20,10,10,10,0,0,0,90,15,    ,0, JLB,315,9,           ,  ,12, NEQ,90,75,60,90, 
AL,9,2017082500,3, OFCL,12, 261N,  956W,95,0, HU,34, NEQ,110,70,50,80,0,0,0,115,15,    ,0, JLB,315,8, ,,,,,,,,
AL,9,2017082500,3, OFCL,12, 261N,  956W,95,0, HU,50, NEQ,50,40,30,40,0,0,0,115,15,    ,0, JLB,315,8, ,,,,,,,,
AL,9,2017082500,3, OFCL,12, 261N,  956W,95,0, HU,64, NEQ,30,15,10,15,0,0,0,115,15,    ,0, JLB,315,8, ,,,,,,,,
AL,9,2017082500,3, OFCL,24, 272N,  965W,110,0, HU,34, NEQ,130,100,70,100,0,0,0,135,15,    ,0, JLB,325,7, ,,,,,,,,
AL,9,2017082500,3, OFCL,24, 272N,  965W,110,0, HU,50, NEQ,60,50,40,50,0,0,0,135,15,    ,0, JLB,325,7, ,,,,,,,,
AL,9,2017082500,3, OFCL,24, 272N,  965W,110,0, HU,64, NEQ,35,30,20,30,0,0,0,135,15,    ,0, JLB,325,7, ,,,,,,,,
AL,9,2017082500,3, OFCL,36, 281N,  971W,100,0, HU,34, NEQ,140,110,80,70,0,0,0,120,15,    ,0, JLB,330,5, ,,,,,,,,
AL,9,2017082500,3, OFCL,36, 281N,  971W,100,0, HU,50, NEQ,60,60,50,40,0,0,0,120,15,    ,0, JLB,330,5, ,,,,,,,,
AL,9,2017082500,3, OFCL,36, 281N,  971W,100,0, HU,64, NEQ,35,30,30,20,0,0,0,120,15,    ,0, JLB,330,5, ,,,,,,,,
AL,9,2017082500,3, OFCL,48, 286N,  973W,70,0, HU,34, NEQ,120,100,70,50,0,0,0,85,15,    ,0, JLB,340,3, ,,,,,,,,
AL,9,2017082500,3, OFCL,48, 286N,  973W,70,0, HU,50, NEQ,40,40,30,20,0,0,0,85,15,    ,0, JLB,340,3, ,,,,,,,,
AL,9,2017082500,3, OFCL,72, 285N,  975W,35,0, TS,34, NEQ,90,70,30,0,0,0,0,45,15,    ,0, JLB,240,1, ,,,,,,,,
AL,9,2017082500,3, OFCL,96, 285N,  970W,35,0, TS,34, NEQ,0,0,0,0,0,0,0,45,15,    ,0, JLB,90,1, ,,,,,,,,
AL,9,2017082500,3, OFCL,120, 295N,  950W,35,0, TS,34, NEQ,0,0,0,0,0,0,0,45,15,    ,0, JLB,60,5, ,,,,,,,,
AL,9,2017082506,3, OFCL,0, 256N,  951W,90,0, HU,34, NEQ,120,50,40,90,0,0,0,110,10,    ,0, LAA,315,7,           ,  ,12, NEQ,90,75,60,90, 
AL,9,2017082506,3, OFCL,0, 256N,  951W,90,0, HU,50, NEQ,30,30,20,30,0,0,0,110,10,    ,0, LAA,315,7,           ,  ,12, NEQ,90,75,60,90, 
AL,9,2017082506,3, OFCL,0, 256N,  951W,90,0, HU,64, NEQ,20,20,10,20,0,0,0,110,10,    ,0, LAA,315,7,           ,  ,12, NEQ,90,75,60,90, 
AL,9,2017082506,3, OFCL,3, 259N,  954W,90,967, HU,34, NEQ,120,50,40,90,0,0,0,110,10,    ,0, LAA,320,8,           ,  ,12, NEQ,120,90,75,120, 
AL,9,2017082506,3, OFCL,3, 259N,  954W,90,967, HU,50, NEQ,30,30,20,30,0,0,0,110,10,    ,0, LAA,320,8,           ,  ,12, NEQ,120,90,75,120, 
AL,9,2017082506,3, OFCL,3, 259N,  954W,90,967, HU,64, NEQ,20,20,10,20,0,0,0,110,10,    ,0, LAA,320,8,           ,  ,12, NEQ,120,90,75,120, 
AL,9,2017082506,3, OFCL,12, 269N,  963W,105,0, HU,34, NEQ,120,50,40,90,0,0,0,130,10,    ,0, LAA,320,9, ,,,,,,,,
AL,9,2017082506,3, OFCL,12, 269N,  963W,105,0, HU,50, NEQ,30,30,20,30,0,0,0,130,10,    ,0, LAA,320,9, ,,,,,,,,
AL,9,2017082506,3, OFCL,12, 269N,  963W,105,0, HU,64, NEQ,20,20,10,20,0,0,0,130,10,    ,0, LAA,320,9, ,,,,,,,,
AL,9,2017082506,3, OFCL,24, 280N,  971W,105,0, HU,34, NEQ,130,100,70,100,0,0,0,130,10,    ,0, LAA,325,7, ,,,,,,,,
AL,9,2017082506,3, OFCL,24, 280N,  971W,105,0, HU,50, NEQ,60,50,40,50,0,0,0,130,10,    ,0, LAA,325,7, ,,,,,,,,
AL,9,2017082506,3, OFCL,24, 280N,  971W,105,0, HU,64, NEQ,30,30,20,30,0,0,0,130,10,    ,0, LAA,325,7, ,,,,,,,,
AL,9,2017082506,3, OFCL,36, 285N,  974W,65,0, HU,34, NEQ,120,120,80,70,0,0,0,80,10,    ,0, LAA,330,3, ,,,,,,,,
AL,9,2017082506,3, OFCL,36, 285N,  974W,65,0, HU,50, NEQ,60,60,50,40,0,0,0,80,10,    ,0, LAA,330,3, ,,,,,,,,
AL,9,2017082506,3, OFCL,36, 285N,  974W,65,0, HU,64, NEQ,20,20,0,0,0,0,0,80,10,    ,0, LAA,330,3, ,,,,,,,,
AL,9,2017082506,3, OFCL,48, 285N,  975W,60,0, TS,34, NEQ,120,100,70,50,0,0,0,75,10,    ,0, LAA,270,0, ,,,,,,,,
AL,9,2017082506,3, OFCL,48, 285N,  975W,60,0, TS,50, NEQ,40,40,30,20,0,0,0,75,10,    ,0, LAA,270,0, ,,,,,,,,
AL,9,2017082506,3, OFCL,72, 283N,  970W,35,0, TS,34, NEQ,100,100,30,0,0,0,0,45,10,    ,0, LAA,115,1, ,,,,,,,,
AL,9,2017082506,3, OFCL,96, 285N,  960W,35,0, TS,34, NEQ,0,0,0,0,0,0,0,45,10,    ,0, LAA,75,2, ,,,,,,,,
AL,9,2017082506,3, OFCL,120, 295N,  950W,35,0, TS,34, NEQ,0,0,0,0,0,0,0,45,10,    ,0, LAA,40,3, ,,,,,,,,
AL,9,2017082512,3, OFCL,0, 264N,  959W,95,0, HU,34, NEQ,120,90,80,100,0,0,0,115,15,    ,0, RJB,320,11,           ,  ,12, NEQ,120,90,75,120, 
AL,9,2017082512,3, OFCL,0, 264N,  959W,95,0, HU,50, NEQ,50,40,40,30,0,0,0,115,15,    ,0, RJB,320,11,           ,  ,12, NEQ,120,90,75,120, 
AL,9,2017082512,3, OFCL,0, 264N,  959W,95,0, HU,64, NEQ,30,20,10,20,0,0,0,115,15,    ,0, RJB,320,11,           ,  ,12, NEQ,120,90,75,120, 
AL,9,2017082512,3, OFCL,3, 267N,  960W,95,947, HU,34, NEQ,120,90,80,100,0,0,0,115,15,    ,0, RJB,315,9,           ,  ,12, NEQ,150,120,90,120, 
AL,9,2017082512,3, OFCL,3, 267N,  960W,95,947, HU,50, NEQ,50,40,40,30,0,0,0,115,15,    ,0, RJB,315,9,           ,  ,12, NEQ,150,120,90,120, 
AL,9,2017082512,3, OFCL,3, 267N,  960W,95,947, HU,64, NEQ,30,20,10,20,0,0,0,115,15,    ,0, RJB,315,9,           ,  ,12, NEQ,150,120,90,120, 
AL,9,2017082512,3, OFCL,12, 276N,  968W,105,0, HU,34, NEQ,120,100,90,100,0,0,0,130,15,    ,0, RJB,320,8, ,,,,,,,,
AL,9,2017082512,3, OFCL,12, 276N,  968W,105,0, HU,50, NEQ,60,50,40,40,0,0,0,130,15,    ,0, RJB,320,8, ,,,,,,,,
AL,9,2017082512,3, OFCL,12, 276N,  968W,105,0, HU,64, NEQ,30,25,15,20,0,0,0,130,15,    ,0, RJB,320,8, ,,,,,,,,
AL,9,2017082512,3, OFCL,24, 284N,  973W,90,0, HU,34, NEQ,120,120,100,100,0,0,0,110,15,    ,0, RJB,330,5, ,,,,,,,,
AL,9,2017082512,3, OFCL,24, 284N,  973W,90,0, HU,50, NEQ,60,50,40,40,0,0,0,110,15,    ,0, RJB,330,5, ,,,,,,,,
AL,9,2017082512,3, OFCL,24, 284N,  973W,90,0, HU,64, NEQ,30,30,20,20,0,0,0,110,15,    ,0, RJB,330,5, ,,,,,,,,
AL,9,2017082512,3, OFCL,36, 288N,  975W,70,0, HU,34, NEQ,100,120,90,80,0,0,0,85,15,    ,0, RJB,335,2, ,,,,,,,,
AL,9,2017082512,3, OFCL,36, 288N,  975W,70,0, HU,50, NEQ,50,50,40,30,0,0,0,85,15,    ,0, RJB,335,2, ,,,,,,,,
AL,9,2017082512,3, OFCL,36, 288N,  975W,70,0, HU,64, NEQ,20,20,0,0,0,0,0,85,15,    ,0, RJB,335,2, ,,,,,,,,
AL,9,2017082512,3, OFCL,48, 289N,  976W,55,0, TS,34, NEQ,100,110,80,50,0,0,0,65,15,    ,0, RJB,320,1, ,,,,,,,,
AL,9,2017082512,3, OFCL,48, 289N,  976W,55,0, TS,50, NEQ,40,40,30,20,0,0,0,65,15,    ,0, RJB,320,1, ,,,,,,,,
AL,9,2017082512,3, OFCL,72, 283N,  968W,35,0, TS,34, NEQ,120,70,50,0,0,0,0,45,15,    ,0, RJB,130,2, ,,,,,,,,
AL,9,2017082512,3, OFCL,96, 285N,  955W,40,0, TS,34, NEQ,0,0,0,0,0,0,0,50,15,    ,0, RJB,80,3, ,,,,,,,,
AL,9,2017082512,3, OFCL,120, 300N,  945W,40,0, TS,34, NEQ,0,0,0,0,0,0,0,50,15,    ,0, RJB,30,4, ,,,,,,,,
AL,9,2017082518,3, OFCL,0, 271N,  963W,105,0, HU,34, NEQ,120,90,80,100,0,0,0,130,15,    ,0, RJB,335,8,           ,  ,12, NEQ,150,120,90,120, 
AL,9,2017082518,3, OFCL,0, 271N,  963W,105,0, HU,50, NEQ,50,40,40,40,0,0,0,130,15,    ,0, RJB,335,8,           ,  ,12, NEQ,150,120,90,120, 
AL,9,2017082518,3, OFCL,0, 271N,  963W,105,0, HU,64, NEQ,30,25,20,25,0,0,0,130,15,    ,0, RJB,335,8,           ,  ,12, NEQ,150,120,90,120, 
AL,9,2017082518,3, OFCL,3, 275N,  965W,110,941, HU,34, NEQ,120,90,80,100,0,0,0,135,15,    ,0, RJB,325,9,           ,  ,12, NEQ,210,180,90,60, 
AL,9,2017082518,3, OFCL,3, 275N,  965W,110,941, HU,50, NEQ,50,40,40,40,0,0,0,135,15,    ,0, RJB,325,9,           ,  ,12, NEQ,210,180,90,60, 
AL,9,2017082518,3, OFCL,3, 275N,  965W,110,941, HU,64, NEQ,30,25,20,25,0,0,0,135,15,    ,0, RJB,325,9,           ,  ,12, NEQ,210,180,90,60, 
AL,9,2017082518,3, OFCL,12, 282N,  970W,100,0, HU,34, NEQ,120,100,80,100,0,0,0,120,15,    ,0, RJB,330,6, ,,,,,,,,
AL,9,2017082518,3, OFCL,12, 282N,  970W,100,0, HU,50, NEQ,50,50,40,40,0,0,0,120,15,    ,0, RJB,330,6, ,,,,,,,,
AL,9,2017082518,3, OFCL,12, 282N,  970W,100,0, HU,64, NEQ,30,25,15,20,0,0,0,120,15,    ,0, RJB,330,6, ,,,,,,,,
AL,9,2017082518,3, OFCL,24, 288N,  975W,75,0, HU,34, NEQ,100,100,80,90,0,0,0,90,15,    ,0, RJB,325,4, ,,,,,,,,
AL,9,2017082518,3, OFCL,24, 288N,  975W,75,0, HU,50, NEQ,40,40,30,30,0,0,0,90,15,    ,0, RJB,325,4, ,,,,,,,,
AL,9,2017082518,3, OFCL,24, 288N,  975W,75,0, HU,64, NEQ,20,20,15,15,0,0,0,90,15,    ,0, RJB,325,4, ,,,,,,,,
AL,9,2017082518,3, OFCL,36, 289N,  978W,60,0, TS,34, NEQ,80,80,70,80,0,0,0,75,15,    ,0, RJB,290,1, ,,,,,,,,
AL,9,2017082518,3, OFCL,36, 289N,  978W,60,0, TS,50, NEQ,30,30,30,30,0,0,0,75,15,    ,0, RJB,290,1, ,,,,,,,,
AL,9,2017082518,3, OFCL,48, 286N,  978W,50,0, TS,34, NEQ,70,70,50,60,0,0,0,60,15,    ,0, RJB,180,1, ,,,,,,,,
AL,9,2017082518,3, OFCL,48, 286N,  978W,50,0, TS,50, NEQ,20,30,20,20,0,0,0,60,15,    ,0, RJB,180,1, ,,,,,,,,
AL,9,2017082518,3, OFCL,72, 281N,  969W,40,0, TS,34, NEQ,60,50,40,40,0,0,0,50,15,    ,0, RJB,120,2, ,,,,,,,,
AL,9,2017082518,3, OFCL,96, 285N,  960W,40,0, TS,34, NEQ,0,0,0,0,0,0,0,50,15,    ,0, RJB,65,2, ,,,,,,,,
AL,9,2017082518,3, OFCL,120, 295N,  955W,35,0, TS,34, NEQ,0,0,0,0,0,0,0,45,15,    ,0, RJB,25,3, ,,,,,,,,
AL,9,2017082600,3, OFCL,0, 278N,  968W,115,0, HU,34, NEQ,120,90,80,70,0,0,0,140,15,    ,0, JLB,325,7,           ,  ,12, NEQ,210,180,90,60, 
AL,9,2017082600,3, OFCL,0, 278N,  968W,115,0, HU,50, NEQ,60,40,40,40,0,0,0,140,15,    ,0, JLB,325,7,           ,  ,12, NEQ,210,180,90,60, 
AL,9,2017082600,3, OFCL,0, 278N,  968W,115,0, HU,64, NEQ,35,25,20,25,0,0,0,140,15,    ,0, JLB,325,7,           ,  ,12, NEQ,210,180,90,60, 
AL,9,2017082600,3, OFCL,3, 280N,  970W,115,938, HU,34, NEQ,120,90,80,70,0,0,0,140,15,    ,0, JLB,325,6,           ,  ,12, NEQ,210,180,90,0, 
AL,9,2017082600,3, OFCL,3, 280N,  970W,115,938, HU,50, NEQ,60,40,40,40,0,0,0,140,15,    ,0, JLB,325,6,           ,  ,12, NEQ,210,180,90,0, 
AL,9,2017082600,3, OFCL,3, 280N,  970W,115,938, HU,64, NEQ,35,25,20,25,0,0,0,140,15,    ,0, JLB,325,6,           ,  ,12, NEQ,210,180,90,0, 
AL,9,2017082600,3, OFCL,12, 286N,  973W,95,0, HU,34, NEQ,120,100,70,70,0,0,0,115,15,    ,0, JLB,335,4, ,,,,,,,,
AL,9,2017082600,3, OFCL,12, 286N,  973W,95,0, HU,50, NEQ,40,50,30,30,0,0,0,115,15,    ,0, JLB,335,4, ,,,,,,,,
AL,9,2017082600,3, OFCL,12, 286N,  973W,95,0, HU,64, NEQ,25,20,15,20,0,0,0,115,15,    ,0, JLB,335,4, ,,,,,,,,
AL,9,2017082600,3, OFCL,24, 290N,  977W,65,0, HU,34, NEQ,90,100,60,60,0,0,0,80,15,    ,0, JLB,320,3, ,,,,,,,,
AL,9,2017082600,3, OFCL,24, 290N,  977W,65,0, HU,50, NEQ,30,30,30,30,0,0,0,80,15,    ,0, JLB,320,3, ,,,,,,,,
AL,9,2017082600,3, OFCL,24, 290N,  977W,65,0, HU,64, NEQ,15,15,15,15,0,0,0,80,15,    ,0, JLB,320,3, ,,,,,,,,
AL,9,2017082600,3, OFCL,36, 290N,  979W,50,0, TS,34, NEQ,60,80,50,50,0,0,0,60,15,    ,0, JLB,270,1, ,,,,,,,,
AL,9,2017082600,3, OFCL,36, 290N,  979W,50,0, TS,50, NEQ,20,20,20,20,0,0,0,60,15,    ,0, JLB,270,1, ,,,,,,,,
AL,9,2017082600,3, OFCL,48, 287N,  978W,45,0, TS,34, NEQ,60,70,50,50,0,0,0,55,15,    ,0, JLB,165,2, ,,,,,,,,
AL,9,2017082600,3, OFCL,72, 280N,  975W,40,0, TS,34, NEQ,60,60,40,40,0,0,0,50,15,    ,0, JLB,160,2, ,,,,,,,,
AL,9,2017082600,3, OFCL,96, 285N,  965W,40,0, TS,34, NEQ,0,0,0,0,0,0,0,50,15,    ,0, JLB,60,3, ,,,,,,,,
AL,9,2017082600,3, OFCL,120, 295N,  960W,35,0, TS,34, NEQ,0,0,0,0,0,0,0,45,15,    ,0, JLB,25,3, ,,,,,,,,
AL,9,2017082606,3, OFCL,0, 282N,  971W,100,0, HU,34, NEQ,120,100,70,70,0,0,0,120,10,    ,0, RJB,325,5,           ,  ,12, NEQ,210,180,90,0, 
AL,9,2017082606,3, OFCL,0, 282N,  971W,100,0, HU,50, NEQ,50,50,30,40,0,0,0,120,10,    ,0, RJB,325,5,           ,  ,12, NEQ,210,180,90,0, 
AL,9,2017082606,3, OFCL,0, 282N,  971W,100,0, HU,64, NEQ,30,25,20,25,0,0,0,120,10,    ,0, RJB,325,5,           ,  ,12, NEQ,210,180,90,0, 
AL,9,2017082606,3, OFCL,3, 285N,  972W,85,963, HU,34, NEQ,120,100,70,70,0,0,0,105,10,    ,0, RJB,325,5,           ,  ,12, NEQ,150,180,0,0, 
AL,9,2017082606,3, OFCL,3, 285N,  972W,85,963, HU,50, NEQ,50,50,30,40,0,0,0,105,10,    ,0, RJB,325,5,           ,  ,12, NEQ,150,180,0,0, 
AL,9,2017082606,3, OFCL,3, 285N,  972W,85,963, HU,64, NEQ,30,25,20,25,0,0,0,105,10,    ,0, RJB,325,5,           ,  ,12, NEQ,150,180,0,0, 
AL,9,2017082606,3, OFCL,12, 288N,  974W,70,0, HU,34, NEQ,100,100,60,70,0,0,0,85,10,    ,0, RJB,330,2, ,,,,,,,,
AL,9,2017082606,3, OFCL,12, 288N,  974W,70,0, HU,50, NEQ,40,40,20,30,0,0,0,85,10,    ,0, RJB,330,2, ,,,,,,,,
AL,9,2017082606,3, OFCL,12, 288N,  974W,70,0, HU,64, NEQ,20,20,10,15,0,0,0,85,10,    ,0, RJB,330,2, ,,,,,,,,
AL,9,2017082606,3, OFCL,24, 290N,  976W,50,0, TS,34, NEQ,70,80,40,60,0,0,0,60,10,    ,0, RJB,320,1, ,,,,,,,,
AL,9,2017082606,3, OFCL,24, 290N,  976W,50,0, TS,50, NEQ,30,30,20,20,0,0,0,60,10,    ,0, RJB,320,1, ,,,,,,,,
AL,9,2017082606,3, OFCL,36, 287N,  976W,45,0, TS,34, NEQ,60,60,40,50,0,0,0,55,10,    ,0, RJB,180,1, ,,,,,,,,
AL,9,2017082606,3, OFCL,48, 285N,  973W,40,0, TS,34, NEQ,70,50,40,50,0,0,0,50,10,    ,0, RJB,125,2, ,,,,,,,,
AL,9,2017082606,3, OFCL,72, 283N,  968W,35,0, TS,34, NEQ,70,60,50,40,0,0,0,45,10,    ,0, RJB,115,1, ,,,,,,,,
AL,9,2017082606,3, OFCL,96, 290N,  965W,35,0, TS,34, NEQ,0,0,0,0,0,0,0,45,10,    ,0, RJB,20,2, ,,,,,,,,
AL,9,2017082606,3, OFCL,120, 300N,  965W,30,0, TD,34, NEQ,0,0,0,0,0,0,0,40,10,    ,0, RJB,360,3, ,,,,,,,,
AL,9,2017082612,3, OFCL,0, 287N,  972W,70,0, HU,34, NEQ,120,100,70,70,0,0,0,85,0,    ,0, LAA,350,5,           ,  ,12, NEQ,150,180,0,0, 
AL,9,2017082612,3, OFCL,0, 287N,  972W,70,0, HU,50, NEQ,50,50,30,40,0,0,0,85,0,    ,0, LAA,350,5,           ,  ,12, NEQ,150,180,0,0, 
AL,9,2017082612,3, OFCL,0, 287N,  972W,70,0, HU,64, NEQ,30,25,20,25,0,0,0,85,0,    ,0, LAA,350,5,           ,  ,12, NEQ,150,180,0,0, 
AL,9,2017082612,3, OFCL,3, 289N,  973W,65,984, HU,34, NEQ,120,100,70,70,0,0,0,80,0,    ,0, LAA,350,2,           ,  ,12, NEQ,150,120,0,0, 
AL,9,2017082612,3, OFCL,3, 289N,  973W,65,984, HU,50, NEQ,50,50,30,40,0,0,0,80,0,    ,0, LAA,350,2,           ,  ,12, NEQ,150,120,0,0, 
AL,9,2017082612,3, OFCL,3, 289N,  973W,65,984, HU,64, NEQ,20,20,20,20,0,0,0,80,0,    ,0, LAA,350,2,           ,  ,12, NEQ,150,120,0,0, 
AL,9,2017082612,3, OFCL,12, 291N,  974W,45,0, TS,34, NEQ,100,100,50,50,0,0,0,55,0,    ,0, LAA,335,1, ,,,,,,,,
AL,9,2017082612,3, OFCL,24, 292N,  975W,40,0, TS,34, NEQ,70,80,30,30,0,0,0,50,0,    ,0, LAA,320,1, ,,,,,,,,
AL,9,2017082612,3, OFCL,36, 290N,  975W,35,0, TS,34, NEQ,70,80,30,30,0,0,0,45,0,    ,0, LAA,180,1, ,,,,,,,,
AL,9,2017082612,3, OFCL,48, 287N,  970W,30,0, TD,34, NEQ,0,0,0,0,0,0,0,40,0,    ,0, LAA,125,3, ,,,,,,,,
AL,9,2017082612,3, OFCL,72, 287N,  967W,30,0, TD,34, NEQ,0,0,0,0,0,0,0,40,0,    ,0, LAA,90,1, ,,,,,,,,
AL,9,2017082612,3, OFCL,96, 295N,  967W,30,0, TD,34, NEQ,0,0,0,0,0,0,0,40,0,    ,0, LAA,360,2, ,,,,,,,,
AL,9,2017082612,3, OFCL,120, 305N,  965W,30,0, TD,34, NEQ,0,0,0,0,0,0,0,40,0,    ,0, LAA,10,3, ,,,,,,,,
AL,9,2017082618,3, OFCL,0, 291N,  976W,60,0, TS,34, NEQ,75,100,30,50,0,0,0,75,0,    ,0, LAA,320,5,           ,  ,12, NEQ,150,120,0,0, 
AL,9,2017082618,3, OFCL,0, 291N,  976W,60,0, TS,50, NEQ,50,50,20,40,0,0,0,75,0,    ,0, LAA,320,5,           ,  ,12, NEQ,150,120,0,0, 
AL,9,2017082618,3, OFCL,3, 291N,  976W,55,990, TS,34, NEQ,75,100,30,50,0,0,0,65,0,    ,0, LAA,360,0,           ,  ,12, NEQ,150,150,0,0, 
AL,9,2017082618,3, OFCL,3, 291N,  976W,55,990, TS,50, NEQ,50,50,20,40,0,0,0,65,0,    ,0, LAA,360,0,           ,  ,12, NEQ,150,150,0,0, 
AL,9,2017082618,3, OFCL,12, 291N,  976W,45,0, TS,34, NEQ,75,100,20,20,0,0,0,55,0,    ,0, LAA,360,0, ,,,,,,,,
AL,9,2017082618,3, OFCL,24, 289N,  977W,35,0, TS,34, NEQ,75,100,0,0,0,0,0,45,0,    ,0, LAA,205,1, ,,,,,,,,
AL,9,2017082618,3, OFCL,36, 285N,  973W,30,0, TD,34, NEQ,0,0,0,0,0,0,0,40,0,    ,0, LAA,140,3, ,,,,,,,,
AL,9,2017082618,3, OFCL,48, 283N,  971W,30,0, TD,34, NEQ,0,0,0,0,0,0,0,40,0,    ,0, LAA,140,1, ,,,,,,,,
AL,9,2017082618,3, OFCL,72, 287N,  970W,30,0, TD,34, NEQ,0,0,0,0,0,0,0,40,0,    ,0, LAA,10,1, ,,,,,,,,
AL,9,2017082618,3, OFCL,96, 295N,  970W,30,0, TD,34, NEQ,0,0,0,0,0,0,0,40,0,    ,0, LAA,360,2, ,,,,,,,,
AL,9,2017082618,3, OFCL,120, 305N,  970W,30,0, TD,34, NEQ,0,0,0,0,0,0,0,40,0,    ,0, LAA,360,3, ,,,,,,,,
AL,9,2017082700,3, OFCL,0, 292N,  974W,50,0, TS,34, NEQ,50,100,30,50,0,0,0,60,0,    ,0, JLB,60,2,           ,  ,12, NEQ,150,150,0,0, 
AL,9,2017082700,3, OFCL,0, 292N,  974W,50,0, TS,50, NEQ,30,0,0,30,0,0,0,60,0,    ,0, JLB,60,2,           ,  ,12, NEQ,150,150,0,0, 
AL,9,2017082700,3, OFCL,3, 293N,  973W,45,994, TS,34, NEQ,50,100,30,50,0,0,0,55,0,    ,0, JLB,60,1, ,,,,,,,,
AL,9,2017082700,3, OFCL,12, 291N,  974W,35,0, TS,34, NEQ,20,100,0,20,0,0,0,45,0,    ,0, JLB,205,1, ,,,,,,,,
AL,9,2017082700,3, OFCL,24, 289N,  973W,30,0, TD,34, NEQ,0,0,0,0,0,0,0,40,0,    ,0, JLB,155,1, ,,,,,,,,
AL,9,2017082700,3, OFCL,36, 285N,  970W,30,0, TD,34, NEQ,0,0,0,0,0,0,0,40,0,    ,0, JLB,145,2, ,,,,,,,,
AL,9,2017082700,3, OFCL,48, 284N,  968W,30,0, TD,34, NEQ,0,0,0,0,0,0,0,40,0,    ,0, JLB,120,1, ,,,,,,,,
AL,9,2017082700,3, OFCL,72, 290N,  965W,30,0, TD,34, NEQ,0,0,0,0,0,0,0,40,0,    ,0, JLB,25,2, ,,,,,,,,
AL,9,2017082700,3, OFCL,96, 300N,  965W,30,0, TD,34, NEQ,0,0,0,0,0,0,0,40,0,    ,0, JLB,360,3, ,,,,,,,,
AL,9,2017082700,3, OFCL,120, 310N,  965W,25,0, TD,34, NEQ,0,0,0,0,0,0,0,35,0,    ,0, JLB,360,3, ,,,,,,,,
AL,9,2017082706,3, OFCL,0, 293N,  976W,40,0, TS,34, NEQ,50,100,30,50,0,0,0,50,0,    ,0, RJP,320,1, ,,,,,,,,
AL,9,2017082706,3, OFCL,3, 292N,  977W,40,998, TS,34, NEQ,50,50,30,50,0,0,0,50,0,    ,0, RJP,200,1, ,,,,,,,,
AL,9,2017082706,3, OFCL,12, 290N,  974W,35,0, TS,34, NEQ,50,50,0,20,0,0,0,45,0,    ,0, RJP,125,2, ,,,,,,,,
AL,9,2017082706,3, OFCL,24, 287N,  970W,30,0, TD,34, NEQ,0,0,0,0,0,0,0,40,0,    ,0, RJP,130,2, ,,,,,,,,
AL,9,2017082706,3, OFCL,36, 285N,  966W,30,0, TD,34, NEQ,0,0,0,0,0,0,0,40,0,    ,0, RJP,120,2, ,,,,,,,,
AL,9,2017082706,3, OFCL,48, 285N,  961W,30,0, TD,34, NEQ,0,0,0,0,0,0,0,40,0,    ,0, RJP,90,2, ,,,,,,,,
AL,9,2017082706,3, OFCL,72, 294N,  956W,30,0, TD,34, NEQ,0,0,0,0,0,0,0,40,0,    ,0, RJP,25,3, ,,,,,,,,
AL,9,2017082706,3, OFCL,96, 308N,  955W,25,0, TD,34, NEQ,0,0,0,0,0,0,0,35,0,    ,0, RJP,5,4, ,,,,,,,,
AL,9,2017082706,3, OFCL,120, 320N,  950W,25,0, TD,34, NEQ,0,0,0,0,0,0,0,35,0,    ,0, RJP,20,3, ,,,,,,,,
AL,9,2017082712,3, OFCL,0, 290N,  975W,35,0, TS,34, NEQ,150,60,0,30,0,0,0,45,0,    ,0, DPB,165,3, ,,,,,,,,
AL,9,2017082712,3, OFCL,3, 290N,  974W,35,1000, TS,34, NEQ,150,60,0,30,0,0,0,45,0,    ,0, DPB,160,2, ,,,,,,,,
AL,9,2017082712,3, OFCL,12, 286N,  973W,35,0, TS,34, NEQ,150,60,0,0,0,0,0,45,0,    ,0, DPB,170,3, ,,,,,,,,
AL,9,2017082712,3, OFCL,24, 284N,  968W,35,0, TS,34, NEQ,120,60,0,0,0,0,0,45,0,    ,0, DPB,115,2, ,,,,,,,,
AL,9,2017082712,3, OFCL,36, 282N,  963W,35,0, TS,34, NEQ,120,90,0,0,0,0,0,45,0,    ,0, DPB,115,2, ,,,,,,,,
AL,9,2017082712,3, OFCL,48, 282N,  960W,35,0, TS,34, NEQ,120,90,0,0,0,0,0,45,0,    ,0, DPB,90,1, ,,,,,,,,
AL,9,2017082712,3, OFCL,72, 293N,  957W,35,0, TS,34, NEQ,90,90,0,0,0,0,0,45,0,    ,0, DPB,15,3, ,,,,,,,,
AL,9,2017082712,3, OFCL,96, 309N,  955W,30,0, TD,34, NEQ,0,0,0,0,0,0,0,40,0,    ,0, DPB,5,4, ,,,,,,,,
AL,9,2017082712,3, OFCL,120, 322N,  951W,25,0, TD,34, NEQ,0,0,0,0,0,0,0,35,0,    ,0, DPB,15,3, ,,,,,,,,
AL,9,2017082718,3, OFCL,0, 290N,  972W,35,0, TS,34, NEQ,120,60,30,60,0,0,0,45,0,    ,0, DPB,90,3, ,,,,,,,,
AL,9,2017082718,3, OFCL,3, 290N,  970W,35,1000, TS,34, NEQ,120,60,30,60,0,0,0,45,0,    ,0, DPB,140,2, ,,,,,,,,
AL,9,2017082718,3, OFCL,12, 287N,  968W,35,0, TS,34, NEQ,120,60,20,30,0,0,0,45,0,    ,0, DPB,150,2, ,,,,,,,,
AL,9,2017082718,3, OFCL,24, 284N,  964W,35,0, TS,34, NEQ,120,90,20,30,0,0,0,45,0,    ,0, DPB,130,2, ,,,,,,,,
AL,9,2017082718,3, OFCL,36, 282N,  960W,40,0, TS,34, NEQ,120,90,20,30,0,0,0,50,0,    ,0, DPB,120,2, ,,,,,,,,
AL,9,2017082718,3, OFCL,48, 284N,  956W,40,0, TS,34, NEQ,120,90,30,40,0,0,0,50,0,    ,0, DPB,60,2, ,,,,,,,,
AL,9,2017082718,3, OFCL,72, 299N,  952W,35,0, TS,34, NEQ,80,100,30,30,0,0,0,45,0,    ,0, DPB,15,4, ,,,,,,,,
AL,9,2017082718,3, OFCL,96, 318N,  947W,30,0, TD,34, NEQ,0,0,0,0,0,0,0,40,0,    ,0, DPB,15,5, ,,,,,,,,
AL,9,2017082718,3, OFCL,120, 335N,  934W,25,0, TD,34, NEQ,0,0,0,0,0,0,0,35,0,    ,0, DPB,30,5, ,,,,,,,,
AL,9,2017082800,3, OFCL,0, 289N,  968W,35,0, TS,34, NEQ,120,60,30,60,0,0,0,45,0,    ,0, MJB,105,4, ,,,,,,,,
AL,9,2017082800,3, OFCL,3, 288N,  966W,35,1000, TS,34, NEQ,120,60,30,60,0,0,0,45,0,    ,0, MJB,120,3, ,,,,,,,,
AL,9,2017082800,3, OFCL,12, 286N,  964W,35,0, TS,34, NEQ,120,60,30,30,0,0,0,45,0,    ,0, MJB,140,2, ,,,,,,,,
AL,9,2017082800,3, OFCL,24, 283N,  960W,40,0, TS,34, NEQ,120,90,30,30,0,0,0,50,0,    ,0, MJB,130,2, ,,,,,,,,
AL,9,2017082800,3, OFCL,36, 284N,  957W,40,0, TS,34, NEQ,120,90,30,30,0,0,0,50,0,    ,0, MJB,70,1, ,,,,,,,,
AL,9,2017082800,3, OFCL,48, 288N,  953W,40,0, TS,34, NEQ,120,90,30,30,0,0,0,50,0,    ,0, MJB,40,3, ,,,,,,,,
AL,9,2017082800,3, OFCL,72, 305N,  948W,35,0, TS,34, NEQ,80,100,30,20,0,0,0,45,0,    ,0, MJB,15,4, ,,,,,,,,
AL,9,2017082800,3, OFCL,96, 323N,  939W,30,0, TD,34, NEQ,0,0,0,0,0,0,0,40,0,    ,0, MJB,25,5, ,,,,,,,,
AL,9,2017082800,3, OFCL,120, 340N,  925W,25,0, TD,34, NEQ,0,0,0,0,0,0,0,35,0,    ,0, MJB,35,5, ,,,,,,,,
AL,9,2017082806,3, OFCL,0, 287N,  964W,35,0, TS,34, NEQ,150,150,30,60,0,0,0,45,0,    ,0, RJP,120,4, ,,,,,,,,
AL,9,2017082806,3, OFCL,3, 286N,  963W,35,998, TS,34, NEQ,150,150,30,60,0,0,0,45,0,    ,0, RJP,130,3, ,,,,,,,,
AL,9,2017082806,3, OFCL,12, 284N,  960W,35,0, TS,34, NEQ,150,150,30,60,0,0,0,45,0,    ,0, RJP,125,2, ,,,,,,,,
AL,9,2017082806,3, OFCL,24, 281N,  956W,35,0, TS,34, NEQ,150,120,30,60,0,0,0,45,0,    ,0, RJP,130,2, ,,,,,,,,
AL,9,2017082806,3, OFCL,36, 283N,  952W,40,0, TS,34, NEQ,120,90,30,30,0,0,0,50,0,    ,0, RJP,60,2, ,,,,,,,,
AL,9,2017082806,3, OFCL,48, 290N,  947W,40,0, TS,34, NEQ,120,90,30,30,0,0,0,50,0,    ,0, RJP,30,4, ,,,,,,,,
AL,9,2017082806,3, OFCL,72, 310N,  939W,35,0, TS,34, NEQ,80,100,30,20,0,0,0,45,0,    ,0, RJP,20,5, ,,,,,,,,
AL,9,2017082806,3, OFCL,96, 334N,  925W,30,0, TD,34, NEQ,0,0,0,0,0,0,0,40,0,    ,0, RJP,25,7, ,,,,,,,,
AL,9,2017082806,3, OFCL,120, 350N,  905W,25,0, TD,34, NEQ,0,0,0,0,0,0,0,35,0,    ,0, RJP,45,6, ,,,,,,,,
AL,9,2017082812,3, OFCL,0, 285N,  961W,35,0, TS,34, NEQ,150,150,30,0,0,0,0,45,0,    ,0, JLB,125,3, ,,,,,,,,
AL,9,2017082812,3, OFCL,3, 285N,  960W,35,997, TS,34, NEQ,150,150,30,0,0,0,0,45,0,    ,0, JLB,125,4, ,,,,,,,,
AL,9,2017082812,3, OFCL,12, 281N,  957W,35,0, TS,34, NEQ,150,150,30,60,0,0,0,45,0,    ,0, JLB,145,3, ,,,,,,,,
AL,9,2017082812,3, OFCL,24, 281N,  953W,35,0, TS,34, NEQ,150,120,30,60,0,0,0,45,0,    ,0, JLB,90,2, ,,,,,,,,
AL,9,2017082812,3, OFCL,36, 285N,  948W,40,0, TS,34, NEQ,120,90,30,30,0,0,0,50,0,    ,0, JLB,50,3, ,,,,,,,,
AL,9,2017082812,3, OFCL,48, 294N,  944W,40,0, TS,34, NEQ,120,90,30,30,0,0,0,50,0,    ,0, JLB,20,5, ,,,,,,,,
AL,9,2017082812,3, OFCL,72, 315N,  935W,35,0, TS,34, NEQ,60,100,0,0,0,0,0,45,0,    ,0, JLB,20,6, ,,,,,,,,
AL,9,2017082812,3, OFCL,96, 335N,  920W,30,0, TD,34, NEQ,0,0,0,0,0,0,0,40,0,    ,0, JLB,30,6, ,,,,,,,,
AL,9,2017082812,3, OFCL,120, 355N,  905W,20,0, TD,34, NEQ,0,0,0,0,0,0,0,30,0,    ,0, JLB,30,6, ,,,,,,,,
AL,9,2017082818,3, OFCL,0, 286N,  959W,35,0, TS,34, NEQ,150,150,60,0,0,0,0,45,0,    ,0, JLB,90,3, ,,,,,,,,
AL,9,2017082818,3, OFCL,3, 285N,  957W,40,997, TS,34, NEQ,150,150,60,0,0,0,0,50,0,    ,0, JLB,110,3, ,,,,,,,,
AL,9,2017082818,3, OFCL,12, 284N,  955W,40,0, TS,34, NEQ,150,150,60,60,0,0,0,50,0,    ,0, JLB,120,1, ,,,,,,,,
AL,9,2017082818,3, OFCL,24, 286N,  950W,40,0, TS,34, NEQ,150,120,60,60,0,0,0,50,0,    ,0, JLB,65,2, ,,,,,,,,
AL,9,2017082818,3, OFCL,36, 292N,  945W,40,0, TS,34, NEQ,120,90,60,60,0,0,0,50,0,    ,0, JLB,35,4, ,,,,,,,,
AL,9,2017082818,3, OFCL,48, 303N,  941W,35,0, TS,34, NEQ,60,90,60,0,0,0,0,45,0,    ,0, JLB,15,6, ,,,,,,,,
AL,9,2017082818,3, OFCL,72, 325N,  930W,30,0, TD,34, NEQ,0,0,0,0,0,0,0,40,0,    ,0, JLB,25,6, ,,,,,,,,
AL,9,2017082818,3, OFCL,96, 345N,  915W,25,0, TD,34, NEQ,0,0,0,0,0,0,0,35,0,    ,0, JLB,30,6, ,,,,,,,,
AL,9,2017082818,3, OFCL,120, 370N,  890W,20,0, LO,34, NEQ,0,0,0,0,0,0,0,30,0,    ,0, JLB,40,8, ,,,,,,,,
AL,9,2017082900,3, OFCL,0, 282N,  954W,40,0, TS,34, NEQ,150,150,60,60,0,0,0,50,0,    ,0, DPB,125,5, ,,,,,,,,
AL,9,2017082900,3, OFCL,3, 282N,  953W,40,997, TS,34, NEQ,150,150,60,60,0,0,0,50,0,    ,0, DPB,120,3,           ,  ,12, NEQ,60,90,90,0, 
AL,9,2017082900,3, OFCL,12, 281N,  950W,40,0, TS,34, NEQ,150,150,60,60,0,0,0,50,0,    ,0, DPB,110,2, ,,,,,,,,
AL,9,2017082900,3, OFCL,24, 285N,  945W,40,0, TS,34, NEQ,140,120,60,60,0,0,0,50,0,    ,0, DPB,50,3, ,,,,,,,,
AL,9,2017082900,3, OFCL,36, 295N,  940W,40,0, TS,34, NEQ,120,90,60,60,0,0,0,50,0,    ,0, DPB,25,5, ,,,,,,,,
AL,9,2017082900,3, OFCL,48, 307N,  934W,35,0, TS,34, NEQ,60,90,60,0,0,0,0,45,0,    ,0, DPB,25,7, ,,,,,,,,
AL,9,2017082900,3, OFCL,72, 334N,  919W,30,0, TD,34, NEQ,0,0,0,0,0,0,0,40,0,    ,0, DPB,25,7, ,,,,,,,,
AL,9,2017082900,3, OFCL,96, 355N,  900W,25,0, TD,34, NEQ,0,0,0,0,0,0,0,35,0,    ,0, DPB,35,7, ,,,,,,,,
AL,9,2017082900,3, OFCL,120, 380N,  865W,20,0, LO,34, NEQ,0,0,0,0,0,0,0,30,0,    ,0, DPB,45,9, ,,,,,,,,
AL,9,2017082906,3, OFCL,0, 280N,  950W,40,0, TS,34, NEQ,150,150,60,60,0,0,0,50,0,    ,0, RJP,120,4,           ,  ,12, NEQ,60,90,90,0, 
AL,9,2017082906,3, OFCL,3, 281N,  948W,40,997, TS,34, NEQ,150,150,60,60,0,0,0,50,0,    ,0, RJP,90,3,           ,  ,12, NEQ,60,90,90,0, 
AL,9,2017082906,3, OFCL,12, 283N,  945W,40,0, TS,34, NEQ,150,150,60,60,0,0,0,50,0,    ,0, RJP,55,2, ,,,,,,,,
AL,9,2017082906,3, OFCL,24, 288N,  939W,40,0, TS,34, NEQ,140,120,60,60,0,0,0,50,0,    ,0, RJP,45,4, ,,,,,,,,
AL,9,2017082906,3, OFCL,36, 299N,  934W,40,0, TS,34, NEQ,120,100,60,60,0,0,0,50,0,    ,0, RJP,20,6, ,,,,,,,,
AL,9,2017082906,3, OFCL,48, 311N,  927W,35,0, TS,34, NEQ,60,100,60,0,0,0,0,45,0,    ,0, RJP,25,7, ,,,,,,,,
AL,9,2017082906,3, OFCL,72, 337N,  907W,30,0, TD,34, NEQ,0,0,0,0,0,0,0,40,0,    ,0, RJP,30,8, ,,,,,,,,
AL,9,2017082906,3, OFCL,96, 360N,  875W,25,0, TD,34, NEQ,0,0,0,0,0,0,0,35,0,    ,0, RJP,50,9, ,,,,,,,,
AL,9,2017082906,3, OFCL,120, 375N,  835W,20,0, LO,34, NEQ,0,0,0,0,0,0,0,30,0,    ,0, RJP,65,9, ,,,,,,,,
AL,9,2017082912,3, OFCL,0, 282N,  946W,40,0, TS,34, NEQ,140,140,60,60,0,0,0,50,0,    ,0, LAA,60,4,           ,  ,12, NEQ,60,90,90,0, 
AL,9,2017082912,3, OFCL,3, 284N,  943W,40,997, TS,34, NEQ,140,140,60,60,0,0,0,50,0,    ,0, LAA,25,4,           ,  ,12, NEQ,30,30,30,0, 
AL,9,2017082912,3, OFCL,12, 288N,  940W,40,0, TS,34, NEQ,140,140,60,60,0,0,0,50,0,    ,0, LAA,35,3, ,,,,,,,,
AL,9,2017082912,3, OFCL,24, 298N,  934W,40,0, TS,34, NEQ,120,120,40,40,0,0,0,50,0,    ,0, LAA,25,6, ,,,,,,,,
AL,9,2017082912,3, OFCL,36, 308N,  928W,30,0, TD,34, NEQ,0,0,0,0,0,0,0,40,0,    ,0, LAA,25,6, ,,,,,,,,
AL,9,2017082912,3, OFCL,48, 320N,  920W,30,0, TD,34, NEQ,0,0,0,0,0,0,0,40,0,    ,0, LAA,30,7, ,,,,,,,,
AL,9,2017082912,3, OFCL,72, 345N,  895W,25,0, LO,34, NEQ,0,0,0,0,0,0,0,35,0,    ,0, LAA,40,8, ,,,,,,,,
AL,9,2017082912,3, OFCL,96, 365N,  860W,25,0, LO,34, NEQ,0,0,0,0,0,0,0,35,0,    ,0, LAA,55,9, ,,,,,,,,
AL,9,2017082912,3, OFCL,120, 385N,  810W,20,0, LO,34, NEQ,0,0,0,0,0,0,0,30,0,    ,0, LAA,60,11, ,,,,,,,,
AL,9,2017082918,3, OFCL,0, 291N,  944W,45,0, TS,34, NEQ,100,140,60,60,0,0,0,55,0,    ,0, LAA,10,9,           ,  ,12, NEQ,30,30,30,0, 
AL,9,2017082918,3, OFCL,3, 292N,  943W,45,994, TS,34, NEQ,100,140,60,60,0,0,0,55,0,    ,0, LAA,30,5,           ,  ,12, NEQ,90,90,60,0, 
AL,9,2017082918,3, OFCL,12, 301N,  937W,40,0, TS,34, NEQ,75,140,50,40,0,0,0,50,0,    ,0, LAA,30,7, ,,,,,,,,
AL,9,2017082918,3, OFCL,24, 315N,  930W,30,0, TD,34, NEQ,0,0,0,0,0,0,0,40,0,    ,0, LAA,25,8, ,,,,,,,,
AL,9,2017082918,3, OFCL,36, 325N,  925W,30,0, TD,34, NEQ,0,0,0,0,0,0,0,40,0,    ,0, LAA,25,5, ,,,,,,,,
AL,9,2017082918,3, OFCL,48, 340N,  910W,30,0, TD,34, NEQ,0,0,0,0,0,0,0,40,0,    ,0, LAA,40,10, ,,,,,,,,
AL,9,2017082918,3, OFCL,72, 365N,  880W,25,0, LO,34, NEQ,0,0,0,0,0,0,0,35,0,    ,0, LAA,45,9, ,,,,,,,,
AL,9,2017082918,3, OFCL,96, 375N,  855W,25,0, LO,34, NEQ,0,0,0,0,0,0,0,35,0,    ,0, LAA,65,6, ,,,,,,,,
AL,9,2017083000,3, OFCL,0, 287N,  939W,45,0, TS,34, NEQ,100,140,60,60,0,0,0,55,0,    ,0, DPB,130,6,           ,  ,12, NEQ,90,90,60,0, 
AL,9,2017083000,3, OFCL,3, 290N,  936W,45,994, TS,34, NEQ,100,140,60,60,0,0,0,55,0,    ,0, DPB,35,5,           ,  ,12, NEQ,90,90,90,0, 
AL,9,2017083000,3, OFCL,12, 298N,  930W,40,0, TS,34, NEQ,75,140,50,40,0,0,0,50,0,    ,0, DPB,35,6, ,,,,,,,,
AL,9,2017083000,3, OFCL,24, 311N,  923W,30,0, TD,34, NEQ,0,0,0,0,0,0,0,40,0,    ,0, DPB,25,7, ,,,,,,,,
AL,9,2017083000,3, OFCL,36, 325N,  912W,30,0, TD,34, NEQ,0,0,0,0,0,0,0,40,0,    ,0, DPB,35,8, ,,,,,,,,
AL,9,2017083000,3, OFCL,48, 343N,  895W,25,0, TD,34, NEQ,0,0,0,0,0,0,0,35,0,    ,0, DPB,40,11, ,,,,,,,,
AL,9,2017083000,3, OFCL,72, 368N,  859W,25,0, LO,34, NEQ,0,0,0,0,0,0,0,35,0,    ,0, DPB,50,10, ,,,,,,,,
AL,9,2017083000,3, OFCL,96, 390N,  815W,20,0, LO,34, NEQ,0,0,0,0,0,0,0,30,0,    ,0, DPB,55,10, ,,,,,,,,
AL,9,2017083006,3, OFCL,0, 293N,  935W,40,0, TS,34, NEQ,70,70,70,70,0,0,0,50,0,    ,0, RJB,30,7,           ,  ,12, NEQ,90,90,90,0, 
AL,9,2017083006,3, OFCL,3, 298N,  934W,40,990, TS,34, NEQ,70,70,70,70,0,0,0,50,0,    ,0, RJB,30,6,           ,  ,12, NEQ,0,90,90,0, 
AL,9,2017083006,3, OFCL,12, 304N,  929W,35,0, TS,34, NEQ,40,140,50,50,0,0,0,45,0,    ,0, RJB,35,5, ,,,,,,,,
AL,9,2017083006,3, OFCL,24, 317N,  920W,30,0, TD,34, NEQ,0,0,0,0,0,0,0,40,0,    ,0, RJB,30,8, ,,,,,,,,
AL,9,2017083006,3, OFCL,36, 333N,  906W,25,0, TD,34, NEQ,0,0,0,0,0,0,0,35,0,    ,0, RJB,35,10, ,,,,,,,,
AL,9,2017083006,3, OFCL,48, 350N,  887W,25,0, TD,34, NEQ,0,0,0,0,0,0,0,35,0,    ,0, RJB,40,12, ,,,,,,,,
AL,9,2017083006,3, OFCL,72, 375N,  849W,20,0, LO,34, NEQ,0,0,0,0,0,0,0,30,0,    ,0, RJB,50,10, ,,,,,,,,
AL,9,2017083012,3, OFCL,0, 302N,  935W,40,0, TS,34, NEQ,40,70,70,40,0,0,0,50,0,    ,0, JLB,360,9, ,,,,,,,,
AL,9,2017083012,3, OFCL,3, 305N,  933W,40,993, TS,34, NEQ,40,70,70,40,0,0,0,50,0,    ,0, JLB,20,7,           ,  ,12, NEQ,0,90,90,0, 
AL,9,2017083012,3, OFCL,12, 314N,  927W,35,0, TS,34, NEQ,0,140,0,0,0,0,0,45,0,    ,0, JLB,30,7, ,,,,,,,,
AL,9,2017083012,3, OFCL,24, 328N,  917W,30,0, TD,34, NEQ,0,0,0,0,0,0,0,40,0,    ,0, JLB,30,8, ,,,,,,,,
AL,9,2017083012,3, OFCL,36, 344N,  901W,25,0, TD,34, NEQ,0,0,0,0,0,0,0,35,0,    ,0, JLB,40,10, ,,,,,,,,
AL,9,2017083012,3, OFCL,48, 358N,  883W,25,0, TD,34, NEQ,0,0,0,0,0,0,0,35,0,    ,0, JLB,45,10, ,,,,,,,,
AL,9,2017083012,3, OFCL,72, 385N,  845W,20,0, LO,34, NEQ,0,0,0,0,0,0,0,30,0,    ,0, JLB,45,10, ,,,,,,,,
AL,9,2017083018,3, OFCL,0, 306N,  933W,35,0, TS,34, NEQ,0,120,70,0,0,0,0,45,0,    ,0, JLB,20,7,           ,  ,12, NEQ,0,90,90,0, 
AL,9,2017083018,3, OFCL,3, 308N,  931W,35,998, TS,34, NEQ,0,120,0,0,0,0,0,45,0,    ,0, JLB,20,7,           ,  ,12, NEQ,0,150,0,0, 
AL,9,2017083018,3, OFCL,12, 318N,  924W,30,0, TD,34, NEQ,0,0,0,0,0,0,0,40,0,    ,0, JLB,30,8, ,,,,,,,,
AL,9,2017083018,3, OFCL,24, 335N,  910W,25,0, TD,34, NEQ,0,0,0,0,0,0,0,35,0,    ,0, JLB,35,10, ,,,,,,,,
AL,9,2017083018,3, OFCL,36, 351N,  891W,25,0, TD,34, NEQ,0,0,0,0,0,0,0,35,0,    ,0, JLB,45,11, ,,,,,,,,
AL,9,2017083018,3, OFCL,48, 364N,  871W,25,0, TD,34, NEQ,0,0,0,0,0,0,0,35,0,    ,0, JLB,50,10, ,,,,,,,,
AL,9,2017083018,3, OFCL,72, 386N,  830W,20,0, LO,34, NEQ,0,0,0,0,0,0,0,30,0,    ,0, JLB,55,10, ,,,,,,,,
AL,9,2017083100,3, OFCL,0, 313N,  926W,30,0, TD,34, NEQ,0,0,0,0,0,0,0,40,0,    ,0, DPB,40,9,           ,  ,12, NEQ,0,150,0,0, 
AL,9,2017083100,3, OFCL,3, 317N,  923W,30,998, TD,34, NEQ,0,0,0,0,0,0,0,40,0,    ,0, DPB,30,8, ,,,,,,,,
AL,9,2017083100,3, OFCL,12, 328N,  914W,25,0, TD,34, NEQ,0,0,0,0,0,0,0,35,0,    ,0, DPB,35,9, ,,,,,,,,
AL,9,2017083100,3, OFCL,24, 345N,  897W,25,0, TD,34, NEQ,0,0,0,0,0,0,0,35,0,    ,0, DPB,40,11, ,,,,,,,,
AL,9,2017083100,3, OFCL,36, 359N,  876W,25,0, TD,34, NEQ,0,0,0,0,0,0,0,35,0,    ,0, DPB,50,11, ,,,,,,,,
AL,9,2017083100,3, OFCL,48, 370N,  857W,20,0, DB,34, NEQ,0,0,0,0,0,0,0,30,0,    ,0, DPB,55,9, ,,,,,,,,