AL,11,2017090506,3, OFCL,0, 166N,  564W,150,0, HU,34, NEQ,120,100,80,120,0,0,0,150,20,    ,0, DPB,265,12,           ,  ,12, NEQ,270,120,150,270, 
AL,11,2017090506,3, OFCL,0, 166N,  564W,150,0, HU,50, NEQ,70,60,50,60,0,0,0,150,20,    ,0, DPB,265,12,           ,  ,12, NEQ,270,120,150,270, 
AL,11,2017090506,3, OFCL,0, 166N,  564W,150,0, HU,64, NEQ,40,35,30,35,0,0,0,150,20,    ,0, DPB,265,12,           ,  ,12, NEQ,270,120,150,270, 
AL,11,2017090506,3, OFCL,6, 167N,  577W,150,929, HU,34, NEQ,120,100,80,120,0,0,0,185,20,    ,0, DPB,280,12,           ,  ,12, NEQ,270,120,150,270, 
AL,11,2017090506,3, OFCL,6, 167N,  577W,150,929, HU,50, NEQ,70,60,50,60,0,0,0,185,20,    ,0, DPB,280,12,           ,  ,12, NEQ,270,120,150,270, 
AL,11,2017090506,3, OFCL,6, 167N,  577W,150,929, HU,64, NEQ,40,35,30,35,0,0,0,185,20,    ,0, DPB,280,12,           ,  ,12, NEQ,270,120,150,270,
AL,11,2017090506,3, OFCL,12, 170N,  589W,155,0, HU,34, NEQ,130,100,80,110,0,0,0,190,20,    ,0, DPB,285,12, ,,,,,,,,
AL,11,2017090506,3, OFCL,12, 170N,  589W,155,0, HU,50, NEQ,70,60,50,60,0,0,0,190,20,    ,0, DPB,285,12, ,,,,,,,,
AL,11,2017090506,3, OFCL,12, 170N,  589W,155,0, HU,64, NEQ,40,35,30,35,0,0,0,190,20,    ,0, DPB,285,12, ,,,,,,,,
AL,11,2017090506,3, OFCL,24, 177N,  615W,150,0, HU,34, NEQ,140,110,80,120,0,0,0,185,20,    ,0, DPB,285,13, ,,,,,,,,
AL,11,2017090506,3, OFCL,24, 177N,  615W,150,0, HU,50, NEQ,70,60,60,60,0,0,0,185,20,    ,0, DPB,285,13, ,,,,,,,,
AL,11,2017090506,3, OFCL,24, 177N,  615W,150,0, HU,64, NEQ,40,35,30,35,0,0,0,185,20,    ,0, DPB,285,13, ,,,,,,,,
AL,11,2017090506,3, OFCL,36, 186N,  642W,145,0, HU,34, NEQ,150,130,90,140,0,0,0,175,20,    ,0, DPB,290,14, ,,,,,,,,
AL,11,2017090506,3, OFCL,36, 186N,  642W,145,0, HU,50, NEQ,80,70,60,70,0,0,0,175,20,    ,0, DPB,290,14, ,,,,,,,,
AL,11,2017090506,3, OFCL,36, 186N,  642W,145,0, HU,64, NEQ,40,35,30,35,0,0,0,175,20,    ,0, DPB,290,14, ,,,,,,,,
AL,11,2017090506,3, OFCL,48, 196N,  670W,140,0, HU,34, NEQ,160,140,90,150,0,0,0,170,20,    ,0, DPB,290,14, ,,,,,,,,
AL,11,2017090506,3, OFCL,48, 196N,  670W,140,0, HU,50, NEQ,80,70,60,70,0,0,0,170,20,    ,0, DPB,290,14, ,,,,,,,,
AL,11,2017090506,3, OFCL,72, 212N,  725W,135,0, HU,34, NEQ,170,160,100,160,0,0,0,115,20,    ,0, DPB,290,13, ,,,,,,,,
AL,11,2017090506,3, OFCL,72, 212N,  725W,135,0, HU,50, NEQ,90,80,60,80,0,0,0,115,20,    ,0, DPB,290,13, ,,,,,,,,
AL,11,2017090506,3, OFCL,96, 224N,  772W,135,0, HU,34, NEQ,0,0,0,0,0,0,0,165,20,    ,0, DPB,285,11, ,,,,,,,,
AL,11,2017090506,3, OFCL,120, 240N,  810W,130,0, HU,34, NEQ,0,0,0,0,0,0,0,160,20,    ,0, DPB,295,10, ,,,,,,,,
AL,11,2017090512,3, OFCL,0, 167N,  578W,155,0, HU,34, NEQ,140,110,80,130,0,0,0,190,25,    ,0, DPB,275,13,           ,  ,12, NEQ,270,120,150,270, 
AL,11,2017090512,3, OFCL,0, 167N,  578W,155,0, HU,50, NEQ,80,70,50,70,0,0,0,190,25,    ,0, DPB,275,13,           ,  ,12, NEQ,270,120,150,270, 
AL,11,2017090512,3, OFCL,0, 167N,  578W,155,0, HU,64, NEQ,50,40,30,40,0,0,0,190,25,    ,0, DPB,275,13,           ,  ,12, NEQ,270,120,150,270, 
AL,11,2017090512,3, OFCL,3, 168N,  584W,155,931, HU,34, NEQ,140,110,80,130,0,0,0,190,25,    ,0, DPB,270,12,           ,  ,12, NEQ,300,135,120,300, 
AL,11,2017090512,3, OFCL,3, 168N,  584W,155,931, HU,50, NEQ,80,70,50,70,0,0,0,190,25,    ,0, DPB,270,12,           ,  ,12, NEQ,300,135,120,300, 
AL,11,2017090512,3, OFCL,3, 168N,  584W,155,931, HU,64, NEQ,50,45,35,50,0,0,0,190,25,    ,0, DPB,270,12,           ,  ,12, NEQ,300,135,120,300, 
AL,11,2017090512,3, OFCL,12, 172N,  603W,155,0, HU,34, NEQ,150,120,90,140,0,0,0,190,25,    ,0, DPB,285,12, ,,,,,,,,
AL,11,2017090512,3, OFCL,12, 172N,  603W,155,0, HU,50, NEQ,80,70,60,80,0,0,0,190,25,    ,0, DPB,285,12, ,,,,,,,,
AL,11,2017090512,3, OFCL,12, 172N,  603W,155,0, HU,64, NEQ,50,45,35,50,0,0,0,190,25,    ,0, DPB,285,12, ,,,,,,,,
AL,11,2017090512,3, OFCL,24, 181N,  630W,150,0, HU,34, NEQ,160,130,90,150,0,0,0,185,25,    ,0, DPB,290,14, ,,,,,,,,
AL,11,2017090512,3, OFCL,24, 181N,  630W,150,0, HU,50, NEQ,90,70,60,80,0,0,0,185,25,    ,0, DPB,290,14, ,,,,,,,,
AL,11,2017090512,3, OFCL,24, 181N,  630W,150,0, HU,64, NEQ,50,50,40,50,0,0,0,185,25,    ,0, DPB,290,14, ,,,,,,,,
AL,11,2017090512,3, OFCL,36, 191N,  659W,145,0, HU,34, NEQ,170,150,90,150,0,0,0,175,25,    ,0, DPB,290,15, ,,,,,,,,
AL,11,2017090512,3, OFCL,36, 191N,  659W,145,0, HU,50, NEQ,90,70,60,80,0,0,0,175,25,    ,0, DPB,290,15, ,,,,,,,,
AL,11,2017090512,3, OFCL,36, 191N,  659W,145,0, HU,64, NEQ,50,50,40,50,0,0,0,175,25,    ,0, DPB,290,15, ,,,,,,,,
AL,11,2017090512,3, OFCL,48, 201N,  687W,140,0, HU,34, NEQ,180,160,100,160,0,0,0,170,25,    ,0, DPB,290,14, ,,,,,,,,
AL,11,2017090512,3, OFCL,48, 201N,  687W,140,0, HU,50, NEQ,90,80,60,80,0,0,0,170,25,    ,0, DPB,290,14, ,,,,,,,,
AL,11,2017090512,3, OFCL,72, 214N,  740W,135,0, HU,34, NEQ,180,160,110,160,0,0,0,165,25,    ,0, DPB,285,13, ,,,,,,,,
AL,11,2017090512,3, OFCL,72, 214N,  740W,135,0, HU,50, NEQ,90,80,60,80,0,0,0,165,25,    ,0, DPB,285,13, ,,,,,,,,
AL,11,2017090512,3, OFCL,96, 227N,  783W,130,0, HU,34, NEQ,0,0,0,0,0,0,0,160,25,    ,0, DPB,290,10, ,,,,,,,,
AL,11,2017090512,3, OFCL,120, 244N,  812W,125,0, HU,34, NEQ,0,0,0,0,0,0,0,150,25,    ,0, DPB,305,8, ,,,,,,,,
AL,11,2017090518,3, OFCL,0, 169N,  592W,160,0, HU,34, NEQ,150,110,100,140,0,0,0,195,25,    ,0, DPB,280,14,           ,  ,12, NEQ,300,135,120,300, 
AL,11,2017090518,3, OFCL,0, 169N,  592W,160,0, HU,50, NEQ,90,70,50,80,0,0,0,195,25,    ,0, DPB,280,14,           ,  ,12, NEQ,300,135,120,300, 
AL,11,2017090518,3, OFCL,0, 169N,  592W,160,0, HU,64, NEQ,50,45,35,50,0,0,0,195,25,    ,0, DPB,280,14,           ,  ,12, NEQ,300,135,120,300, 
AL,11,2017090518,3, OFCL,3, 171N,  598W,160,926, HU,34, NEQ,150,110,100,140,0,0,0,195,25,    ,0, DPB,280,13,           ,  ,12, NEQ,360,240,240,360, 
AL,11,2017090518,3, OFCL,3, 171N,  598W,160,926, HU,50, NEQ,90,70,50,80,0,0,0,195,25,    ,0, DPB,280,13,           ,  ,12, NEQ,360,240,240,360, 
AL,11,2017090518,3, OFCL,3, 171N,  598W,160,926, HU,64, NEQ,50,45,35,50,0,0,0,195,25,    ,0, DPB,280,13,           ,  ,12, NEQ,360,240,240,360, 
AL,11,2017090518,3, OFCL,12, 176N,  618W,155,0, HU,34, NEQ,160,120,100,150,0,0,0,190,25,    ,0, DPB,285,13, ,,,,,,,,
AL,11,2017090518,3, OFCL,12, 176N,  618W,155,0, HU,50, NEQ,90,70,50,80,0,0,0,190,25,    ,0, DPB,285,13, ,,,,,,,,
AL,11,2017090518,3, OFCL,12, 176N,  618W,155,0, HU,64, NEQ,50,45,35,50,0,0,0,190,25,    ,0, DPB,285,13, ,,,,,,,,
AL,11,2017090518,3, OFCL,24, 185N,  646W,150,0, HU,34, NEQ,160,120,100,150,0,0,0,185,25,    ,0, DPB,290,14, ,,,,,,,,
AL,11,2017090518,3, OFCL,24, 185N,  646W,150,0, HU,50, NEQ,90,70,50,80,0,0,0,185,25,    ,0, DPB,290,14, ,,,,,,,,
AL,11,2017090518,3, OFCL,24, 185N,  646W,150,0, HU,64, NEQ,50,45,35,50,0,0,0,185,25,    ,0, DPB,290,14, ,,,,,,,,
AL,11,2017090518,3, OFCL,36, 195N,  673W,145,0, HU,34, NEQ,180,150,100,160,0,0,0,175,25,    ,0, DPB,290,14, ,,,,,,,,
AL,11,2017090518,3, OFCL,36, 195N,  673W,145,0, HU,50, NEQ,90,80,60,80,0,0,0,175,25,    ,0, DPB,290,14, ,,,,,,,,
AL,11,2017090518,3, OFCL,36, 195N,  673W,145,0, HU,64, NEQ,50,50,40,50,0,0,0,175,25,    ,0, DPB,290,14, ,,,,,,,,
AL,11,2017090518,3, OFCL,48, 204N,  701W,140,0, HU,34, NEQ,180,150,100,160,0,0,0,170,25,    ,0, DPB,290,14, ,,,,,,,,
AL,11,2017090518,3, OFCL,48, 204N,  701W,140,0, HU,50, NEQ,90,80,60,80,0,0,0,170,25,    ,0, DPB,290,14, ,,,,,,,,
AL,11,2017090518,3, OFCL,72, 216N,  753W,135,0, HU,34, NEQ,180,160,110,160,0,0,0,165,25,    ,0, DPB,285,13, ,,,,,,,,
AL,11,2017090518,3, OFCL,72, 216N,  753W,135,0, HU,50, NEQ,90,80,60,80,0,0,0,165,25,    ,0, DPB,285,13, ,,,,,,,,
AL,11,2017090518,3, OFCL,96, 227N,  793W,125,0, HU,34, NEQ,0,0,0,0,0,0,0,150,25,    ,0, DPB,285,10, ,,,,,,,,
AL,11,2017090518,3, OFCL,120, 244N,  815W,120,0, HU,34, NEQ,0,0,0,0,0,0,0,145,25,    ,0, DPB,310,7, ,,,,,,,,
AL,11,2017090600,3, OFCL,0, 172N,  604W,160,0, HU,34, NEQ,150,110,90,150,0,0,0,195,25,    ,0, RJP,285,12,           ,  ,12, NEQ,360,240,240,360, 
AL,11,2017090600,3, OFCL,0, 172N,  604W,160,0, HU,50, NEQ,80,60,40,70,0,0,0,195,25,    ,0, RJP,285,12,           ,  ,12, NEQ,360,240,240,360, 
AL,11,2017090600,3, OFCL,0, 172N,  604W,160,0, HU,64, NEQ,45,40,30,45,0,0,0,195,25,    ,0, RJP,285,12,           ,  ,12, NEQ,360,240,240,360, 
AL,11,2017090600,3, OFCL,3, 174N,  611W,160,916, HU,34, NEQ,150,110,90,150,0,0,0,195,25,    ,0, RJP,285,13,           ,  ,12, NEQ,390,240,240,390, 
AL,11,2017090600,3, OFCL,3, 174N,  611W,160,916, HU,50, NEQ,80,60,40,70,0,0,0,195,25,    ,0, RJP,285,13,           ,  ,12, NEQ,390,240,240,390, 
AL,11,2017090600,3, OFCL,3, 174N,  611W,160,916, HU,64, NEQ,45,40,30,45,0,0,0,195,25,    ,0, RJP,285,13,           ,  ,12, NEQ,390,240,240,390, 
AL,11,2017090600,3, OFCL,12, 181N,  631W,155,0, HU,34, NEQ,160,120,100,150,0,0,0,190,25,    ,0, RJP,290,14, ,,,,,,,,
AL,11,2017090600,3, OFCL,12, 181N,  631W,155,0, HU,50, NEQ,90,70,50,80,0,0,0,190,25,    ,0, RJP,290,14, ,,,,,,,,
AL,11,2017090600,3, OFCL,12, 181N,  631W,155,0, HU,64, NEQ,50,45,35,50,0,0,0,190,25,    ,0, RJP,290,14, ,,,,,,,,
AL,11,2017090600,3, OFCL,24, 191N,  659W,150,0, HU,34, NEQ,160,120,100,150,0,0,0,185,25,    ,0, RJP,290,14, ,,,,,,,,
AL,11,2017090600,3, OFCL,24, 191N,  659W,150,0, HU,50, NEQ,90,70,50,80,0,0,0,185,25,    ,0, RJP,290,14, ,,,,,,,,
AL,11,2017090600,3, OFCL,24, 191N,  659W,150,0, HU,64, NEQ,50,45,35,50,0,0,0,185,25,    ,0, RJP,290,14, ,,,,,,,,
AL,11,2017090600,3, OFCL,36, 201N,  685W,145,0, HU,34, NEQ,180,150,100,160,0,0,0,175,25,    ,0, RJP,295,13, ,,,,,,,,
AL,11,2017090600,3, OFCL,36, 201N,  685W,145,0, HU,50, NEQ,90,80,60,80,0,0,0,175,25,    ,0, RJP,295,13, ,,,,,,,,
AL,11,2017090600,3, OFCL,36, 201N,  685W,145,0, HU,64, NEQ,50,50,40,50,0,0,0,175,25,    ,0, RJP,295,13, ,,,,,,,,
AL,11,2017090600,3, OFCL,48, 210N,  712W,140,0, HU,34, NEQ,180,150,100,160,0,0,0,170,25,    ,0, RJP,290,13, ,,,,,,,,
AL,11,2017090600,3, OFCL,48, 210N,  712W,140,0, HU,50, NEQ,90,80,60,80,0,0,0,170,25,    ,0, RJP,290,13, ,,,,,,,,
AL,11,2017090600,3, OFCL,72, 220N,  762W,135,0, HU,34, NEQ,180,160,110,160,0,0,0,165,25,    ,0, RJP,285,12, ,,,,,,,,
AL,11,2017090600,3, OFCL,72, 220N,  762W,135,0, HU,50, NEQ,90,80,60,80,0,0,0,165,25,    ,0, RJP,285,12, ,,,,,,,,
AL,11,2017090600,3, OFCL,96, 232N,  795W,125,0, HU,34, NEQ,0,0,0,0,0,0,0,150,25,    ,0, RJP,290,8, ,,,,,,,,
AL,11,2017090600,3, OFCL,120, 250N,  815W,120,0, HU,34, NEQ,0,0,0,0,0,0,0,145,25,    ,0, RJP,315,6, ,,,,,,,,
AL,11,2017090606,3, OFCL,0, 177N,  619W,160,0, HU,34, NEQ,150,110,90,150,0,0,0,195,25,    ,0, JLB,285,14,           ,  ,12, NEQ,390,240,240,390, 
AL,11,2017090606,3, OFCL,0, 177N,  619W,160,0, HU,50, NEQ,80,60,50,70,0,0,0,195,25,    ,0, JLB,285,14,           ,  ,12, NEQ,390,240,240,390, 
AL,11,2017090606,3, OFCL,0, 177N,  619W,160,0, HU,64, NEQ,45,40,30,45,0,0,0,195,25,    ,0, JLB,285,14,           ,  ,12, NEQ,390,240,240,390, 
AL,11,2017090606,3, OFCL,3, 179N,  626W,160,914, HU,34, NEQ,150,110,90,150,0,0,0,195,25,    ,0, JLB,285,14,           ,  ,12, NEQ,390,210,90,380, 
AL,11,2017090606,3, OFCL,3, 179N,  626W,160,914, HU,50, NEQ,80,60,50,70,0,0,0,195,25,    ,0, JLB,285,14,           ,  ,12, NEQ,390,210,90,380, 
AL,11,2017090606,3, OFCL,3, 179N,  626W,160,914, HU,64, NEQ,45,40,30,45,0,0,0,195,25,    ,0, JLB,285,14,           ,  ,12, NEQ,390,210,90,380, 
AL,11,2017090606,3, OFCL,12, 186N,  646W,155,0, HU,34, NEQ,160,120,100,150,0,0,0,190,25,    ,0, JLB,290,13, ,,,,,,,,
AL,11,2017090606,3, OFCL,12, 186N,  646W,155,0, HU,50, NEQ,90,70,50,80,0,0,0,190,25,    ,0, JLB,290,13, ,,,,,,,,
AL,11,2017090606,3, OFCL,12, 186N,  646W,155,0, HU,64, NEQ,50,45,35,50,0,0,0,190,25,    ,0, JLB,290,13, ,,,,,,,,
AL,11,2017090606,3, OFCL,24, 196N,  673W,150,0, HU,34, NEQ,160,120,100,150,0,0,0,185,25,    ,0, JLB,290,14, ,,,,,,,,
AL,11,2017090606,3, OFCL,24, 196N,  673W,150,0, HU,50, NEQ,90,70,50,80,0,0,0,185,25,    ,0, JLB,290,14, ,,,,,,,,
AL,11,2017090606,3, OFCL,24, 196N,  673W,150,0, HU,64, NEQ,50,45,35,50,0,0,0,185,25,    ,0, JLB,290,14, ,,,,,,,,
AL,11,2017090606,3, OFCL,36, 206N,  700W,145,0, HU,34, NEQ,180,150,100,160,0,0,0,175,25,    ,0, JLB,290,14, ,,,,,,,,
AL,11,2017090606,3, OFCL,36, 206N,  700W,145,0, HU,50, NEQ,90,80,60,80,0,0,0,175,25,    ,0, JLB,290,14, ,,,,,,,,
AL,11,2017090606,3, OFCL,36, 206N,  700W,145,0, HU,64, NEQ,50,50,40,50,0,0,0,175,25,    ,0, JLB,290,14, ,,,,,,,,
AL,11,2017090606,3, OFCL,48, 213N,  725W,140,0, HU,34, NEQ,180,150,100,160,0,0,0,170,25,    ,0, JLB,285,12, ,,,,,,,,
AL,11,2017090606,3, OFCL,48, 213N,  725W,140,0, HU,50, NEQ,90,80,60,80,0,0,0,170,25,    ,0, JLB,285,12, ,,,,,,,,
AL,11,2017090606,3, OFCL,72, 225N,  770W,135,0, HU,34, NEQ,180,160,110,160,0,0,0,165,25,    ,0, JLB,285,11, ,,,,,,,,
AL,11,2017090606,3, OFCL,72, 225N,  770W,135,0, HU,50, NEQ,90,80,60,80,0,0,0,165,25,    ,0, JLB,285,11, ,,,,,,,,
AL,11,2017090606,3, OFCL,96, 240N,  800W,125,0, HU,34, NEQ,0,0,0,0,0,0,0,150,25,    ,0, JLB,300,8, ,,,,,,,,
AL,11,2017090606,3, OFCL,120, 265N,  809W,105,0, HU,34, NEQ,0,0,0,0,0,0,0,130,25,    ,0, JLB,340,7, ,,,,,,,,
AL,11,2017090612,3, OFCL,0, 181N,  633W,160,0, HU,34, NEQ,160,110,90,150,0,0,0,195,25,    ,0, DPB,285,14,           ,  ,12, NEQ,390,210,90,380, 
AL,11,2017090612,3, OFCL,0, 181N,  633W,160,0, HU,50, NEQ,80,60,50,70,0,0,0,195,25,    ,0, DPB,285,14,           ,  ,12, NEQ,390,210,90,380, 
AL,11,2017090612,3, OFCL,0, 181N,  633W,160,0, HU,64, NEQ,45,45,30,45,0,0,0,195,25,    ,0, DPB,285,14,           ,  ,12, NEQ,390,210,90,380, 
AL,11,2017090612,3, OFCL,3, 182N,  640W,160,918, HU,34, NEQ,160,110,90,150,0,0,0,195,25,    ,0, DPB,285,14,           ,  ,12, NEQ,420,90,60,240, 
AL,11,2017090612,3, OFCL,3, 182N,  640W,160,918, HU,50, NEQ,80,60,50,70,0,0,0,195,25,    ,0, DPB,285,14,           ,  ,12, NEQ,420,90,60,240, 
AL,11,2017090612,3, OFCL,3, 182N,  640W,160,918, HU,64, NEQ,45,45,30,45,0,0,0,195,25,    ,0, DPB,285,14,           ,  ,12, NEQ,420,90,60,240, 
AL,11,2017090612,3, OFCL,12, 190N,  662W,155,0, HU,34, NEQ,160,120,100,150,0,0,0,190,25,    ,0, DPB,290,15, ,,,,,,,,
AL,11,2017090612,3, OFCL,12, 190N,  662W,155,0, HU,50, NEQ,90,70,50,80,0,0,0,190,25,    ,0, DPB,290,15, ,,,,,,,,
AL,11,2017090612,3, OFCL,12, 190N,  662W,155,0, HU,64, NEQ,50,45,35,50,0,0,0,190,25,    ,0, DPB,290,15, ,,,,,,,,
AL,11,2017090612,3, OFCL,24, 202N,  690W,150,0, HU,34, NEQ,180,130,100,160,0,0,0,185,25,    ,0, DPB,295,14, ,,,,,,,,
AL,11,2017090612,3, OFCL,24, 202N,  690W,150,0, HU,50, NEQ,90,70,50,80,0,0,0,185,25,    ,0, DPB,295,14, ,,,,,,,,
AL,11,2017090612,3, OFCL,24, 202N,  690W,150,0, HU,64, NEQ,50,45,35,50,0,0,0,185,25,    ,0, DPB,295,14, ,,,,,,,,
AL,11,2017090612,3, OFCL,36, 212N,  717W,145,0, HU,34, NEQ,180,150,100,160,0,0,0,175,25,    ,0, DPB,290,14, ,,,,,,,,
AL,11,2017090612,3, OFCL,36, 212N,  717W,145,0, HU,50, NEQ,90,80,60,80,0,0,0,175,25,    ,0, DPB,290,14, ,,,,,,,,
AL,11,2017090612,3, OFCL,36, 212N,  717W,145,0, HU,64, NEQ,50,50,40,50,0,0,0,175,25,    ,0, DPB,290,14, ,,,,,,,,
AL,11,2017090612,3, OFCL,48, 219N,  742W,140,0, HU,34, NEQ,180,150,100,160,0,0,0,170,25,    ,0, DPB,285,12, ,,,,,,,,
AL,11,2017090612,3, OFCL,48, 219N,  742W,140,0, HU,50, NEQ,90,80,60,80,0,0,0,170,25,    ,0, DPB,285,12, ,,,,,,,,
AL,11,2017090612,3, OFCL,72, 229N,  781W,135,0, HU,34, NEQ,180,160,110,160,0,0,0,165,25,    ,0, DPB,285,9, ,,,,,,,,
AL,11,2017090612,3, OFCL,72, 229N,  781W,135,0, HU,50, NEQ,90,80,60,80,0,0,0,165,25,    ,0, DPB,285,9, ,,,,,,,,
AL,11,2017090612,3, OFCL,96, 252N,  800W,125,0, HU,34, NEQ,0,0,0,0,0,0,0,150,25,    ,0, DPB,325,7, ,,,,,,,,
AL,11,2017090612,3, OFCL,120, 290N,  805W,110,0, HU,34, NEQ,0,0,0,0,0,0,0,135,25,    ,0, DPB,355,10, ,,,,,,,,
AL,11,2017090618,3, OFCL,0, 185N,  647W,160,0, HU,34, NEQ,160,120,80,150,0,0,0,195,20,    ,0, DPB,285,14, ,,,,,,,,
AL,11,2017090618,3, OFCL,0, 185N,  647W,160,0, HU,50, NEQ,100,70,50,70,0,0,0,195,20,    ,0, DPB,285,14, ,,,,,,,,
AL,11,2017090618,3, OFCL,0, 185N,  647W,160,0, HU,64, NEQ,45,45,30,45,0,0,0,195,20,    ,0, DPB,285,14, ,,,,,,,,
AL,11,2017090618,3, OFCL,3, 188N,  654W,160,914, HU,34, NEQ,160,120,80,150,0,0,0,195,20,    ,0, DPB,285,14,           ,  ,12, NEQ,390,90,60,270, 
AL,11,2017090618,3, OFCL,3, 188N,  654W,160,914, HU,50, NEQ,100,70,50,70,0,0,0,195,20,    ,0, DPB,285,14,           ,  ,12, NEQ,390,90,60,270, 
AL,11,2017090618,3, OFCL,3, 188N,  654W,160,914, HU,64, NEQ,45,45,30,45,0,0,0,195,20,    ,0, DPB,285,14,           ,  ,12, NEQ,390,90,60,270, 
AL,11,2017090618,3, OFCL,12, 196N,  676W,155,0, HU,34, NEQ,170,120,90,150,0,0,0,190,20,    ,0, DPB,290,15, ,,,,,,,,
AL,11,2017090618,3, OFCL,12, 196N,  676W,155,0, HU,50, NEQ,100,70,50,80,0,0,0,190,20,    ,0, DPB,290,15, ,,,,,,,,
AL,11,2017090618,3, OFCL,12, 196N,  676W,155,0, HU,64, NEQ,50,45,35,50,0,0,0,190,20,    ,0, DPB,290,15, ,,,,,,,,
AL,11,2017090618,3, OFCL,24, 207N,  704W,150,0, HU,34, NEQ,180,130,90,150,0,0,0,185,20,    ,0, DPB,295,14, ,,,,,,,,
AL,11,2017090618,3, OFCL,24, 207N,  704W,150,0, HU,50, NEQ,100,70,50,80,0,0,0,185,20,    ,0, DPB,295,14, ,,,,,,,,
AL,11,2017090618,3, OFCL,24, 207N,  704W,150,0, HU,64, NEQ,50,45,35,50,0,0,0,185,20,    ,0, DPB,295,14, ,,,,,,,,
AL,11,2017090618,3, OFCL,36, 215N,  731W,145,0, HU,34, NEQ,180,140,100,160,0,0,0,175,20,    ,0, DPB,290,13, ,,,,,,,,
AL,11,2017090618,3, OFCL,36, 215N,  731W,145,0, HU,50, NEQ,100,80,60,80,0,0,0,175,20,    ,0, DPB,290,13, ,,,,,,,,
AL,11,2017090618,3, OFCL,36, 215N,  731W,145,0, HU,64, NEQ,50,50,40,50,0,0,0,175,20,    ,0, DPB,290,13, ,,,,,,,,
AL,11,2017090618,3, OFCL,48, 222N,  756W,140,0, HU,34, NEQ,180,150,100,160,0,0,0,170,20,    ,0, DPB,285,12, ,,,,,,,,
AL,11,2017090618,3, OFCL,48, 222N,  756W,140,0, HU,50, NEQ,100,80,60,80,0,0,0,170,20,    ,0, DPB,285,12, ,,,,,,,,
AL,11,2017090618,3, OFCL,72, 232N,  790W,135,0, HU,34, NEQ,180,160,110,160,0,0,0,165,20,    ,0, DPB,290,8, ,,,,,,,,
AL,11,2017090618,3, OFCL,72, 232N,  790W,135,0, HU,50, NEQ,100,90,70,90,0,0,0,165,20,    ,0, DPB,290,8, ,,,,,,,,
AL,11,2017090618,3, OFCL,96, 260N,  802W,125,0, HU,34, NEQ,0,0,0,0,0,0,0,150,20,    ,0, DPB,340,8, ,,,,,,,,
AL,11,2017090618,3, OFCL,120, 310N,  810W,105,0, HU,34, NEQ,0,0,0,0,0,0,0,130,20,    ,0, DPB,350,13, ,,,,,,,,
AL,11,2017090700,3, OFCL,0, 191N,  660W,160,0, HU,34, NEQ,160,120,80,150,0,0,0,195,20,    ,0, RJP,295,14,           ,  ,12, NEQ,390,90,60,270, 
AL,11,2017090700,3, OFCL,0, 191N,  660W,160,0, HU,50, NEQ,100,70,50,70,0,0,0,195,20,    ,0, RJP,295,14,           ,  ,12, NEQ,390,90,60,270, 
AL,11,2017090700,3, OFCL,0, 191N,  660W,160,0, HU,64, NEQ,45,45,30,45,0,0,0,195,20,    ,0, RJP,295,14,           ,  ,12, NEQ,390,90,60,270, 
AL,11,2017090700,3, OFCL,3, 194N,  668W,160,916, HU,34, NEQ,160,120,80,150,0,0,0,195,20,    ,0, RJP,290,14,           ,  ,12, NEQ,450,180,120,360, 
AL,11,2017090700,3, OFCL,3, 194N,  668W,160,916, HU,50, NEQ,100,70,50,70,0,0,0,195,20,    ,0, RJP,290,14,           ,  ,12, NEQ,450,180,120,360, 
AL,11,2017090700,3, OFCL,3, 194N,  668W,160,916, HU,64, NEQ,45,45,30,45,0,0,0,195,20,    ,0, RJP,290,14,           ,  ,12, NEQ,450,180,120,360, 
AL,11,2017090700,3, OFCL,12, 203N,  688W,155,0, HU,34, NEQ,170,120,90,150,0,0,0,190,20,    ,0, RJP,295,14, ,,,,,,,,
AL,11,2017090700,3, OFCL,12, 203N,  688W,155,0, HU,50, NEQ,100,70,50,80,0,0,0,190,20,    ,0, RJP,295,14, ,,,,,,,,
AL,11,2017090700,3, OFCL,12, 203N,  688W,155,0, HU,64, NEQ,50,45,35,50,0,0,0,190,20,    ,0, RJP,295,14, ,,,,,,,,
AL,11,2017090700,3, OFCL,24, 213N,  717W,150,0, HU,34, NEQ,180,130,90,150,0,0,0,185,20,    ,0, RJP,290,14, ,,,,,,,,
AL,11,2017090700,3, OFCL,24, 213N,  717W,150,0, HU,50, NEQ,100,70,50,80,0,0,0,185,20,    ,0, RJP,290,14, ,,,,,,,,
AL,11,2017090700,3, OFCL,24, 213N,  717W,150,0, HU,64, NEQ,50,45,35,50,0,0,0,185,20,    ,0, RJP,290,14, ,,,,,,,,
AL,11,2017090700,3, OFCL,36, 221N,  741W,145,0, HU,34, NEQ,180,140,100,160,0,0,0,175,20,    ,0, RJP,290,12, ,,,,,,,,
AL,11,2017090700,3, OFCL,36, 221N,  741W,145,0, HU,50, NEQ,100,80,60,80,0,0,0,175,20,    ,0, RJP,290,12, ,,,,,,,,
AL,11,2017090700,3, OFCL,36, 221N,  741W,145,0, HU,64, NEQ,50,50,40,50,0,0,0,175,20,    ,0, RJP,290,12, ,,,,,,,,
AL,11,2017090700,3, OFCL,48, 227N,  763W,140,0, HU,34, NEQ,180,150,100,160,0,0,0,170,20,    ,0, RJP,285,11, ,,,,,,,,
AL,11,2017090700,3, OFCL,48, 227N,  763W,140,0, HU,50, NEQ,100,80,60,80,0,0,0,170,20,    ,0, RJP,285,11, ,,,,,,,,
AL,11,2017090700,3, OFCL,72, 240N,  793W,135,0, HU,34, NEQ,180,160,110,160,0,0,0,165,20,    ,0, RJP,295,8, ,,,,,,,,
AL,11,2017090700,3, OFCL,72, 240N,  793W,135,0, HU,50, NEQ,100,90,70,90,0,0,0,165,20,    ,0, RJP,295,8, ,,,,,,,,
AL,11,2017090700,3, OFCL,96, 274N,  803W,120,0, HU,34, NEQ,0,0,0,0,0,0,0,145,20,    ,0, RJP,345,9, ,,,,,,,,
AL,11,2017090700,3, OFCL,120, 320N,  810W,95,0, HU,34, NEQ,0,0,0,0,0,0,0,115,20,    ,0, RJP,355,12, ,,,,,,,,
AL,11,2017090706,3, OFCL,0, 197N,  677W,155,0, HU,34, NEQ,160,120,80,150,0,0,0,190,20,    ,0, JLB,290,17,           ,  ,12, NEQ,450,180,120,360, 
AL,11,2017090706,3, OFCL,0, 197N,  677W,155,0, HU,50, NEQ,100,70,50,70,0,0,0,190,20,    ,0, JLB,290,17,           ,  ,12, NEQ,450,180,120,360, 
AL,11,2017090706,3, OFCL,0, 197N,  677W,155,0, HU,64, NEQ,45,45,30,45,0,0,0,190,20,    ,0, JLB,290,17,           ,  ,12, NEQ,450,180,120,360, 
AL,11,2017090706,3, OFCL,3, 200N,  683W,155,921, HU,34, NEQ,160,120,80,150,0,0,0,190,20,    ,0, JLB,290,15,           ,  ,12, NEQ,540,210,120,390, 
AL,11,2017090706,3, OFCL,3, 200N,  683W,155,921, HU,50, NEQ,100,70,50,70,0,0,0,190,20,    ,0, JLB,290,15,           ,  ,12, NEQ,540,210,120,390, 
AL,11,2017090706,3, OFCL,3, 200N,  683W,155,921, HU,64, NEQ,45,45,30,45,0,0,0,190,20,    ,0, JLB,290,15,           ,  ,12, NEQ,540,210,120,390, 
AL,11,2017090706,3, OFCL,12, 207N,  705W,150,0, HU,34, NEQ,170,120,90,150,0,0,0,185,20,    ,0, JLB,290,15, ,,,,,,,,
AL,11,2017090706,3, OFCL,12, 207N,  705W,150,0, HU,50, NEQ,100,70,50,80,0,0,0,185,20,    ,0, JLB,290,15, ,,,,,,,,
AL,11,2017090706,3, OFCL,12, 207N,  705W,150,0, HU,64, NEQ,50,45,35,50,0,0,0,185,20,    ,0, JLB,290,15, ,,,,,,,,
AL,11,2017090706,3, OFCL,24, 217N,  731W,145,0, HU,34, NEQ,180,130,90,150,0,0,0,175,20,    ,0, JLB,295,13, ,,,,,,,,
AL,11,2017090706,3, OFCL,24, 217N,  731W,145,0, HU,50, NEQ,100,70,50,80,0,0,0,175,20,    ,0, JLB,295,13, ,,,,,,,,
AL,11,2017090706,3, OFCL,24, 217N,  731W,145,0, HU,64, NEQ,50,45,35,50,0,0,0,175,20,    ,0, JLB,295,13, ,,,,,,,,
AL,11,2017090706,3, OFCL,36, 223N,  755W,140,0, HU,34, NEQ,180,140,100,160,0,0,0,170,20,    ,0, JLB,285,12, ,,,,,,,,
AL,11,2017090706,3, OFCL,36, 223N,  755W,140,0, HU,50, NEQ,100,80,60,80,0,0,0,170,20,    ,0, JLB,285,12, ,,,,,,,,
AL,11,2017090706,3, OFCL,36, 223N,  755W,140,0, HU,64, NEQ,50,50,40,50,0,0,0,170,20,    ,0, JLB,285,12, ,,,,,,,,
AL,11,2017090706,3, OFCL,48, 228N,  774W,135,0, HU,34, NEQ,180,150,100,160,0,0,0,165,20,    ,0, JLB,285,9, ,,,,,,,,
AL,11,2017090706,3, OFCL,48, 228N,  774W,135,0, HU,50, NEQ,100,80,60,80,0,0,0,165,20,    ,0, JLB,285,9, ,,,,,,,,
AL,11,2017090706,3, OFCL,72, 245N,  800W,130,0, HU,34, NEQ,180,160,110,160,0,0,0,160,20,    ,0, JLB,305,7, ,,,,,,,,
AL,11,2017090706,3, OFCL,72, 245N,  800W,130,0, HU,50, NEQ,100,90,70,90,0,0,0,160,20,    ,0, JLB,305,7, ,,,,,,,,
AL,11,2017090706,3, OFCL,96, 285N,  805W,105,0, HU,34, NEQ,0,0,0,0,0,0,0,130,20,    ,0, JLB,355,10, ,,,,,,,,
AL,11,2017090706,3, OFCL,120, 330N,  810W,75,0, HU,34, NEQ,0,0,0,0,0,0,0,90,20,    ,0, JLB,355,11, ,,,,,,,,
AL,11,2017090712,3, OFCL,0, 201N,  690W,150,0, HU,34, NEQ,160,120,80,150,0,0,0,185,0,    ,0, LAA,290,13,           ,  ,12, NEQ,540,210,120,390, 
AL,11,2017090712,3, OFCL,0, 201N,  690W,150,0, HU,50, NEQ,100,70,50,70,0,0,0,185,0,    ,0, LAA,290,13,           ,  ,12, NEQ,540,210,120,390, 
AL,11,2017090712,3, OFCL,0, 201N,  690W,150,0, HU,64, NEQ,50,50,30,50,0,0,0,185,0,    ,0, LAA,290,13,           ,  ,12, NEQ,540,210,120,390, 
AL,11,2017090712,3, OFCL,3, 204N,  697W,150,921, HU,34, NEQ,160,120,80,150,0,0,0,185,0,    ,0, LAA,290,14,           ,  ,12, NEQ,540,210,75,420, 
AL,11,2017090712,3, OFCL,3, 204N,  697W,150,921, HU,50, NEQ,100,70,50,70,0,0,0,185,0,    ,0, LAA,290,14,           ,  ,12, NEQ,540,210,75,420, 
AL,11,2017090712,3, OFCL,3, 204N,  697W,150,921, HU,64, NEQ,50,50,30,50,0,0,0,185,0,    ,0, LAA,290,14,           ,  ,12, NEQ,540,210,75,420, 
AL,11,2017090712,3, OFCL,12, 211N,  717W,145,0, HU,34, NEQ,170,120,90,150,0,0,0,175,0,    ,0, LAA,290,13, ,,,,,,,,
AL,11,2017090712,3, OFCL,12, 211N,  717W,145,0, HU,50, NEQ,100,70,50,70,0,0,0,175,0,    ,0, LAA,290,13, ,,,,,,,,
AL,11,2017090712,3, OFCL,12, 211N,  717W,145,0, HU,64, NEQ,50,50,30,50,0,0,0,175,0,    ,0, LAA,290,13, ,,,,,,,,
AL,11,2017090712,3, OFCL,24, 219N,  742W,140,0, HU,34, NEQ,180,130,90,150,0,0,0,170,0,    ,0, LAA,290,12, ,,,,,,,,
AL,11,2017090712,3, OFCL,24, 219N,  742W,140,0, HU,50, NEQ,100,70,50,80,0,0,0,170,0,    ,0, LAA,290,12, ,,,,,,,,
AL,11,2017090712,3, OFCL,24, 219N,  742W,140,0, HU,64, NEQ,50,50,35,50,0,0,0,170,0,    ,0, LAA,290,12, ,,,,,,,,
AL,11,2017090712,3, OFCL,36, 225N,  765W,135,0, HU,34, NEQ,180,140,100,160,0,0,0,165,0,    ,0, LAA,285,11, ,,,,,,,,
AL,11,2017090712,3, OFCL,36, 225N,  765W,135,0, HU,50, NEQ,100,80,60,80,0,0,0,165,0,    ,0, LAA,285,11, ,,,,,,,,
AL,11,2017090712,3, OFCL,36, 225N,  765W,135,0, HU,64, NEQ,50,50,40,50,0,0,0,165,0,    ,0, LAA,285,11, ,,,,,,,,
AL,11,2017090712,3, OFCL,48, 231N,  784W,135,0, HU,34, NEQ,180,150,100,160,0,0,0,165,0,    ,0, LAA,290,9, ,,,,,,,,
AL,11,2017090712,3, OFCL,48, 231N,  784W,135,0, HU,50, NEQ,100,80,60,80,0,0,0,165,0,    ,0, LAA,290,9, ,,,,,,,,
AL,11,2017090712,3, OFCL,72, 255N,  800W,125,0, HU,34, NEQ,180,160,110,160,0,0,0,150,0,    ,0, LAA,330,7, ,,,,,,,,
AL,11,2017090712,3, OFCL,72, 255N,  800W,125,0, HU,50, NEQ,100,90,70,90,0,0,0,150,0,    ,0, LAA,330,7, ,,,,,,,,
AL,11,2017090712,3, OFCL,96, 301N,  806W,105,0, HU,34, NEQ,0,0,0,0,0,0,0,130,0,    ,0, LAA,355,12, ,,,,,,,,
AL,11,2017090712,3, OFCL,120, 350N,  820W,50,0, TS,34, NEQ,0,0,0,0,0,0,0,60,0,    ,0, LAA,345,13, ,,,,,,,,
AL,11,2017090718,3, OFCL,0, 207N,  704W,150,0, HU,34, NEQ,160,120,80,150,0,0,0,185,0,    ,0, LAA,295,14,           ,  ,12, NEQ,540,210,75,420, 
AL,11,2017090718,3, OFCL,0, 207N,  704W,150,0, HU,50, NEQ,100,70,50,70,0,0,0,185,0,    ,0, LAA,295,14,           ,  ,12, NEQ,540,210,75,420, 
AL,11,2017090718,3, OFCL,0, 207N,  704W,150,0, HU,64, NEQ,60,40,30,50,0,0,0,185,0,    ,0, LAA,295,14,           ,  ,12, NEQ,540,210,75,420, 
AL,11,2017090718,3, OFCL,3, 209N,  711W,150,922, HU,34, NEQ,160,120,80,150,0,0,0,185,0,    ,0, LAA,285,14,           ,  ,12, NEQ,540,210,60,420, 
AL,11,2017090718,3, OFCL,3, 209N,  711W,150,922, HU,50, NEQ,100,70,50,70,0,0,0,185,0,    ,0, LAA,285,14,           ,  ,12, NEQ,540,210,60,420, 
AL,11,2017090718,3, OFCL,3, 209N,  711W,150,922, HU,64, NEQ,60,40,30,50,0,0,0,185,0,    ,0, LAA,285,14,           ,  ,12, NEQ,540,210,60,420, 
AL,11,2017090718,3, OFCL,12, 216N,  731W,145,0, HU,34, NEQ,170,120,90,150,0,0,0,175,0,    ,0, LAA,290,13, ,,,,,,,,
AL,11,2017090718,3, OFCL,12, 216N,  731W,145,0, HU,50, NEQ,100,70,50,70,0,0,0,175,0,    ,0, LAA,290,13, ,,,,,,,,
AL,11,2017090718,3, OFCL,12, 216N,  731W,145,0, HU,64, NEQ,50,50,30,50,0,0,0,175,0,    ,0, LAA,290,13, ,,,,,,,,
AL,11,2017090718,3, OFCL,24, 222N,  755W,140,0, HU,34, NEQ,180,130,90,150,0,0,0,170,0,    ,0, LAA,285,12, ,,,,,,,,
AL,11,2017090718,3, OFCL,24, 222N,  755W,140,0, HU,50, NEQ,100,70,50,80,0,0,0,170,0,    ,0, LAA,285,12, ,,,,,,,,
AL,11,2017090718,3, OFCL,24, 222N,  755W,140,0, HU,64, NEQ,50,50,35,50,0,0,0,170,0,    ,0, LAA,285,12, ,,,,,,,,
AL,11,2017090718,3, OFCL,36, 227N,  776W,135,0, HU,34, NEQ,180,140,100,160,0,0,0,165,0,    ,0, LAA,285,10, ,,,,,,,,
AL,11,2017090718,3, OFCL,36, 227N,  776W,135,0, HU,50, NEQ,100,80,60,80,0,0,0,165,0,    ,0, LAA,285,10, ,,,,,,,,
AL,11,2017090718,3, OFCL,36, 227N,  776W,135,0, HU,64, NEQ,50,50,40,50,0,0,0,165,0,    ,0, LAA,285,10, ,,,,,,,,
AL,11,2017090718,3, OFCL,48, 234N,  793W,135,0, HU,34, NEQ,180,150,100,160,0,0,0,165,0,    ,0, LAA,295,9, ,,,,,,,,
AL,11,2017090718,3, OFCL,48, 234N,  793W,135,0, HU,50, NEQ,100,80,60,80,0,0,0,165,0,    ,0, LAA,295,9, ,,,,,,,,
AL,11,2017090718,3, OFCL,72, 262N,  807W,115,0, HU,34, NEQ,180,160,110,160,0,0,0,140,0,    ,0, LAA,335,8, ,,,,,,,,
AL,11,2017090718,3, OFCL,72, 262N,  807W,115,0, HU,50, NEQ,100,90,70,90,0,0,0,140,0,    ,0, LAA,335,8, ,,,,,,,,
AL,11,2017090718,3, OFCL,96, 315N,  820W,80,0, HU,34, NEQ,0,0,0,0,0,0,0,100,0,    ,0, LAA,350,14, ,,,,,,,,
AL,11,2017090718,3, OFCL,120, 360N,  840W,40,0, TS,34, NEQ,0,0,0,0,0,0,0,50,0,    ,0, LAA,340,12, ,,,,,,,,
AL,11,2017090800,3, OFCL,0, 211N,  718W,150,0, HU,34, NEQ,160,120,80,150,0,0,0,185,20,    ,0, RJB,285,14,           ,  ,12, NEQ,540,210,60,420, 
AL,11,2017090800,3, OFCL,0, 211N,  718W,150,0, HU,50, NEQ,100,70,50,80,0,0,0,185,20,    ,0, RJB,285,14,           ,  ,12, NEQ,540,210,60,420, 
AL,11,2017090800,3, OFCL,0, 211N,  718W,150,0, HU,64, NEQ,60,45,30,55,0,0,0,185,20,    ,0, RJB,285,14,           ,  ,12, NEQ,540,210,60,420, 
AL,11,2017090800,3, OFCL,3, 213N,  724W,145,920, HU,34, NEQ,160,120,80,150,0,0,0,175,20,    ,0, RJB,290,14,           ,  ,12, NEQ,540,240,90,480, 
AL,11,2017090800,3, OFCL,3, 213N,  724W,145,920, HU,50, NEQ,100,70,50,80,0,0,0,175,20,    ,0, RJB,290,14,           ,  ,12, NEQ,540,240,90,480, 
AL,11,2017090800,3, OFCL,3, 213N,  724W,145,920, HU,64, NEQ,65,45,35,55,0,0,0,175,20,    ,0, RJB,290,14,           ,  ,12, NEQ,540,240,90,480, 
AL,11,2017090800,3, OFCL,12, 218N,  744W,145,0, HU,34, NEQ,170,120,90,150,0,0,0,175,20,    ,0, RJB,285,13, ,,,,,,,,
AL,11,2017090800,3, OFCL,12, 218N,  744W,145,0, HU,50, NEQ,100,70,50,80,0,0,0,175,20,    ,0, RJB,285,13, ,,,,,,,,
AL,11,2017090800,3, OFCL,12, 218N,  744W,145,0, HU,64, NEQ,65,50,35,55,0,0,0,175,20,    ,0, RJB,285,13, ,,,,,,,,
AL,11,2017090800,3, OFCL,24, 223N,  767W,140,0, HU,34, NEQ,170,130,90,150,0,0,0,170,20,    ,0, RJB,285,11, ,,,,,,,,
AL,11,2017090800,3, OFCL,24, 223N,  767W,140,0, HU,50, NEQ,100,80,60,90,0,0,0,170,20,    ,0, RJB,285,11, ,,,,,,,,
AL,11,2017090800,3, OFCL,24, 223N,  767W,140,0, HU,64, NEQ,65,50,35,55,0,0,0,170,20,    ,0, RJB,285,11, ,,,,,,,,
AL,11,2017090800,3, OFCL,36, 229N,  786W,135,0, HU,34, NEQ,170,140,110,160,0,0,0,165,20,    ,0, RJB,290,9, ,,,,,,,,
AL,11,2017090800,3, OFCL,36, 229N,  786W,135,0, HU,50, NEQ,110,90,60,90,0,0,0,165,20,    ,0, RJB,290,9, ,,,,,,,,
AL,11,2017090800,3, OFCL,36, 229N,  786W,135,0, HU,64, NEQ,65,55,40,55,0,0,0,165,20,    ,0, RJB,290,9, ,,,,,,,,
AL,11,2017090800,3, OFCL,48, 237N,  799W,135,0, HU,34, NEQ,180,160,120,180,0,0,0,165,20,    ,0, RJB,305,7, ,,,,,,,,
AL,11,2017090800,3, OFCL,48, 237N,  799W,135,0, HU,50, NEQ,110,90,70,90,0,0,0,165,20,    ,0, RJB,305,7, ,,,,,,,,
AL,11,2017090800,3, OFCL,72, 272N,  811W,100,0, HU,34, NEQ,240,200,150,200,0,0,0,120,20,    ,0, RJB,345,9, ,,,,,,,,
AL,11,2017090800,3, OFCL,72, 272N,  811W,100,0, HU,50, NEQ,120,110,80,100,0,0,0,120,20,    ,0, RJB,345,9, ,,,,,,,,
AL,11,2017090800,3, OFCL,96, 320N,  835W,50,0, TS,34, NEQ,0,0,0,0,0,0,0,60,20,    ,0, RJB,335,13, ,,,,,,,,
AL,11,2017090800,3, OFCL,120, 355N,  865W,30,0, TD,34, NEQ,0,0,0,0,0,0,0,40,20,    ,0, RJB,325,11, ,,,,,,,,
AL,11,2017090806,3, OFCL,0, 215N,  732W,140,0, HU,34, NEQ,160,120,80,150,0,0,0,170,20,    ,0, JLB,285,14,           ,  ,12, NEQ,540,240,90,480, 
AL,11,2017090806,3, OFCL,0, 215N,  732W,140,0, HU,50, NEQ,100,70,50,80,0,0,0,170,20,    ,0, JLB,285,14,           ,  ,12, NEQ,540,240,90,480, 
AL,11,2017090806,3, OFCL,0, 215N,  732W,140,0, HU,64, NEQ,60,45,35,55,0,0,0,170,20,    ,0, JLB,285,14,           ,  ,12, NEQ,540,240,90,480, 
AL,11,2017090806,3, OFCL,3, 217N,  738W,135,925, HU,34, NEQ,160,120,80,150,0,0,0,165,20,    ,0, JLB,285,14,           ,  ,12, NEQ,540,240,120,480, 
AL,11,2017090806,3, OFCL,3, 217N,  738W,135,925, HU,50, NEQ,100,70,50,80,0,0,0,165,20,    ,0, JLB,285,14,           ,  ,12, NEQ,540,240,120,480, 
AL,11,2017090806,3, OFCL,3, 217N,  738W,135,925, HU,64, NEQ,60,45,35,55,0,0,0,165,20,    ,0, JLB,285,14,           ,  ,12, NEQ,540,240,120,480, 
AL,11,2017090806,3, OFCL,12, 221N,  757W,135,0, HU,34, NEQ,170,120,90,150,0,0,0,165,20,    ,0, JLB,285,12, ,,,,,,,,
AL,11,2017090806,3, OFCL,12, 221N,  757W,135,0, HU,50, NEQ,100,70,50,80,0,0,0,165,20,    ,0, JLB,285,12, ,,,,,,,,
AL,11,2017090806,3, OFCL,12, 221N,  757W,135,0, HU,64, NEQ,65,50,35,55,0,0,0,165,20,    ,0, JLB,285,12, ,,,,,,,,
AL,11,2017090806,3, OFCL,24, 226N,  778W,135,0, HU,34, NEQ,170,130,90,150,0,0,0,165,20,    ,0, JLB,285,10, ,,,,,,,,
AL,11,2017090806,3, OFCL,24, 226N,  778W,135,0, HU,50, NEQ,100,80,60,90,0,0,0,165,20,    ,0, JLB,285,10, ,,,,,,,,
AL,11,2017090806,3, OFCL,24, 226N,  778W,135,0, HU,64, NEQ,65,50,35,55,0,0,0,165,20,    ,0, JLB,285,10, ,,,,,,,,
AL,11,2017090806,3, OFCL,36, 233N,  794W,135,0, HU,34, NEQ,170,140,110,160,0,0,0,165,20,    ,0, JLB,295,8, ,,,,,,,,
AL,11,2017090806,3, OFCL,36, 233N,  794W,135,0, HU,50, NEQ,110,90,60,90,0,0,0,165,20,    ,0, JLB,295,8, ,,,,,,,,
AL,11,2017090806,3, OFCL,36, 233N,  794W,135,0, HU,64, NEQ,65,55,40,55,0,0,0,165,20,    ,0, JLB,295,8, ,,,,,,,,
AL,11,2017090806,3, OFCL,48, 245N,  804W,130,0, HU,34, NEQ,190,170,130,190,0,0,0,160,20,    ,0, JLB,325,8, ,,,,,,,,
AL,11,2017090806,3, OFCL,48, 245N,  804W,130,0, HU,50, NEQ,110,90,70,90,0,0,0,160,20,    ,0, JLB,325,8, ,,,,,,,,
AL,11,2017090806,3, OFCL,72, 280N,  815W,90,0, HU,34, NEQ,250,210,160,200,0,0,0,110,20,    ,0, JLB,345,9, ,,,,,,,,
AL,11,2017090806,3, OFCL,72, 280N,  815W,90,0, HU,50, NEQ,130,110,80,100,0,0,0,110,20,    ,0, JLB,345,9, ,,,,,,,,
AL,11,2017090806,3, OFCL,96, 330N,  840W,40,0, TS,34, NEQ,0,0,0,0,0,0,0,50,20,    ,0, JLB,335,14, ,,,,,,,,
AL,11,2017090806,3, OFCL,120, 360N,  870W,25,0, TD,34, NEQ,0,0,0,0,0,0,0,35,20,    ,0, JLB,320,10, ,,,,,,,,
AL,11,2017090812,3, OFCL,0, 218N,  747W,130,0, HU,34, NEQ,160,120,80,150,0,0,0,160,40,    ,0, LAA,280,14,           ,  ,12, NEQ,540,240,120,480, 
AL,11,2017090812,3, OFCL,0, 218N,  747W,130,0, HU,50, NEQ,100,90,50,80,0,0,0,160,40,    ,0, LAA,280,14,           ,  ,12, NEQ,540,240,120,480, 
AL,11,2017090812,3, OFCL,0, 218N,  747W,130,0, HU,64, NEQ,60,45,35,55,0,0,0,160,40,    ,0, LAA,280,14,           ,  ,12, NEQ,540,240,120,480, 
AL,11,2017090812,3, OFCL,3, 220N,  753W,130,927, HU,34, NEQ,160,120,80,150,0,0,0,160,40,    ,0, LAA,285,12,           ,  ,12, NEQ,540,270,120,480, 
AL,11,2017090812,3, OFCL,3, 220N,  753W,130,927, HU,50, NEQ,100,90,50,80,0,0,0,160,40,    ,0, LAA,285,12,           ,  ,12, NEQ,540,270,120,480, 
AL,11,2017090812,3, OFCL,3, 220N,  753W,130,927, HU,64, NEQ,60,45,35,55,0,0,0,160,40,    ,0, LAA,285,12,           ,  ,12, NEQ,540,270,120,480, 
AL,11,2017090812,3, OFCL,12, 224N,  771W,130,0, HU,34, NEQ,170,120,90,150,0,0,0,160,40,    ,0, LAA,285,11, ,,,,,,,,
AL,11,2017090812,3, OFCL,12, 224N,  771W,130,0, HU,50, NEQ,100,70,50,80,0,0,0,160,40,    ,0, LAA,285,11, ,,,,,,,,
AL,11,2017090812,3, OFCL,12, 224N,  771W,130,0, HU,64, NEQ,60,50,35,50,0,0,0,160,40,    ,0, LAA,285,11, ,,,,,,,,
AL,11,2017090812,3, OFCL,24, 228N,  790W,130,0, HU,34, NEQ,170,130,90,150,0,0,0,160,40,    ,0, LAA,285,9, ,,,,,,,,
AL,11,2017090812,3, OFCL,24, 228N,  790W,130,0, HU,50, NEQ,100,80,60,90,0,0,0,160,40,    ,0, LAA,285,9, ,,,,,,,,
AL,11,2017090812,3, OFCL,24, 228N,  790W,130,0, HU,64, NEQ,60,50,35,50,0,0,0,160,40,    ,0, LAA,285,9, ,,,,,,,,
AL,11,2017090812,3, OFCL,36, 237N,  803W,130,0, HU,34, NEQ,170,140,110,160,0,0,0,160,40,    ,0, LAA,305,7, ,,,,,,,,
AL,11,2017090812,3, OFCL,36, 237N,  803W,130,0, HU,50, NEQ,110,90,60,90,0,0,0,160,40,    ,0, LAA,305,7, ,,,,,,,,
AL,11,2017090812,3, OFCL,36, 237N,  803W,130,0, HU,64, NEQ,60,50,40,50,0,0,0,160,40,    ,0, LAA,305,7, ,,,,,,,,
AL,11,2017090812,3, OFCL,48, 250N,  810W,125,0, HU,34, NEQ,190,170,130,190,0,0,0,150,40,    ,0, LAA,335,7, ,,,,,,,,
AL,11,2017090812,3, OFCL,48, 250N,  810W,125,0, HU,50, NEQ,110,90,70,90,0,0,0,150,40,    ,0, LAA,335,7, ,,,,,,,,
AL,11,2017090812,3, OFCL,72, 293N,  823W,65,0, HU,34, NEQ,250,210,160,200,0,0,0,80,40,    ,0, LAA,345,11, ,,,,,,,,
AL,11,2017090812,3, OFCL,72, 293N,  823W,65,0, HU,50, NEQ,130,110,80,100,0,0,0,80,40,    ,0, LAA,345,11, ,,,,,,,,
AL,11,2017090812,3, OFCL,96, 340N,  850W,30,0, TD,34, NEQ,0,0,0,0,0,0,0,40,40,    ,0, LAA,335,13, ,,,,,,,,
AL,11,2017090812,3, OFCL,120, 360N,  870W,25,0, TD,34, NEQ,0,0,0,0,0,0,0,35,40,    ,0, LAA,320,6, ,,,,,,,,
AL,11,2017090818,3, OFCL,0, 220N,  760W,135,0, HU,34, NEQ,160,120,80,150,0,0,0,165,40,    ,0, LAA,280,12,           ,  ,12, NEQ,540,270,120,480, 
AL,11,2017090818,3, OFCL,0, 220N,  760W,135,0, HU,50, NEQ,100,90,50,80,0,0,0,165,40,    ,0, LAA,280,12,           ,  ,12, NEQ,540,270,120,480, 
AL,11,2017090818,3, OFCL,0, 220N,  760W,135,0, HU,64, NEQ,60,60,30,60,0,0,0,165,40,    ,0, LAA,280,12,           ,  ,12, NEQ,540,270,120,480, 
AL,11,2017090818,3, OFCL,3, 221N,  765W,135,925, HU,34, NEQ,160,120,80,150,0,0,0,165,40,    ,0, LAA,280,10,           ,  ,12, NEQ,510,180,60,480, 
AL,11,2017090818,3, OFCL,3, 221N,  765W,135,925, HU,50, NEQ,100,90,50,80,0,0,0,165,40,    ,0, LAA,280,10,           ,  ,12, NEQ,510,180,60,480, 
AL,11,2017090818,3, OFCL,3, 221N,  765W,135,925, HU,64, NEQ,60,60,30,60,0,0,0,165,40,    ,0, LAA,280,10,           ,  ,12, NEQ,510,180,60,480, 
AL,11,2017090818,3, OFCL,12, 224N,  782W,135,0, HU,34, NEQ,170,120,90,150,0,0,0,165,40,    ,0, LAA,280,11, ,,,,,,,,
AL,11,2017090818,3, OFCL,12, 224N,  782W,135,0, HU,50, NEQ,100,90,50,80,0,0,0,165,40,    ,0, LAA,280,11, ,,,,,,,,
AL,11,2017090818,3, OFCL,12, 224N,  782W,135,0, HU,64, NEQ,60,60,30,60,0,0,0,165,40,    ,0, LAA,280,11, ,,,,,,,,
AL,11,2017090818,3, OFCL,24, 230N,  799W,135,0, HU,34, NEQ,170,130,90,150,0,0,0,165,40,    ,0, LAA,290,8, ,,,,,,,,
AL,11,2017090818,3, OFCL,24, 230N,  799W,135,0, HU,50, NEQ,100,90,50,80,0,0,0,165,40,    ,0, LAA,290,8, ,,,,,,,,
AL,11,2017090818,3, OFCL,24, 230N,  799W,135,0, HU,64, NEQ,60,60,30,60,0,0,0,165,40,    ,0, LAA,290,8, ,,,,,,,,
AL,11,2017090818,3, OFCL,36, 241N,  810W,140,0, HU,34, NEQ,170,130,110,160,0,0,0,170,40,    ,0, LAA,320,7, ,,,,,,,,
AL,11,2017090818,3, OFCL,36, 241N,  810W,140,0, HU,50, NEQ,100,90,60,90,0,0,0,170,40,    ,0, LAA,320,7, ,,,,,,,,
AL,11,2017090818,3, OFCL,36, 241N,  810W,140,0, HU,64, NEQ,60,60,30,60,0,0,0,170,40,    ,0, LAA,320,7, ,,,,,,,,
AL,11,2017090818,3, OFCL,48, 257N,  815W,125,0, HU,34, NEQ,190,170,130,190,0,0,0,150,40,    ,0, LAA,345,8, ,,,,,,,,
AL,11,2017090818,3, OFCL,48, 257N,  815W,125,0, HU,50, NEQ,100,90,70,90,0,0,0,150,40,    ,0, LAA,345,8, ,,,,,,,,
AL,11,2017090818,3, OFCL,72, 306N,  830W,50,0, TS,34, NEQ,170,170,150,100,0,0,0,60,40,    ,0, LAA,345,13, ,,,,,,,,
AL,11,2017090818,3, OFCL,72, 306N,  830W,50,0, TS,50, NEQ,30,30,20,20,0,0,0,60,40,    ,0, LAA,345,13, ,,,,,,,,
AL,11,2017090818,3, OFCL,96, 350N,  859W,25,0, TD,34, NEQ,0,0,0,0,0,0,0,35,40,    ,0, LAA,330,13, ,,,,,,,,
AL,11,2017090818,3, OFCL,120, 356N,  870W,20,0, LO,34, NEQ,0,0,0,0,0,0,0,30,40,    ,0, LAA,305,3, ,,,,,,,,
AL,11,2017090900,3, OFCL,0, 221N,  772W,140,0, HU,34, NEQ,160,120,80,150,0,0,0,170,30,    ,0, RJB,275,11,           ,  ,12, NEQ,510,180,60,480, 
AL,11,2017090900,3, OFCL,0, 221N,  772W,140,0, HU,50, NEQ,100,90,50,80,0,0,0,170,30,    ,0, RJB,275,11,           ,  ,12, NEQ,510,180,60,480, 
AL,11,2017090900,3, OFCL,0, 221N,  772W,140,0, HU,64, NEQ,60,60,30,60,0,0,0,170,30,    ,0, RJB,275,11,           ,  ,12, NEQ,510,180,60,480, 
AL,11,2017090900,3, OFCL,3, 221N,  777W,140,924, HU,34, NEQ,160,120,80,150,0,0,0,170,30,    ,0, RJB,280,11,           ,  ,12, NEQ,420,30,30,30, 
AL,11,2017090900,3, OFCL,3, 221N,  777W,140,924, HU,50, NEQ,100,90,50,80,0,0,0,170,30,    ,0, RJB,280,11,           ,  ,12, NEQ,420,30,30,30, 
AL,11,2017090900,3, OFCL,3, 221N,  777W,140,924, HU,64, NEQ,60,60,30,60,0,0,0,170,30,    ,0, RJB,280,11,           ,  ,12, NEQ,420,30,30,30, 
AL,11,2017090900,3, OFCL,12, 226N,  791W,140,0, HU,34, NEQ,160,130,90,160,0,0,0,170,30,    ,0, RJB,290,9, ,,,,,,,,
AL,11,2017090900,3, OFCL,12, 226N,  791W,140,0, HU,50, NEQ,100,90,50,80,0,0,0,170,30,    ,0, RJB,290,9, ,,,,,,,,
AL,11,2017090900,3, OFCL,12, 226N,  791W,140,0, HU,64, NEQ,60,60,30,60,0,0,0,170,30,    ,0, RJB,290,9, ,,,,,,,,
AL,11,2017090900,3, OFCL,24, 233N,  806W,135,0, HU,34, NEQ,170,140,110,170,0,0,0,165,30,    ,0, RJB,295,8, ,,,,,,,,
AL,11,2017090900,3, OFCL,24, 233N,  806W,135,0, HU,50, NEQ,110,100,60,90,0,0,0,165,30,    ,0, RJB,295,8, ,,,,,,,,
AL,11,2017090900,3, OFCL,24, 233N,  806W,135,0, HU,64, NEQ,60,60,30,60,0,0,0,165,30,    ,0, RJB,295,8, ,,,,,,,,
AL,11,2017090900,3, OFCL,36, 245N,  814W,130,0, HU,34, NEQ,200,170,120,200,0,0,0,160,30,    ,0, RJB,330,7, ,,,,,,,,
AL,11,2017090900,3, OFCL,36, 245N,  814W,130,0, HU,50, NEQ,110,110,70,100,0,0,0,160,30,    ,0, RJB,330,7, ,,,,,,,,
AL,11,2017090900,3, OFCL,36, 245N,  814W,130,0, HU,64, NEQ,70,70,40,60,0,0,0,160,30,    ,0, RJB,330,7, ,,,,,,,,
AL,11,2017090900,3, OFCL,48, 265N,  819W,115,0, HU,34, NEQ,240,200,140,240,0,0,0,140,30,    ,0, RJB,345,10, ,,,,,,,,
AL,11,2017090900,3, OFCL,48, 265N,  819W,115,0, HU,50, NEQ,130,120,90,110,0,0,0,140,30,    ,0, RJB,345,10, ,,,,,,,,
AL,11,2017090900,3, OFCL,72, 316N,  838W,50,0, TS,34, NEQ,240,180,100,100,0,0,0,60,30,    ,0, RJB,340,13, ,,,,,,,,
AL,11,2017090900,3, OFCL,72, 316N,  838W,50,0, TS,50, NEQ,60,60,0,0,0,0,0,60,30,    ,0, RJB,340,13, ,,,,,,,,
AL,11,2017090900,3, OFCL,96, 350N,  870W,25,0, TD,34, NEQ,0,0,0,0,0,0,0,35,30,    ,0, RJB,325,11, ,,,,,,,,
AL,11,2017090900,3, OFCL,120, 355N,  875W,20,0, LO,34, NEQ,0,0,0,0,0,0,0,30,30,    ,0, RJB,320,2, ,,,,,,,,
AL,11,2017090906,3, OFCL,0, 223N,  783W,140,0, HU,34, NEQ,160,160,120,170,0,0,0,170,30,    ,0, JLB,280,10,           ,  ,12, NEQ,420,30,30,30, 
AL,11,2017090906,3, OFCL,0, 223N,  783W,140,0, HU,50, NEQ,100,90,50,80,0,0,0,170,30,    ,0, JLB,280,10,           ,  ,12, NEQ,420,30,30,30, 
AL,11,2017090906,3, OFCL,0, 223N,  783W,140,0, HU,64, NEQ,60,60,30,60,0,0,0,170,30,    ,0, JLB,280,10,           ,  ,12, NEQ,420,30,30,30, 
AL,11,2017090906,3, OFCL,3, 225N,  788W,135,930, HU,34, NEQ,160,160,120,170,0,0,0,165,30,    ,0, JLB,285,10,           ,  ,12, NEQ,480,30,30,90, 
AL,11,2017090906,3, OFCL,3, 225N,  788W,135,930, HU,50, NEQ,100,90,50,80,0,0,0,165,30,    ,0, JLB,285,10,           ,  ,12, NEQ,480,30,30,90, 
AL,11,2017090906,3, OFCL,3, 225N,  788W,135,930, HU,64, NEQ,60,60,30,60,0,0,0,165,30,    ,0, JLB,285,10,           ,  ,12, NEQ,480,30,30,90, 
AL,11,2017090906,3, OFCL,12, 229N,  800W,130,0, HU,34, NEQ,160,160,120,170,0,0,0,160,30,    ,0, JLB,290,8, ,,,,,,,,
AL,11,2017090906,3, OFCL,12, 229N,  800W,130,0, HU,50, NEQ,100,90,50,80,0,0,0,160,30,    ,0, JLB,290,8, ,,,,,,,,
AL,11,2017090906,3, OFCL,12, 229N,  800W,130,0, HU,64, NEQ,60,60,30,60,0,0,0,160,30,    ,0, JLB,290,8, ,,,,,,,,
AL,11,2017090906,3, OFCL,24, 238N,  811W,130,0, HU,34, NEQ,170,160,120,170,0,0,0,160,30,    ,0, JLB,310,7, ,,,,,,,,
AL,11,2017090906,3, OFCL,24, 238N,  811W,130,0, HU,50, NEQ,110,100,60,90,0,0,0,160,30,    ,0, JLB,310,7, ,,,,,,,,
AL,11,2017090906,3, OFCL,24, 238N,  811W,130,0, HU,64, NEQ,60,60,30,60,0,0,0,160,30,    ,0, JLB,310,7, ,,,,,,,,
AL,11,2017090906,3, OFCL,36, 254N,  818W,130,0, HU,34, NEQ,220,180,140,200,0,0,0,160,30,    ,0, JLB,340,9, ,,,,,,,,
AL,11,2017090906,3, OFCL,36, 254N,  818W,130,0, HU,50, NEQ,120,120,70,100,0,0,0,160,30,    ,0, JLB,340,9, ,,,,,,,,
AL,11,2017090906,3, OFCL,36, 254N,  818W,130,0, HU,64, NEQ,70,70,40,60,0,0,0,160,30,    ,0, JLB,340,9, ,,,,,,,,
AL,11,2017090906,3, OFCL,48, 277N,  824W,105,0, HU,34, NEQ,250,220,150,240,0,0,0,130,30,    ,0, JLB,345,12, ,,,,,,,,
AL,11,2017090906,3, OFCL,48, 277N,  824W,105,0, HU,50, NEQ,130,120,90,110,0,0,0,130,30,    ,0, JLB,345,12, ,,,,,,,,
AL,11,2017090906,3, OFCL,72, 325N,  845W,45,0, TS,34, NEQ,120,180,60,60,0,0,0,55,30,    ,0, JLB,340,13, ,,,,,,,,
AL,11,2017090906,3, OFCL,96, 355N,  880W,25,0, TD,34, NEQ,0,0,0,0,0,0,0,35,30,    ,0, JLB,315,10, ,,,,,,,,
AL,11,2017090906,3, OFCL,120, 360N,  875W,20,0, LO,34, NEQ,0,0,0,0,0,0,0,30,30,    ,0, JLB,40,2, ,,,,,,,,
AL,11,2017090912,3, OFCL,0, 227N,  793W,115,0, HU,34, NEQ,160,160,120,170,0,0,0,140,10,    ,0, LAA,295,10,           ,  ,12, NEQ,480,30,30,90, 
AL,11,2017090912,3, OFCL,0, 227N,  793W,115,0, HU,50, NEQ,100,90,50,80,0,0,0,140,10,    ,0, LAA,295,10,           ,  ,12, NEQ,480,30,30,90, 
AL,11,2017090912,3, OFCL,0, 227N,  793W,115,0, HU,64, NEQ,60,60,30,60,0,0,0,140,10,    ,0, LAA,295,10,           ,  ,12, NEQ,480,30,30,90, 
AL,11,2017090912,3, OFCL,3, 228N,  798W,110,941, HU,34, NEQ,160,160,120,170,0,0,0,135,10,    ,0, LAA,280,8,           ,  ,12, NEQ,420,30,30,120, 
AL,11,2017090912,3, OFCL,3, 228N,  798W,110,941, HU,50, NEQ,100,90,50,80,0,0,0,135,10,    ,0, LAA,280,8,           ,  ,12, NEQ,420,30,30,120, 
AL,11,2017090912,3, OFCL,3, 228N,  798W,110,941, HU,64, NEQ,60,60,30,60,0,0,0,135,10,    ,0, LAA,280,8,           ,  ,12, NEQ,420,30,30,120, 
AL,11,2017090912,3, OFCL,12, 234N,  807W,115,0, HU,34, NEQ,160,160,120,170,0,0,0,140,10,    ,0, LAA,305,7, ,,,,,,,,
AL,11,2017090912,3, OFCL,12, 234N,  807W,115,0, HU,50, NEQ,100,90,50,80,0,0,0,140,10,    ,0, LAA,305,7, ,,,,,,,,
AL,11,2017090912,3, OFCL,12, 234N,  807W,115,0, HU,64, NEQ,60,60,30,60,0,0,0,140,10,    ,0, LAA,305,7, ,,,,,,,,
AL,11,2017090912,3, OFCL,24, 245N,  816W,120,0, HU,34, NEQ,170,160,120,170,0,0,0,145,10,    ,0, LAA,325,7, ,,,,,,,,
AL,11,2017090912,3, OFCL,24, 245N,  816W,120,0, HU,50, NEQ,110,100,60,90,0,0,0,145,10,    ,0, LAA,325,7, ,,,,,,,,
AL,11,2017090912,3, OFCL,24, 245N,  816W,120,0, HU,64, NEQ,60,60,30,60,0,0,0,145,10,    ,0, LAA,325,7, ,,,,,,,,
AL,11,2017090912,3, OFCL,36, 264N,  821W,120,0, HU,34, NEQ,220,180,140,200,0,0,0,145,10,    ,0, LAA,345,10, ,,,,,,,,
AL,11,2017090912,3, OFCL,36, 264N,  821W,120,0, HU,50, NEQ,120,120,70,100,0,0,0,145,10,    ,0, LAA,345,10, ,,,,,,,,
AL,11,2017090912,3, OFCL,36, 264N,  821W,120,0, HU,64, NEQ,70,70,40,60,0,0,0,145,10,    ,0, LAA,345,10, ,,,,,,,,
AL,11,2017090912,3, OFCL,48, 290N,  828W,100,0, HU,34, NEQ,250,220,150,240,0,0,0,120,10,    ,0, LAA,345,13, ,,,,,,,,
AL,11,2017090912,3, OFCL,48, 290N,  828W,100,0, HU,50, NEQ,130,120,70,100,0,0,0,120,10,    ,0, LAA,345,13, ,,,,,,,,
AL,11,2017090912,3, OFCL,72, 345N,  860W,25,0, LO,34, NEQ,0,0,0,0,0,0,0,35,10,    ,0, LAA,335,15, ,,,,,,,,
AL,11,2017090912,3, OFCL,96, 360N,  890W,25,0, LO,34, NEQ,0,0,0,0,0,0,0,35,10,    ,0, LAA,300,7, ,,,,,,,,
AL,11,2017090912,3, OFCL,120, 370N,  885W,20,0, LO,34, NEQ,0,0,0,0,0,0,0,30,10,    ,0, LAA,20,3, ,,,,,,,,
AL,11,2017090918,3, OFCL,0, 231N,  802W,110,0, HU,34, NEQ,160,160,120,170,0,0,0,135,0,    ,0, LAA,295,9,           ,  ,12, NEQ,420,30,30,120, 
AL,11,2017090918,3, OFCL,0, 231N,  802W,110,0, HU,50, NEQ,100,90,50,80,0,0,0,135,0,    ,0, LAA,295,9,           ,  ,12, NEQ,420,30,30,120, 
AL,11,2017090918,3, OFCL,0, 231N,  802W,110,0, HU,64, NEQ,60,60,30,60,0,0,0,135,0,    ,0, LAA,295,9,           ,  ,12, NEQ,420,30,30,120, 
AL,11,2017090918,3, OFCL,3, 234N,  805W,110,938, HU,34, NEQ,160,160,120,170,0,0,0,135,0,    ,0, LAA,295,8,           ,  ,12, NEQ,420,30,30,120, 
AL,11,2017090918,3, OFCL,3, 234N,  805W,110,938, HU,50, NEQ,100,90,50,80,0,0,0,135,0,    ,0, LAA,295,8,           ,  ,12, NEQ,420,30,30,120, 
AL,11,2017090918,3, OFCL,3, 234N,  805W,110,938, HU,64, NEQ,60,60,30,60,0,0,0,135,0,    ,0, LAA,295,8,           ,  ,12, NEQ,420,30,30,120, 
AL,11,2017090918,3, OFCL,12, 241N,  813W,115,0, HU,34, NEQ,160,160,120,170,0,0,0,140,0,    ,0, LAA,315,7, ,,,,,,,,
AL,11,2017090918,3, OFCL,12, 241N,  813W,115,0, HU,50, NEQ,100,90,50,80,0,0,0,140,0,    ,0, LAA,315,7, ,,,,,,,,
AL,11,2017090918,3, OFCL,12, 241N,  813W,115,0, HU,64, NEQ,60,60,30,60,0,0,0,140,0,    ,0, LAA,315,7, ,,,,,,,,
AL,11,2017090918,3, OFCL,24, 257N,  820W,120,0, HU,34, NEQ,200,170,130,180,0,0,0,145,0,    ,0, LAA,340,9, ,,,,,,,,
AL,11,2017090918,3, OFCL,24, 257N,  820W,120,0, HU,50, NEQ,115,110,60,90,0,0,0,145,0,    ,0, LAA,340,9, ,,,,,,,,
AL,11,2017090918,3, OFCL,24, 257N,  820W,120,0, HU,64, NEQ,60,60,30,60,0,0,0,145,0,    ,0, LAA,340,9, ,,,,,,,,
AL,11,2017090918,3, OFCL,36, 283N,  826W,100,0, HU,34, NEQ,300,230,160,200,0,0,0,120,0,    ,0, LAA,350,13, ,,,,,,,,
AL,11,2017090918,3, OFCL,36, 283N,  826W,100,0, HU,50, NEQ,120,120,85,75,0,0,0,120,0,    ,0, LAA,350,13, ,,,,,,,,
AL,11,2017090918,3, OFCL,36, 283N,  826W,100,0, HU,64, NEQ,60,60,30,60,0,0,0,120,0,    ,0, LAA,350,13, ,,,,,,,,
AL,11,2017090918,3, OFCL,48, 312N,  838W,65,0, HU,34, NEQ,250,200,120,100,0,0,0,80,0,    ,0, LAA,340,15, ,,,,,,,,
AL,11,2017090918,3, OFCL,48, 312N,  838W,65,0, HU,50, NEQ,50,30,40,20,0,0,0,80,0,    ,0, LAA,340,15, ,,,,,,,,
AL,11,2017090918,3, OFCL,72, 355N,  880W,25,0, LO,34, NEQ,0,0,0,0,0,0,0,35,0,    ,0, LAA,320,14, ,,,,,,,,
AL,11,2017090918,3, OFCL,96, 361N,  890W,25,0, LO,34, NEQ,0,0,0,0,0,0,0,35,0,    ,0, LAA,305,3, ,,,,,,,,
AL,11,2017091000,3, OFCL,0, 234N,  809W,105,0, HU,34, NEQ,170,170,120,180,0,0,0,130,15,    ,0, RJB,295,7,           ,  ,12, NEQ,420,30,30,120, 
AL,11,2017091000,3, OFCL,0, 234N,  809W,105,0, HU,50, NEQ,100,100,50,80,0,0,0,130,15,    ,0, RJB,295,7,           ,  ,12, NEQ,420,30,30,120, 
AL,11,2017091000,3, OFCL,0, 234N,  809W,105,0, HU,64, NEQ,60,60,30,60,0,0,0,130,15,    ,0, RJB,295,7,           ,  ,12, NEQ,420,30,30,120, 
AL,11,2017091000,3, OFCL,3, 235N,  810W,105,933, HU,34, NEQ,170,170,120,180,0,0,0,130,15,    ,0, RJB,305,5,           ,  ,12, NEQ,420,120,0,180, 
AL,11,2017091000,3, OFCL,3, 235N,  810W,105,933, HU,50, NEQ,100,100,50,80,0,0,0,130,15,    ,0, RJB,305,5,           ,  ,12, NEQ,420,120,0,180, 
AL,11,2017091000,3, OFCL,3, 235N,  810W,105,933, HU,64, NEQ,60,60,30,60,0,0,0,130,15,    ,0, RJB,305,5,           ,  ,12, NEQ,420,120,0,180, 
AL,11,2017091000,3, OFCL,12, 247N,  817W,110,0, HU,34, NEQ,220,200,130,220,0,0,0,135,15,    ,0, RJB,330,9, ,,,,,,,,
AL,11,2017091000,3, OFCL,12, 247N,  817W,110,0, HU,50, NEQ,110,110,70,90,0,0,0,135,15,    ,0, RJB,330,9, ,,,,,,,,
AL,11,2017091000,3, OFCL,12, 247N,  817W,110,0, HU,64, NEQ,60,70,40,60,0,0,0,135,15,    ,0, RJB,330,9, ,,,,,,,,
AL,11,2017091000,3, OFCL,24, 268N,  824W,105,0, HU,34, NEQ,300,230,160,250,0,0,0,130,15,    ,0, RJB,345,11, ,,,,,,,,
AL,11,2017091000,3, OFCL,24, 268N,  824W,105,0, HU,50, NEQ,120,120,90,90,0,0,0,130,15,    ,0, RJB,345,11, ,,,,,,,,
AL,11,2017091000,3, OFCL,24, 268N,  824W,105,0, HU,64, NEQ,50,60,50,60,0,0,0,130,15,    ,0, RJB,345,11, ,,,,,,,,
AL,11,2017091000,3, OFCL,36, 295N,  834W,80,0, HU,34, NEQ,320,240,150,180,0,0,0,100,15,    ,0, RJB,340,14, ,,,,,,,,
AL,11,2017091000,3, OFCL,36, 295N,  834W,80,0, HU,50, NEQ,100,80,70,50,0,0,0,100,15,    ,0, RJB,340,14, ,,,,,,,,
AL,11,2017091000,3, OFCL,36, 295N,  834W,80,0, HU,64, NEQ,35,40,30,35,0,0,0,100,15,    ,0, RJB,340,14, ,,,,,,,,
AL,11,2017091000,3, OFCL,48, 322N,  850W,55,0, TS,34, NEQ,230,150,80,100,0,0,0,65,15,    ,0, RJB,335,15, ,,,,,,,,
AL,11,2017091000,3, OFCL,48, 322N,  850W,55,0, TS,50, NEQ,40,30,30,0,0,0,0,65,15,    ,0, RJB,335,15, ,,,,,,,,
AL,11,2017091000,3, OFCL,72, 353N,  890W,25,0, LO,34, NEQ,0,0,0,0,0,0,0,35,15,    ,0, RJB,315,11, ,,,,,,,,
AL,11,2017091000,3, OFCL,96, 370N,  885W,20,0, LO,34, NEQ,0,0,0,0,0,0,0,30,15,    ,0, RJB,15,4, ,,,,,,,,
AL,11,2017091006,3, OFCL,0, 237N,  813W,115,0, HU,34, NEQ,190,170,140,190,0,0,0,140,20,    ,0, JLB,310,6, ,,,,,,,,
AL,11,2017091006,3, OFCL,0, 237N,  813W,115,0, HU,50, NEQ,110,110,70,100,0,0,0,140,20,    ,0, JLB,310,6, ,,,,,,,,
AL,11,2017091006,3, OFCL,0, 237N,  813W,115,0, HU,64, NEQ,70,50,30,50,0,0,0,140,20,    ,0, JLB,310,6, ,,,,,,,,
AL,11,2017091006,3, OFCL,3, 241N,  815W,115,928, HU,34, NEQ,190,170,140,190,0,0,0,140,20,    ,0, JLB,325,7,           ,  ,12, NEQ,420,150,120,180, 
AL,11,2017091006,3, OFCL,3, 241N,  815W,115,928, HU,50, NEQ,110,110,70,100,0,0,0,140,20,    ,0, JLB,325,7,           ,  ,12, NEQ,420,150,120,180, 
AL,11,2017091006,3, OFCL,3, 241N,  815W,115,928, HU,64, NEQ,70,50,30,50,0,0,0,140,20,    ,0, JLB,325,7,           ,  ,12, NEQ,420,150,120,180, 
AL,11,2017091006,3, OFCL,12, 254N,  820W,115,0, HU,34, NEQ,220,200,140,220,0,0,0,140,20,    ,0, JLB,340,9, ,,,,,,,,
AL,11,2017091006,3, OFCL,12, 254N,  820W,115,0, HU,50, NEQ,110,110,80,100,0,0,0,140,20,    ,0, JLB,340,9, ,,,,,,,,
AL,11,2017091006,3, OFCL,12, 254N,  820W,115,0, HU,64, NEQ,70,60,40,60,0,0,0,140,20,    ,0, JLB,340,9, ,,,,,,,,
AL,11,2017091006,3, OFCL,24, 278N,  828W,100,0, HU,34, NEQ,300,230,160,250,0,0,0,120,20,    ,0, JLB,345,13, ,,,,,,,,
AL,11,2017091006,3, OFCL,24, 278N,  828W,100,0, HU,50, NEQ,110,120,90,100,0,0,0,120,20,    ,0, JLB,345,13, ,,,,,,,,
AL,11,2017091006,3, OFCL,24, 278N,  828W,100,0, HU,64, NEQ,50,60,50,60,0,0,0,120,20,    ,0, JLB,345,13, ,,,,,,,,
AL,11,2017091006,3, OFCL,36, 305N,  841W,75,0, HU,34, NEQ,290,210,140,130,0,0,0,90,20,    ,0, JLB,340,15, ,,,,,,,,
AL,11,2017091006,3, OFCL,36, 305N,  841W,75,0, HU,50, NEQ,70,80,70,50,0,0,0,90,20,    ,0, JLB,340,15, ,,,,,,,,
AL,11,2017091006,3, OFCL,36, 305N,  841W,75,0, HU,64, NEQ,35,40,30,35,0,0,0,90,20,    ,0, JLB,340,15, ,,,,,,,,
AL,11,2017091006,3, OFCL,48, 327N,  858W,40,0, TS,34, NEQ,60,60,30,60,0,0,0,50,20,    ,0, JLB,325,13, ,,,,,,,,
AL,11,2017091006,3, OFCL,72, 355N,  890W,25,0, LO,34, NEQ,0,0,0,0,0,0,0,35,20,    ,0, JLB,315,10, ,,,,,,,,
AL,11,2017091006,3, OFCL,96, 375N,  880W,20,0, LO,34, NEQ,0,0,0,0,0,0,0,30,20,    ,0, JLB,20,5, ,,,,,,,,
AL,11,2017091012,3, OFCL,0, 245N,  815W,115,0, HU,34, NEQ,190,170,140,190,0,0,0,140,0,    ,0, RJP,345,8,           ,  ,12, NEQ,420,150,120,180, 
AL,11,2017091012,3, OFCL,0, 245N,  815W,115,0, HU,50, NEQ,110,110,70,100,0,0,0,140,0,    ,0, RJP,345,8,           ,  ,12, NEQ,420,150,120,180, 
AL,11,2017091012,3, OFCL,0, 245N,  815W,115,0, HU,64, NEQ,70,50,30,50,0,0,0,140,0,    ,0, RJP,345,8,           ,  ,12, NEQ,420,150,120,180, 
AL,11,2017091012,3, OFCL,3, 250N,  815W,115,933, HU,34, NEQ,190,170,140,190,0,0,0,140,0,    ,0, RJP,350,8,           ,  ,12, NEQ,420,150,120,180, 
AL,11,2017091012,3, OFCL,3, 250N,  815W,115,933, HU,50, NEQ,110,110,70,100,0,0,0,140,0,    ,0, RJP,350,8,           ,  ,12, NEQ,420,150,120,180, 
AL,11,2017091012,3, OFCL,3, 250N,  815W,115,933, HU,64, NEQ,70,50,30,50,0,0,0,140,0,    ,0, RJP,350,8,           ,  ,12, NEQ,420,150,120,180, 
AL,11,2017091012,3, OFCL,12, 266N,  821W,110,0, HU,34, NEQ,220,200,140,220,0,0,0,135,0,    ,0, RJP,340,11, ,,,,,,,,
AL,11,2017091012,3, OFCL,12, 266N,  821W,110,0, HU,50, NEQ,110,110,80,100,0,0,0,135,0,    ,0, RJP,340,11, ,,,,,,,,
AL,11,2017091012,3, OFCL,12, 266N,  821W,110,0, HU,64, NEQ,70,60,40,60,0,0,0,135,0,    ,0, RJP,340,11, ,,,,,,,,
AL,11,2017091012,3, OFCL,24, 292N,  830W,80,0, HU,34, NEQ,270,200,160,200,0,0,0,100,0,    ,0, RJP,345,14, ,,,,,,,,
AL,11,2017091012,3, OFCL,24, 292N,  830W,80,0, HU,50, NEQ,110,120,90,100,0,0,0,100,0,    ,0, RJP,345,14, ,,,,,,,,
AL,11,2017091012,3, OFCL,24, 292N,  830W,80,0, HU,64, NEQ,50,60,40,60,0,0,0,100,0,    ,0, RJP,345,14, ,,,,,,,,
AL,11,2017091012,3, OFCL,36, 319N,  846W,40,0, TS,34, NEQ,200,100,100,100,0,0,0,50,0,    ,0, RJP,335,15, ,,,,,,,,
AL,11,2017091012,3, OFCL,48, 338N,  867W,30,0, TD,34, NEQ,0,0,0,0,0,0,0,40,0,    ,0, RJP,320,13, ,,,,,,,,
AL,11,2017091012,3, OFCL,72, 360N,  890W,25,0, LO,34, NEQ,0,0,0,0,0,0,0,35,0,    ,0, RJP,320,7, ,,,,,,,,
AL,11,2017091012,3, OFCL,96, 385N,  865W,20,0, LO,34, NEQ,0,0,0,0,0,0,0,30,0,    ,0, RJP,40,8, ,,,,,,,,
AL,11,2017091018,3, OFCL,0, 256N,  817W,100,0, HU,34, NEQ,190,170,140,190,0,0,0,120,0,    ,0, RJP,350,11,           ,  ,12, NEQ,420,150,120,180, 
AL,11,2017091018,3, OFCL,0, 256N,  817W,100,0, HU,50, NEQ,100,100,70,100,0,0,0,120,0,    ,0, RJP,350,11,           ,  ,12, NEQ,420,150,120,180, 
AL,11,2017091018,3, OFCL,0, 256N,  817W,100,0, HU,64, NEQ,70,60,30,50,0,0,0,120,0,    ,0, RJP,350,11,           ,  ,12, NEQ,420,150,120,180, 
AL,11,2017091018,3, OFCL,3, 262N,  818W,95,940, HU,34, NEQ,190,170,140,190,0,0,0,115,0,    ,0, RJP,350,12,           ,  ,12, NEQ,420,180,300,300, 
AL,11,2017091018,3, OFCL,3, 262N,  818W,95,940, HU,50, NEQ,100,100,70,100,0,0,0,115,0,    ,0, RJP,350,12,           ,  ,12, NEQ,420,180,300,300, 
AL,11,2017091018,3, OFCL,3, 262N,  818W,95,940, HU,64, NEQ,70,60,30,50,0,0,0,115,0,    ,0, RJP,350,12,           ,  ,12, NEQ,420,180,300,300, 
AL,11,2017091018,3, OFCL,12, 280N,  825W,75,0, HU,34, NEQ,220,200,140,180,0,0,0,90,0,    ,0, RJP,340,13, ,,,,,,,,
AL,11,2017091018,3, OFCL,12, 280N,  825W,75,0, HU,50, NEQ,110,110,80,100,0,0,0,90,0,    ,0, RJP,340,13, ,,,,,,,,
AL,11,2017091018,3, OFCL,12, 280N,  825W,75,0, HU,64, NEQ,70,60,40,60,0,0,0,90,0,    ,0, RJP,340,13, ,,,,,,,,
AL,11,2017091018,3, OFCL,24, 307N,  839W,55,0, TS,34, NEQ,200,180,160,110,0,0,0,65,0,    ,0, RJP,335,15, ,,,,,,,,
AL,11,2017091018,3, OFCL,24, 307N,  839W,55,0, TS,50, NEQ,60,60,60,60,0,0,0,65,0,    ,0, RJP,335,15, ,,,,,,,,
AL,11,2017091018,3, OFCL,36, 331N,  860W,35,0, TS,34, NEQ,150,100,0,0,0,0,0,45,0,    ,0, RJP,325,15, ,,,,,,,,
AL,11,2017091018,3, OFCL,48, 345N,  883W,30,0, TD,34, NEQ,0,0,0,0,0,0,0,40,0,    ,0, RJP,305,12, ,,,,,,,,
AL,11,2017091018,3, OFCL,72, 365N,  890W,25,0, LO,34, NEQ,0,0,0,0,0,0,0,35,0,    ,0, RJP,345,5, ,,,,,,,,
AL,11,2017091018,3, OFCL,96, 390N,  865W,20,0, LO,34, NEQ,0,0,0,0,0,0,0,30,0,    ,0, RJP,40,8, ,,,,,,,,