AL,14,2018100618,3, OFCL,0, 178N,  866W,25,0, DB,34, NEQ,0,0,0,0,0,0,0,35,0,    ,0, JLB,310,5, ,,,,,,,,
AL,14,2018100618,3, OFCL,3, 180N,  866W,25,1006, DB,34, NEQ,0,0,0,0,0,0,0,35,0,    ,0, JLB,325,5, ,,,,,,,,
AL,14,2018100618,3, OFCL,12, 187N,  867W,25,0, DB,34, NEQ,0,0,0,0,0,0,0,35,0,    ,0, JLB,350,5, ,,,,,,,,
AL,14,2018100618,3, OFCL,24, 199N,  866W,30,0, TD,34, NEQ,0,0,0,0,0,0,0,40,0,    ,0, JLB,5,6, ,,,,,,,,
AL,14,2018100618,3, OFCL,36, 210N,  866W,35,0, TS,34, NEQ,120,80,0,0,0,0,0,45,0,    ,0, JLB,360,6, ,,,,,,,,
AL,14,2018100618,3, OFCL,48, 225N,  867W,40,0, TS,34, NEQ,120,120,0,0,0,0,0,50,0,    ,0, JLB,355,8, ,,,,,,,,
AL,14,2018100618,3, OFCL,72, 260N,  875W,55,0, TS,34, NEQ,120,120,60,60,0,0,0,65,0,    ,0, JLB,350,9, ,,,,,,,,
AL,14,2018100618,3, OFCL,72, 260N,  875W,55,0, TS,50, NEQ,60,60,0,0,0,0,0,65,0,    ,0, JLB,350,9, ,,,,,,,,
AL,14,2018100618,3, OFCL,96, 305N,  865W,60,0, TS,34, NEQ,0,0,0,0,0,0,0,75,0,    ,0, JLB,10,11, ,,,,,,,,
AL,14,2018100618,3, OFCL,120, 355N,  815W,30,0, TD,34, NEQ,0,0,0,0,0,0,0,40,0,    ,0, JLB,40,16, ,,,,,,,,
AL,14,2018100618,3, OFCL,144, 415N,  710W,35,0, EX,34, NEQ,0,0,0,0,0,0,0,45,0,    ,0, JLB,50,25, ,,,,,,,,
AL,14,2018100618,3, OFCL,168, 485N,  500W,40,0, EX,34, NEQ,0,0,0,0,0,0,0,50,0,    ,0, JLB,60,41, ,,,,,,,,
AL,14,2018100700,3, OFCL,0, 185N,  866W,25,0, LO,34, NEQ,0,0,0,0,0,0,0,35,0,    ,0, LAA,360,7, ,,,,,,,,
AL,14,2018100700,3, OFCL,3, 188N,  866W,25,1004, LO,34, NEQ,0,0,0,0,0,0,0,35,0,    ,0, LAA,360,6, ,,,,,,,,
AL,14,2018100700,3, OFCL,12, 195N,  865W,30,0, TD,34, NEQ,0,0,0,0,0,0,0,40,0,    ,0, LAA,10,5, ,,,,,,,,
AL,14,2018100700,3, OFCL,24, 210N,  862W,35,0, TS,34, NEQ,100,75,0,20,0,0,0,45,0,    ,0, LAA,10,8, ,,,,,,,,
AL,14,2018100700,3, OFCL,36, 223N,  861W,40,0, TS,34, NEQ,100,80,40,40,0,0,0,50,0,    ,0, LAA,5,7, ,,,,,,,,
AL,14,2018100700,3, OFCL,48, 238N,  863W,45,0, TS,34, NEQ,120,120,60,60,0,0,0,55,0,    ,0, LAA,355,8, ,,,,,,,,
AL,14,2018100700,3, OFCL,72, 274N,  872W,55,0, TS,34, NEQ,120,120,60,60,0,0,0,65,0,    ,0, LAA,345,9, ,,,,,,,,
AL,14,2018100700,3, OFCL,72, 274N,  872W,55,0, TS,50, NEQ,60,60,0,0,0,0,0,65,0,    ,0, LAA,345,9, ,,,,,,,,
AL,14,2018100700,3, OFCL,96, 320N,  850W,30,0, TD,34, NEQ,0,0,0,0,0,0,0,40,0,    ,0, LAA,20,12, ,,,,,,,,
AL,14,2018100700,3, OFCL,120, 385N,  775W,30,0, TD,34, NEQ,0,0,0,0,0,0,0,40,0,    ,0, LAA,40,22, ,,,,,,,,
AL,14,2018100700,3, OFCL,144, 410N,  660W,30,0, EX,34, NEQ,0,0,0,0,0,0,0,40,0,    ,0, LAA,70,23, ,,,,,,,,
AL,14,2018100706,3, OFCL,0, 184N,  870W,30,0, TD,34, NEQ,0,0,0,0,0,0,0,40,0,    ,0, RJB,340,3, ,,,,,,,,
AL,14,2018100706,3, OFCL,3, 186N,  869W,30,1004, TD,34, NEQ,0,0,0,0,0,0,0,40,0,    ,0, RJB,340,3, ,,,,,,,,
AL,14,2018100706,3, OFCL,12, 194N,  867W,35,0, TS,34, NEQ,60,40,0,0,0,0,0,45,0,    ,0, RJB,15,5, ,,,,,,,,
AL,14,2018100706,3, OFCL,24, 208N,  864W,45,0, TS,34, NEQ,110,70,30,40,0,0,0,55,0,    ,0, RJB,10,7, ,,,,,,,,
AL,14,2018100706,3, OFCL,36, 223N,  866W,50,0, TS,34, NEQ,130,100,40,80,0,0,0,60,0,    ,0, RJB,355,8, ,,,,,,,,
AL,14,2018100706,3, OFCL,36, 223N,  866W,50,0, TS,50, NEQ,30,30,0,0,0,0,0,60,0,    ,0, RJB,355,8, ,,,,,,,,
AL,14,2018100706,3, OFCL,48, 239N,  871W,55,0, TS,34, NEQ,130,120,50,100,0,0,0,65,0,    ,0, RJB,345,8, ,,,,,,,,
AL,14,2018100706,3, OFCL,48, 239N,  871W,55,0, TS,50, NEQ,60,40,0,30,0,0,0,65,0,    ,0, RJB,345,8, ,,,,,,,,
AL,14,2018100706,3, OFCL,72, 276N,  873W,65,0, HU,34, NEQ,130,130,70,80,0,0,0,80,0,    ,0, RJB,355,9, ,,,,,,,,
AL,14,2018100706,3, OFCL,72, 276N,  873W,65,0, HU,50, NEQ,60,60,30,30,0,0,0,80,0,    ,0, RJB,355,9, ,,,,,,,,
AL,14,2018100706,3, OFCL,96, 320N,  840W,45,0, TS,34, NEQ,0,0,0,0,0,0,0,55,0,    ,0, RJB,30,13, ,,,,,,,,
AL,14,2018100706,3, OFCL,120, 370N,  760W,45,0, TS,34, NEQ,0,0,0,0,0,0,0,55,0,    ,0, RJB,50,21, ,,,,,,,,
AL,14,2018100706,3, OFCL,144, 405N,  620W,50,0, EX,34, NEQ,0,0,0,0,0,0,0,60,0,    ,0, RJB,70,29, ,,,,,,,,
AL,14,2018100706,3, OFCL,168, 470N,  405W,50,0, EX,34, NEQ,0,0,0,0,0,0,0,60,0,    ,0, RJB,60,42, ,,,,,,,,
AL,14,2018100712,3, OFCL,0, 190N,  869W,30,0, TD,34, NEQ,0,0,0,0,0,0,0,40,0,    ,0, DPB,10,6, ,,,,,,,,
AL,14,2018100712,3, OFCL,3, 192N,  869W,30,1004, TD,34, NEQ,0,0,0,0,0,0,0,40,0,    ,0, DPB,360,5, ,,,,,,,,
AL,14,2018100712,3, OFCL,12, 200N,  865W,40,0, TS,34, NEQ,70,50,0,0,0,0,0,50,0,    ,0, DPB,25,6, ,,,,,,,,
AL,14,2018100712,3, OFCL,24, 215N,  865W,45,0, TS,34, NEQ,110,70,30,40,0,0,0,55,0,    ,0, DPB,360,8, ,,,,,,,,
AL,14,2018100712,3, OFCL,36, 232N,  868W,55,0, TS,34, NEQ,130,100,40,80,0,0,0,65,0,    ,0, DPB,350,9, ,,,,,,,,
AL,14,2018100712,3, OFCL,36, 232N,  868W,55,0, TS,50, NEQ,40,40,0,20,0,0,0,65,0,    ,0, DPB,350,9, ,,,,,,,,
AL,14,2018100712,3, OFCL,48, 249N,  872W,60,0, TS,34, NEQ,130,120,50,100,0,0,0,75,0,    ,0, DPB,350,9, ,,,,,,,,
AL,14,2018100712,3, OFCL,48, 249N,  872W,60,0, TS,50, NEQ,60,40,0,30,0,0,0,75,0,    ,0, DPB,350,9, ,,,,,,,,
AL,14,2018100712,3, OFCL,72, 287N,  865W,70,0, HU,34, NEQ,130,130,70,80,0,0,0,85,0,    ,0, DPB,10,10, ,,,,,,,,
AL,14,2018100712,3, OFCL,72, 287N,  865W,70,0, HU,50, NEQ,60,60,30,30,0,0,0,85,0,    ,0, DPB,10,10, ,,,,,,,,
AL,14,2018100712,3, OFCL,96, 330N,  825W,45,0, TS,34, NEQ,0,0,0,0,0,0,0,55,0,    ,0, DPB,40,14, ,,,,,,,,
AL,14,2018100712,3, OFCL,120, 378N,  730W,45,0, TS,34, NEQ,0,0,0,0,0,0,0,55,0,    ,0, DPB,55,23, ,,,,,,,,
AL,14,2018100712,3, OFCL,144, 425N,  565W,50,0, EX,34, NEQ,0,0,0,0,0,0,0,60,0,    ,0, DPB,65,34, ,,,,,,,,
AL,14,2018100712,3, OFCL,168, 500N,  370W,50,0, EX,34, NEQ,0,0,0,0,0,0,0,60,0,    ,0, DPB,55,38, ,,,,,,,,
AL,14,2018100718,3, OFCL,0, 190N,  860W,45,0, TS,34, NEQ,120,180,0,0,0,0,0,50,20,    ,0, DPB,65,7, ,,,,,,,,
AL,14,2018100718,3, OFCL,3, 192N,  855W,45,999, TS,34, NEQ,120,180,0,0,0,0,0,50,20,    ,0, DPB,20,3,           ,  ,12, NEQ,90,90,0,0, 
AL,14,2018100718,3, OFCL,12, 201N,  856W,50,0, TS,34, NEQ,120,180,0,40,0,0,0,60,20,    ,0, DPB,355,6, ,,,,,,,,
AL,14,2018100718,3, OFCL,12, 201N,  856W,50,0, TS,50, NEQ,50,50,0,0,0,0,0,60,20,    ,0, DPB,355,6, ,,,,,,,,
AL,14,2018100718,3, OFCL,24, 215N,  858W,60,0, TS,34, NEQ,120,150,30,50,0,0,0,75,20,    ,0, DPB,350,7, ,,,,,,,,
AL,14,2018100718,3, OFCL,24, 215N,  858W,60,0, TS,50, NEQ,60,60,0,20,0,0,0,75,20,    ,0, DPB,350,7, ,,,,,,,,
AL,14,2018100718,3, OFCL,36, 232N,  862W,70,0, HU,34, NEQ,140,140,40,80,0,0,0,85,20,    ,0, DPB,350,9, ,,,,,,,,
AL,14,2018100718,3, OFCL,36, 232N,  862W,70,0, HU,50, NEQ,60,60,20,40,0,0,0,85,20,    ,0, DPB,350,9, ,,,,,,,,
AL,14,2018100718,3, OFCL,36, 232N,  862W,70,0, HU,64, NEQ,25,25,0,20,0,0,0,85,20,    ,0, DPB,350,9, ,,,,,,,,
AL,14,2018100718,3, OFCL,48, 250N,  867W,80,0, HU,34, NEQ,130,130,60,100,0,0,0,100,20,    ,0, DPB,345,9, ,,,,,,,,
AL,14,2018100718,3, OFCL,48, 250N,  867W,80,0, HU,50, NEQ,60,60,30,40,0,0,0,100,20,    ,0, DPB,345,9, ,,,,,,,,
AL,14,2018100718,3, OFCL,48, 250N,  867W,80,0, HU,64, NEQ,25,25,15,25,0,0,0,100,20,    ,0, DPB,345,9, ,,,,,,,,
AL,14,2018100718,3, OFCL,72, 292N,  857W,85,0, HU,34, NEQ,130,130,70,80,0,0,0,105,20,    ,0, DPB,10,11, ,,,,,,,,
AL,14,2018100718,3, OFCL,72, 292N,  857W,85,0, HU,50, NEQ,60,60,30,40,0,0,0,105,20,    ,0, DPB,10,11, ,,,,,,,,
AL,14,2018100718,3, OFCL,96, 337N,  804W,50,0, TS,34, NEQ,0,0,0,0,0,0,0,60,20,    ,0, DPB,45,16, ,,,,,,,,
AL,14,2018100718,3, OFCL,120, 390N,  685W,55,0, TS,34, NEQ,0,0,0,0,0,0,0,65,20,    ,0, DPB,60,27, ,,,,,,,,
AL,14,2018100718,3, OFCL,144, 445N,  540W,55,0, EX,34, NEQ,0,0,0,0,0,0,0,65,20,    ,0, DPB,60,30, ,,,,,,,,
AL,14,2018100718,3, OFCL,168, 506N,  360W,50,0, EX,34, NEQ,0,0,0,0,0,0,0,60,20,    ,0, DPB,55,34, ,,,,,,,,
AL,14,2018100800,3, OFCL,0, 198N,  854W,50,0, TS,34, NEQ,120,150,90,90,0,0,0,60,0,    ,0, SRS,35,10,           ,  ,12, NEQ,90,90,0,0, 
AL,14,2018100800,3, OFCL,0, 198N,  854W,50,0, TS,50, NEQ,40,0,0,0,0,0,0,60,0,    ,0, SRS,35,10,           ,  ,12, NEQ,90,90,0,0, 
AL,14,2018100800,3, OFCL,3, 200N,  854W,50,997, TS,34, NEQ,120,150,90,90,0,0,0,60,0,    ,0, SRS,5,4,           ,  ,12, NEQ,120,90,0,0, 
AL,14,2018100800,3, OFCL,3, 200N,  854W,50,997, TS,50, NEQ,40,0,0,0,0,0,0,60,0,    ,0, SRS,5,4,           ,  ,12, NEQ,120,90,0,0, 
AL,14,2018100800,3, OFCL,12, 211N,  853W,60,0, TS,34, NEQ,120,150,90,90,0,0,0,75,0,    ,0, SRS,5,7, ,,,,,,,,
AL,14,2018100800,3, OFCL,12, 211N,  853W,60,0, TS,50, NEQ,40,40,0,0,0,0,0,75,0,    ,0, SRS,5,7, ,,,,,,,,
AL,14,2018100800,3, OFCL,24, 227N,  856W,65,0, HU,34, NEQ,130,140,90,90,0,0,0,80,0,    ,0, SRS,350,8, ,,,,,,,,
AL,14,2018100800,3, OFCL,24, 227N,  856W,65,0, HU,50, NEQ,50,50,0,0,0,0,0,80,0,    ,0, SRS,350,8, ,,,,,,,,
AL,14,2018100800,3, OFCL,24, 227N,  856W,65,0, HU,64, NEQ,20,20,0,0,0,0,0,80,0,    ,0, SRS,350,8, ,,,,,,,,
AL,14,2018100800,3, OFCL,36, 244N,  860W,75,0, HU,34, NEQ,130,130,80,90,0,0,0,90,0,    ,0, SRS,350,9, ,,,,,,,,
AL,14,2018100800,3, OFCL,36, 244N,  860W,75,0, HU,50, NEQ,50,50,0,0,0,0,0,90,0,    ,0, SRS,350,9, ,,,,,,,,
AL,14,2018100800,3, OFCL,36, 244N,  860W,75,0, HU,64, NEQ,20,20,0,0,0,0,0,90,0,    ,0, SRS,350,9, ,,,,,,,,
AL,14,2018100800,3, OFCL,48, 263N,  861W,85,0, HU,34, NEQ,130,130,70,90,0,0,0,105,0,    ,0, SRS,355,10, ,,,,,,,,
AL,14,2018100800,3, OFCL,48, 263N,  861W,85,0, HU,50, NEQ,60,60,30,40,0,0,0,105,0,    ,0, SRS,355,10, ,,,,,,,,
AL,14,2018100800,3, OFCL,48, 263N,  861W,85,0, HU,64, NEQ,25,25,15,25,0,0,0,105,0,    ,0, SRS,355,10, ,,,,,,,,
AL,14,2018100800,3, OFCL,72, 304N,  845W,75,0, HU,34, NEQ,130,130,70,80,0,0,0,90,0,    ,0, SRS,20,11, ,,,,,,,,
AL,14,2018100800,3, OFCL,72, 304N,  845W,75,0, HU,50, NEQ,60,60,30,40,0,0,0,90,0,    ,0, SRS,20,11, ,,,,,,,,
AL,14,2018100800,3, OFCL,96, 349N,  784W,55,0, TS,34, NEQ,0,0,0,0,0,0,0,65,0,    ,0, SRS,45,17, ,,,,,,,,
AL,14,2018100800,3, OFCL,120, 407N,  644W,55,0, TS,34, NEQ,0,0,0,0,0,0,0,65,0,    ,0, SRS,60,31, ,,,,,,,,
AL,14,2018100800,3, OFCL,144, 466N,  493W,55,0, EX,34, NEQ,0,0,0,0,0,0,0,65,0,    ,0, SRS,55,31, ,,,,,,,,
AL,14,2018100800,3, OFCL,168, 530N,  321W,50,0, EX,34, NEQ,0,0,0,0,0,0,0,60,0,    ,0, SRS,55,32, ,,,,,,,,
AL,14,2018100806,3, OFCL,0, 202N,  855W,60,0, TS,34, NEQ,120,150,90,100,0,0,0,75,0,    ,0, RJB,350,5,           ,  ,12, NEQ,120,90,0,0, 
AL,14,2018100806,3, OFCL,0, 202N,  855W,60,0, TS,50, NEQ,80,80,0,0,0,0,0,75,0,    ,0, RJB,350,5,           ,  ,12, NEQ,120,90,0,0, 
AL,14,2018100806,3, OFCL,3, 206N,  855W,60,983, TS,34, NEQ,120,150,90,100,0,0,0,75,0,    ,0, RJB,360,6,           ,  ,12, NEQ,135,120,30,60, 
AL,14,2018100806,3, OFCL,3, 206N,  855W,60,983, TS,50, NEQ,80,80,0,0,0,0,0,75,0,    ,0, RJB,360,6,           ,  ,12, NEQ,135,120,30,60, 
AL,14,2018100806,3, OFCL,12, 217N,  856W,70,0, HU,34, NEQ,130,150,90,120,0,0,0,85,0,    ,0, RJB,355,7, ,,,,,,,,
AL,14,2018100806,3, OFCL,12, 217N,  856W,70,0, HU,50, NEQ,90,90,30,30,0,0,0,85,0,    ,0, RJB,355,7, ,,,,,,,,
AL,14,2018100806,3, OFCL,12, 217N,  856W,70,0, HU,64, NEQ,30,30,0,0,0,0,0,85,0,    ,0, RJB,355,7, ,,,,,,,,
AL,14,2018100806,3, OFCL,24, 235N,  861W,85,0, HU,34, NEQ,130,140,90,130,0,0,0,105,0,    ,0, RJB,345,9, ,,,,,,,,
AL,14,2018100806,3, OFCL,24, 235N,  861W,85,0, HU,50, NEQ,80,80,30,30,0,0,0,105,0,    ,0, RJB,345,9, ,,,,,,,,
AL,14,2018100806,3, OFCL,24, 235N,  861W,85,0, HU,64, NEQ,30,30,15,15,0,0,0,105,0,    ,0, RJB,345,9, ,,,,,,,,
AL,14,2018100806,3, OFCL,36, 252N,  867W,90,0, HU,34, NEQ,140,140,90,120,0,0,0,110,0,    ,0, RJB,340,9, ,,,,,,,,
AL,14,2018100806,3, OFCL,36, 252N,  867W,90,0, HU,50, NEQ,60,60,30,40,0,0,0,110,0,    ,0, RJB,340,9, ,,,,,,,,
AL,14,2018100806,3, OFCL,36, 252N,  867W,90,0, HU,64, NEQ,35,30,15,20,0,0,0,110,0,    ,0, RJB,340,9, ,,,,,,,,
AL,14,2018100806,3, OFCL,48, 272N,  867W,95,0, HU,34, NEQ,130,140,90,90,0,0,0,115,0,    ,0, RJB,360,10, ,,,,,,,,
AL,14,2018100806,3, OFCL,48, 272N,  867W,95,0, HU,50, NEQ,60,70,40,40,0,0,0,115,0,    ,0, RJB,360,10, ,,,,,,,,
AL,14,2018100806,3, OFCL,48, 272N,  867W,95,0, HU,64, NEQ,35,30,20,20,0,0,0,115,0,    ,0, RJB,360,10, ,,,,,,,,
AL,14,2018100806,3, OFCL,72, 312N,  845W,55,0, TS,34, NEQ,90,100,60,50,0,0,0,65,0,    ,0, RJB,25,11, ,,,,,,,,
AL,14,2018100806,3, OFCL,72, 312N,  845W,55,0, TS,50, NEQ,40,50,30,0,0,0,0,65,0,    ,0, RJB,25,11, ,,,,,,,,
AL,14,2018100806,3, OFCL,96, 355N,  775W,50,0, TS,34, NEQ,0,0,0,0,0,0,0,60,0,    ,0, RJB,50,18, ,,,,,,,,
AL,14,2018100806,3, OFCL,120, 405N,  645W,50,0, EX,34, NEQ,0,0,0,0,0,0,0,60,0,    ,0, RJB,60,28, ,,,,,,,,
AL,14,2018100806,3, OFCL,144, 475N,  480W,50,0, EX,34, NEQ,0,0,0,0,0,0,0,60,0,    ,0, RJB,55,34, ,,,,,,,,
AL,14,2018100806,3, OFCL,168, 540N,  345W,50,0, EX,34, NEQ,0,0,0,0,0,0,0,60,0,    ,0, RJB,50,27, ,,,,,,,,
AL,14,2018100812,3, OFCL,0, 209N,  851W,65,0, HU,34, NEQ,120,150,90,90,0,0,0,80,0,    ,0, DPB,20,8,           ,  ,12, NEQ,135,120,30,60, 
AL,14,2018100812,3, OFCL,0, 209N,  851W,65,0, HU,50, NEQ,70,50,20,30,0,0,0,80,0,    ,0, DPB,20,8,           ,  ,12, NEQ,135,120,30,60, 
AL,14,2018100812,3, OFCL,0, 209N,  851W,65,0, HU,64, NEQ,25,0,0,0,0,0,0,80,0,    ,0, DPB,20,8,           ,  ,12, NEQ,135,120,30,60, 
AL,14,2018100812,3, OFCL,3, 212N,  849W,65,983, HU,34, NEQ,120,150,90,90,0,0,0,80,0,    ,0, DPB,10,6,           ,  ,12, NEQ,135,135,60,120, 
AL,14,2018100812,3, OFCL,3, 212N,  849W,65,983, HU,50, NEQ,70,50,20,30,0,0,0,80,0,    ,0, DPB,10,6,           ,  ,12, NEQ,135,135,60,120, 
AL,14,2018100812,3, OFCL,3, 212N,  849W,65,983, HU,64, NEQ,25,0,0,0,0,0,0,80,0,    ,0, DPB,10,6,           ,  ,12, NEQ,135,135,60,120, 
AL,14,2018100812,3, OFCL,12, 226N,  853W,85,0, HU,34, NEQ,130,150,90,100,0,0,0,105,0,    ,0, DPB,345,10, ,,,,,,,,
AL,14,2018100812,3, OFCL,12, 226N,  853W,85,0, HU,50, NEQ,70,60,30,30,0,0,0,105,0,    ,0, DPB,345,10, ,,,,,,,,
AL,14,2018100812,3, OFCL,12, 226N,  853W,85,0, HU,64, NEQ,30,20,0,20,0,0,0,105,0,    ,0, DPB,345,10, ,,,,,,,,
AL,14,2018100812,3, OFCL,24, 244N,  859W,95,0, HU,34, NEQ,130,140,90,120,0,0,0,115,0,    ,0, DPB,345,9, ,,,,,,,,
AL,14,2018100812,3, OFCL,24, 244N,  859W,95,0, HU,50, NEQ,70,70,30,40,0,0,0,115,0,    ,0, DPB,345,9, ,,,,,,,,
AL,14,2018100812,3, OFCL,24, 244N,  859W,95,0, HU,64, NEQ,30,30,20,20,0,0,0,115,0,    ,0, DPB,345,9, ,,,,,,,,
AL,14,2018100812,3, OFCL,36, 264N,  864W,105,0, HU,34, NEQ,130,140,90,120,0,0,0,130,0,    ,0, DPB,345,10, ,,,,,,,,
AL,14,2018100812,3, OFCL,36, 264N,  864W,105,0, HU,50, NEQ,70,70,30,40,0,0,0,130,0,    ,0, DPB,345,10, ,,,,,,,,
AL,14,2018100812,3, OFCL,36, 264N,  864W,105,0, HU,64, NEQ,35,30,20,20,0,0,0,130,0,    ,0, DPB,345,10, ,,,,,,,,
AL,14,2018100812,3, OFCL,48, 286N,  861W,105,0, HU,34, NEQ,130,140,90,100,0,0,0,130,0,    ,0, DPB,5,11, ,,,,,,,,
AL,14,2018100812,3, OFCL,48, 286N,  861W,105,0, HU,50, NEQ,60,70,40,40,0,0,0,130,0,    ,0, DPB,5,11, ,,,,,,,,
AL,14,2018100812,3, OFCL,48, 286N,  861W,105,0, HU,64, NEQ,35,30,20,20,0,0,0,130,0,    ,0, DPB,5,11, ,,,,,,,,
AL,14,2018100812,3, OFCL,72, 330N,  825W,45,0, TS,34, NEQ,90,140,60,50,0,0,0,55,0,    ,0, DPB,35,13, ,,,,,,,,
AL,14,2018100812,3, OFCL,96, 378N,  736W,50,0, TS,34, NEQ,0,0,0,0,0,0,0,60,0,    ,0, DPB,55,22, ,,,,,,,,
AL,14,2018100812,3, OFCL,120, 428N,  590W,55,0, EX,34, NEQ,0,0,0,0,0,0,0,65,0,    ,0, DPB,60,30, ,,,,,,,,
AL,14,2018100812,3, OFCL,144, 490N,  415W,50,0, EX,34, NEQ,0,0,0,0,0,0,0,60,0,    ,0, DPB,55,34, ,,,,,,,,
AL,14,2018100812,3, OFCL,168, 555N,  295W,50,0, EX,34, NEQ,0,0,0,0,0,0,0,60,0,    ,0, DPB,45,24, ,,,,,,,,
AL,14,2018100818,3, OFCL,0, 217N,  851W,70,0, HU,34, NEQ,120,150,80,90,0,0,0,85,0,    ,0, DPB,360,8,           ,  ,12, NEQ,135,135,60,120, 
AL,14,2018100818,3, OFCL,0, 217N,  851W,70,0, HU,50, NEQ,60,50,20,50,0,0,0,85,0,    ,0, DPB,360,8,           ,  ,12, NEQ,135,135,60,120, 
AL,14,2018100818,3, OFCL,0, 217N,  851W,70,0, HU,64, NEQ,30,0,0,25,0,0,0,85,0,    ,0, DPB,360,8,           ,  ,12, NEQ,135,135,60,120, 
AL,14,2018100818,3, OFCL,3, 222N,  852W,70,978, HU,34, NEQ,120,150,80,90,0,0,0,85,0,    ,0, DPB,355,8,           ,  ,12, NEQ,90,150,60,240, 
AL,14,2018100818,3, OFCL,3, 222N,  852W,70,978, HU,50, NEQ,60,50,20,50,0,0,0,85,0,    ,0, DPB,355,8,           ,  ,12, NEQ,90,150,60,240, 
AL,14,2018100818,3, OFCL,3, 222N,  852W,70,978, HU,64, NEQ,30,0,0,25,0,0,0,85,0,    ,0, DPB,355,8,           ,  ,12, NEQ,90,150,60,240, 
AL,14,2018100818,3, OFCL,12, 237N,  857W,85,0, HU,34, NEQ,130,150,90,100,0,0,0,105,0,    ,0, DPB,345,10, ,,,,,,,,
AL,14,2018100818,3, OFCL,12, 237N,  857W,85,0, HU,50, NEQ,60,60,40,50,0,0,0,105,0,    ,0, DPB,345,10, ,,,,,,,,
AL,14,2018100818,3, OFCL,12, 237N,  857W,85,0, HU,64, NEQ,30,25,20,25,0,0,0,105,0,    ,0, DPB,345,10, ,,,,,,,,
AL,14,2018100818,3, OFCL,24, 257N,  864W,95,0, HU,34, NEQ,130,140,90,110,0,0,0,115,0,    ,0, DPB,345,10, ,,,,,,,,
AL,14,2018100818,3, OFCL,24, 257N,  864W,95,0, HU,50, NEQ,60,60,40,50,0,0,0,115,0,    ,0, DPB,345,10, ,,,,,,,,
AL,14,2018100818,3, OFCL,24, 257N,  864W,95,0, HU,64, NEQ,30,30,20,25,0,0,0,115,0,    ,0, DPB,345,10, ,,,,,,,,
AL,14,2018100818,3, OFCL,36, 279N,  866W,105,0, HU,34, NEQ,130,140,90,120,0,0,0,130,0,    ,0, DPB,355,11, ,,,,,,,,
AL,14,2018100818,3, OFCL,36, 279N,  866W,105,0, HU,50, NEQ,70,70,40,50,0,0,0,130,0,    ,0, DPB,355,11, ,,,,,,,,
AL,14,2018100818,3, OFCL,36, 279N,  866W,105,0, HU,64, NEQ,35,30,20,30,0,0,0,130,0,    ,0, DPB,355,11, ,,,,,,,,
AL,14,2018100818,3, OFCL,48, 302N,  858W,100,0, HU,34, NEQ,100,140,90,100,0,0,0,120,0,    ,0, DPB,15,12, ,,,,,,,,
AL,14,2018100818,3, OFCL,48, 302N,  858W,100,0, HU,50, NEQ,50,70,40,50,0,0,0,120,0,    ,0, DPB,15,12, ,,,,,,,,
AL,14,2018100818,3, OFCL,48, 302N,  858W,100,0, HU,64, NEQ,35,30,20,30,0,0,0,120,0,    ,0, DPB,15,12, ,,,,,,,,
AL,14,2018100818,3, OFCL,72, 345N,  805W,45,0, TS,34, NEQ,70,140,50,50,0,0,0,55,0,    ,0, DPB,45,16, ,,,,,,,,
AL,14,2018100818,3, OFCL,96, 398N,  688W,55,0, TS,34, NEQ,0,0,0,0,0,0,0,65,0,    ,0, DPB,55,27, ,,,,,,,,
AL,14,2018100818,3, OFCL,120, 462N,  500W,60,0, EX,34, NEQ,0,0,0,0,0,0,0,75,0,    ,0, DPB,60,38, ,,,,,,,,
AL,14,2018100818,3, OFCL,144, 520N,  350W,50,0, EX,34, NEQ,0,0,0,0,0,0,0,60,0,    ,0, DPB,55,28, ,,,,,,,,
AL,14,2018100818,3, OFCL,168, 570N,  230W,45,0, EX,34, NEQ,0,0,0,0,0,0,0,55,0,    ,0, DPB,50,21, ,,,,,,,,
AL,14,2018100900,3, OFCL,0, 227N,  852W,75,0, HU,34, NEQ,150,150,80,110,0,0,0,90,0,    ,0, SRS,355,10,           ,  ,12, NEQ,150,150,90,210, 
AL,14,2018100900,3, OFCL,0, 227N,  852W,75,0, HU,50, NEQ,60,50,40,50,0,0,0,90,0,    ,0, SRS,355,10,           ,  ,12, NEQ,150,150,90,210, 
AL,14,2018100900,3, OFCL,0, 227N,  852W,75,0, HU,64, NEQ,30,30,25,30,0,0,0,90,0,    ,0, SRS,355,10,           ,  ,12, NEQ,150,150,90,210, 
AL,14,2018100900,3, OFCL,3, 232N,  853W,80,970, HU,34, NEQ,150,150,80,110,0,0,0,100,0,    ,0, SRS,350,10,           ,  ,12, NEQ,150,150,90,210, 
AL,14,2018100900,3, OFCL,3, 232N,  853W,80,970, HU,50, NEQ,60,50,40,50,0,0,0,100,0,    ,0, SRS,350,10,           ,  ,12, NEQ,150,150,90,210, 
AL,14,2018100900,3, OFCL,3, 232N,  853W,80,970, HU,64, NEQ,30,30,25,30,0,0,0,100,0,    ,0, SRS,350,10,           ,  ,12, NEQ,150,150,90,210, 
AL,14,2018100900,3, OFCL,12, 247N,  859W,90,0, HU,34, NEQ,150,150,90,110,0,0,0,110,0,    ,0, SRS,340,11, ,,,,,,,,
AL,14,2018100900,3, OFCL,12, 247N,  859W,90,0, HU,50, NEQ,60,60,40,50,0,0,0,110,0,    ,0, SRS,340,11, ,,,,,,,,
AL,14,2018100900,3, OFCL,12, 247N,  859W,90,0, HU,64, NEQ,30,30,25,30,0,0,0,110,0,    ,0, SRS,340,11, ,,,,,,,,
AL,14,2018100900,3, OFCL,24, 268N,  863W,100,0, HU,34, NEQ,150,150,90,110,0,0,0,120,0,    ,0, SRS,350,11, ,,,,,,,,
AL,14,2018100900,3, OFCL,24, 268N,  863W,100,0, HU,50, NEQ,60,60,40,50,0,0,0,120,0,    ,0, SRS,350,11, ,,,,,,,,
AL,14,2018100900,3, OFCL,24, 268N,  863W,100,0, HU,64, NEQ,30,30,25,30,0,0,0,120,0,    ,0, SRS,350,11, ,,,,,,,,
AL,14,2018100900,3, OFCL,36, 291N,  859W,105,0, HU,34, NEQ,150,150,90,110,0,0,0,130,0,    ,0, SRS,10,12, ,,,,,,,,
AL,14,2018100900,3, OFCL,36, 291N,  859W,105,0, HU,50, NEQ,60,60,40,50,0,0,0,130,0,    ,0, SRS,10,12, ,,,,,,,,
AL,14,2018100900,3, OFCL,36, 291N,  859W,105,0, HU,64, NEQ,30,30,25,30,0,0,0,130,0,    ,0, SRS,10,12, ,,,,,,,,
AL,14,2018100900,3, OFCL,48, 314N,  844W,55,0, TS,34, NEQ,90,140,80,80,0,0,0,65,0,    ,0, SRS,30,13, ,,,,,,,,
AL,14,2018100900,3, OFCL,48, 314N,  844W,55,0, TS,50, NEQ,40,60,40,40,0,0,0,65,0,    ,0, SRS,30,13, ,,,,,,,,
AL,14,2018100900,3, OFCL,72, 359N,  773W,45,0, TS,34, NEQ,70,140,50,50,0,0,0,55,0,    ,0, SRS,50,19, ,,,,,,,,
AL,14,2018100900,3, OFCL,96, 415N,  638W,55,0, EX,34, NEQ,0,0,0,0,0,0,0,65,0,    ,0, SRS,60,30, ,,,,,,,,
AL,14,2018100900,3, OFCL,120, 478N,  460W,55,0, EX,34, NEQ,0,0,0,0,0,0,0,65,0,    ,0, SRS,55,35, ,,,,,,,,
AL,14,2018100900,3, OFCL,144, 532N,  319W,45,0, EX,34, NEQ,0,0,0,0,0,0,0,55,0,    ,0, SRS,55,26, ,,,,,,,,
AL,14,2018100900,3, OFCL,168, 576N,  190W,45,0, EX,34, NEQ,0,0,0,0,0,0,0,55,0,    ,0, SRS,55,21, ,,,,,,,,
AL,14,2018100906,3, OFCL,0, 236N,  857W,80,0, HU,34, NEQ,170,130,70,140,0,0,0,100,0,    ,0, JLB,345,10,           ,  ,12, NEQ,150,150,90,210, 
AL,14,2018100906,3, OFCL,0, 236N,  857W,80,0, HU,50, NEQ,70,50,30,50,0,0,0,100,0,    ,0, JLB,345,10,           ,  ,12, NEQ,150,150,90,210, 
AL,14,2018100906,3, OFCL,0, 236N,  857W,80,0, HU,64, NEQ,35,30,20,30,0,0,0,100,0,    ,0, JLB,345,10,           ,  ,12, NEQ,150,150,90,210, 
AL,14,2018100906,3, OFCL,3, 241N,  859W,80,973, HU,34, NEQ,170,130,70,140,0,0,0,100,0,    ,0, JLB,345,10,           ,  ,12, NEQ,180,150,120,240, 
AL,14,2018100906,3, OFCL,3, 241N,  859W,80,973, HU,50, NEQ,70,50,30,50,0,0,0,100,0,    ,0, JLB,345,10,           ,  ,12, NEQ,180,150,120,240, 
AL,14,2018100906,3, OFCL,3, 241N,  859W,80,973, HU,64, NEQ,35,30,20,30,0,0,0,100,0,    ,0, JLB,345,10,           ,  ,12, NEQ,180,150,120,240, 
AL,14,2018100906,3, OFCL,12, 257N,  863W,90,0, HU,34, NEQ,170,130,80,140,0,0,0,110,0,    ,0, JLB,345,11, ,,,,,,,,
AL,14,2018100906,3, OFCL,12, 257N,  863W,90,0, HU,50, NEQ,70,60,40,50,0,0,0,110,0,    ,0, JLB,345,11, ,,,,,,,,
AL,14,2018100906,3, OFCL,12, 257N,  863W,90,0, HU,64, NEQ,35,30,25,30,0,0,0,110,0,    ,0, JLB,345,11, ,,,,,,,,
AL,14,2018100906,3, OFCL,24, 279N,  864W,100,0, HU,34, NEQ,160,140,90,130,0,0,0,120,0,    ,0, JLB,360,11, ,,,,,,,,
AL,14,2018100906,3, OFCL,24, 279N,  864W,100,0, HU,50, NEQ,70,60,40,50,0,0,0,120,0,    ,0, JLB,360,11, ,,,,,,,,
AL,14,2018100906,3, OFCL,24, 279N,  864W,100,0, HU,64, NEQ,35,30,25,30,0,0,0,120,0,    ,0, JLB,360,11, ,,,,,,,,
AL,14,2018100906,3, OFCL,36, 299N,  856W,105,0, HU,34, NEQ,120,150,90,120,0,0,0,130,0,    ,0, JLB,20,11, ,,,,,,,,
AL,14,2018100906,3, OFCL,36, 299N,  856W,105,0, HU,50, NEQ,50,60,40,50,0,0,0,130,0,    ,0, JLB,20,11, ,,,,,,,,
AL,14,2018100906,3, OFCL,36, 299N,  856W,105,0, HU,64, NEQ,35,30,25,30,0,0,0,130,0,    ,0, JLB,20,11, ,,,,,,,,
AL,14,2018100906,3, OFCL,48, 323N,  834W,50,0, TS,34, NEQ,80,140,80,50,0,0,0,60,0,    ,0, JLB,40,15, ,,,,,,,,
AL,14,2018100906,3, OFCL,48, 323N,  834W,50,0, TS,50, NEQ,30,50,30,30,0,0,0,60,0,    ,0, JLB,40,15, ,,,,,,,,
AL,14,2018100906,3, OFCL,72, 365N,  755W,45,0, TS,34, NEQ,90,140,90,60,0,0,0,55,0,    ,0, JLB,55,19, ,,,,,,,,
AL,14,2018100906,3, OFCL,96, 425N,  605W,60,0, EX,34, NEQ,0,0,0,0,0,0,0,75,0,    ,0, JLB,60,33, ,,,,,,,,
AL,14,2018100906,3, OFCL,120, 490N,  405W,55,0, EX,34, NEQ,0,0,0,0,0,0,0,65,0,    ,0, JLB,60,38, ,,,,,,,,
AL,14,2018100906,3, OFCL,144, 545N,  260W,50,0, EX,34, NEQ,0,0,0,0,0,0,0,60,0,    ,0, JLB,55,26, ,,,,,,,,
AL,14,2018100906,3, OFCL,168, 575N,  150W,45,0, EX,34, NEQ,0,0,0,0,0,0,0,55,0,    ,0, JLB,60,17, ,,,,,,,,
AL,14,2018100912,3, OFCL,0, 246N,  861W,90,0, HU,34, NEQ,160,130,60,140,0,0,0,110,25,    ,0, DPB,340,11,           ,  ,12, NEQ,180,150,120,240, 
AL,14,2018100912,3, OFCL,0, 246N,  861W,90,0, HU,50, NEQ,60,50,30,50,0,0,0,110,25,    ,0, DPB,340,11,           ,  ,12, NEQ,180,150,120,240, 
AL,14,2018100912,3, OFCL,0, 246N,  861W,90,0, HU,64, NEQ,30,30,20,30,0,0,0,110,25,    ,0, DPB,340,11,           ,  ,12, NEQ,180,150,120,240, 
AL,14,2018100912,3, OFCL,3, 250N,  862W,95,965, HU,34, NEQ,160,130,60,140,0,0,0,115,25,    ,0, DPB,350,10,           ,  ,12, NEQ,270,150,150,300, 
AL,14,2018100912,3, OFCL,3, 250N,  862W,95,965, HU,50, NEQ,60,50,30,50,0,0,0,115,25,    ,0, DPB,350,10,           ,  ,12, NEQ,270,150,150,300, 
AL,14,2018100912,3, OFCL,3, 250N,  862W,95,965, HU,64, NEQ,30,30,20,30,0,0,0,115,25,    ,0, DPB,350,10,           ,  ,12, NEQ,270,150,150,300, 
AL,14,2018100912,3, OFCL,12, 267N,  865W,105,0, HU,34, NEQ,160,130,70,140,0,0,0,130,25,    ,0, DPB,350,11, ,,,,,,,,
AL,14,2018100912,3, OFCL,12, 267N,  865W,105,0, HU,50, NEQ,70,60,40,50,0,0,0,130,25,    ,0, DPB,350,11, ,,,,,,,,
AL,14,2018100912,3, OFCL,12, 267N,  865W,105,0, HU,64, NEQ,35,30,25,30,0,0,0,130,25,    ,0, DPB,350,11, ,,,,,,,,
AL,14,2018100912,3, OFCL,24, 288N,  863W,110,0, HU,34, NEQ,160,140,90,130,0,0,0,135,25,    ,0, DPB,5,11, ,,,,,,,,
AL,14,2018100912,3, OFCL,24, 288N,  863W,110,0, HU,50, NEQ,70,60,40,50,0,0,0,135,25,    ,0, DPB,5,11, ,,,,,,,,
AL,14,2018100912,3, OFCL,24, 288N,  863W,110,0, HU,64, NEQ,35,30,25,30,0,0,0,135,25,    ,0, DPB,5,11, ,,,,,,,,
AL,14,2018100912,3, OFCL,36, 308N,  851W,75,0, HU,34, NEQ,110,150,90,90,0,0,0,90,25,    ,0, DPB,25,11, ,,,,,,,,
AL,14,2018100912,3, OFCL,36, 308N,  851W,75,0, HU,50, NEQ,40,50,30,30,0,0,0,90,25,    ,0, DPB,25,11, ,,,,,,,,
AL,14,2018100912,3, OFCL,36, 308N,  851W,75,0, HU,64, NEQ,25,30,20,15,0,0,0,90,25,    ,0, DPB,25,11, ,,,,,,,,
AL,14,2018100912,3, OFCL,48, 330N,  825W,45,0, TS,34, NEQ,70,140,60,50,0,0,0,55,25,    ,0, DPB,45,16, ,,,,,,,,
AL,14,2018100912,3, OFCL,72, 375N,  740W,50,0, TS,34, NEQ,120,180,90,60,0,0,0,60,25,    ,0, DPB,55,21, ,,,,,,,,
AL,14,2018100912,3, OFCL,72, 375N,  740W,50,0, TS,50, NEQ,0,70,60,0,0,0,0,60,25,    ,0, DPB,55,21, ,,,,,,,,
AL,14,2018100912,3, OFCL,96, 440N,  560W,60,0, EX,34, NEQ,0,0,0,0,0,0,0,75,25,    ,0, DPB,60,38, ,,,,,,,,
AL,14,2018100912,3, OFCL,120, 500N,  380W,55,0, EX,34, NEQ,0,0,0,0,0,0,0,65,25,    ,0, DPB,60,34, ,,,,,,,,
AL,14,2018100912,3, OFCL,144, 550N,  250W,45,0, EX,34, NEQ,0,0,0,0,0,0,0,55,25,    ,0, DPB,55,23, ,,,,,,,,
AL,14,2018100918,3, OFCL,0, 255N,  864W,105,0, HU,34, NEQ,150,140,70,140,0,0,0,130,20,    ,0, DPB,345,9,           ,  ,12, NEQ,270,150,150,300, 
AL,14,2018100918,3, OFCL,0, 255N,  864W,105,0, HU,50, NEQ,70,50,30,50,0,0,0,130,20,    ,0, DPB,345,9,           ,  ,12, NEQ,270,150,150,300, 
AL,14,2018100918,3, OFCL,0, 255N,  864W,105,0, HU,64, NEQ,40,30,20,30,0,0,0,130,20,    ,0, DPB,345,9,           ,  ,12, NEQ,270,150,150,300, 
AL,14,2018100918,3, OFCL,3, 260N,  864W,105,957, HU,34, NEQ,150,140,70,140,0,0,0,130,20,    ,0, DPB,350,10,           ,  ,12, NEQ,240,180,210,270, 
AL,14,2018100918,3, OFCL,3, 260N,  864W,105,957, HU,50, NEQ,70,50,30,50,0,0,0,130,20,    ,0, DPB,350,10,           ,  ,12, NEQ,240,180,210,270, 
AL,14,2018100918,3, OFCL,3, 260N,  864W,105,957, HU,64, NEQ,40,30,20,30,0,0,0,130,20,    ,0, DPB,350,10,           ,  ,12, NEQ,240,180,210,270, 
AL,14,2018100918,3, OFCL,12, 276N,  866W,110,0, HU,34, NEQ,150,140,70,140,0,0,0,135,20,    ,0, DPB,355,11, ,,,,,,,,
AL,14,2018100918,3, OFCL,12, 276N,  866W,110,0, HU,50, NEQ,70,60,40,50,0,0,0,135,20,    ,0, DPB,355,11, ,,,,,,,,
AL,14,2018100918,3, OFCL,12, 276N,  866W,110,0, HU,64, NEQ,35,30,25,30,0,0,0,135,20,    ,0, DPB,355,11, ,,,,,,,,
AL,14,2018100918,3, OFCL,24, 297N,  859W,110,0, HU,34, NEQ,130,140,90,130,0,0,0,135,20,    ,0, DPB,15,11, ,,,,,,,,
AL,14,2018100918,3, OFCL,24, 297N,  859W,110,0, HU,50, NEQ,60,60,40,50,0,0,0,135,20,    ,0, DPB,15,11, ,,,,,,,,
AL,14,2018100918,3, OFCL,24, 297N,  859W,110,0, HU,64, NEQ,35,30,25,30,0,0,0,135,20,    ,0, DPB,15,11, ,,,,,,,,
AL,14,2018100918,3, OFCL,36, 318N,  841W,60,0, TS,34, NEQ,90,120,60,60,0,0,0,75,20,    ,0, DPB,35,13, ,,,,,,,,
AL,14,2018100918,3, OFCL,36, 318N,  841W,60,0, TS,50, NEQ,40,40,20,20,0,0,0,75,20,    ,0, DPB,35,13, ,,,,,,,,
AL,14,2018100918,3, OFCL,48, 339N,  810W,45,0, TS,34, NEQ,50,140,40,40,0,0,0,55,20,    ,0, DPB,50,17, ,,,,,,,,
AL,14,2018100918,3, OFCL,72, 390N,  700W,55,0, TS,34, NEQ,150,240,180,70,0,0,0,65,20,    ,0, DPB,55,26, ,,,,,,,,
AL,14,2018100918,3, OFCL,72, 390N,  700W,55,0, TS,50, NEQ,0,90,90,0,0,0,0,65,20,    ,0, DPB,55,26, ,,,,,,,,
AL,14,2018100918,3, OFCL,96, 455N,  510W,55,0, EX,34, NEQ,0,0,0,0,0,0,0,65,20,    ,0, DPB,60,39, ,,,,,,,,
AL,14,2018100918,3, OFCL,120, 500N,  300W,45,0, EX,34, NEQ,0,0,0,0,0,0,0,55,20,    ,0, DPB,65,37, ,,,,,,,,
AL,14,2018101000,3, OFCL,0, 266N,  865W,110,0, HU,34, NEQ,150,140,70,140,0,0,0,135,0,    ,0,    ,0,0,           ,  ,12, NEQ,180,180,150,240, 
AL,14,2018101000,3, OFCL,0, 266N,  865W,110,0, HU,50, NEQ,70,60,30,50,0,0,0,135,0,    ,0,    ,0,0,           ,  ,12, NEQ,180,180,150,240, 
AL,14,2018101000,3, OFCL,0, 266N,  865W,110,0, HU,64, NEQ,40,30,20,30,0,0,0,135,0,    ,0,    ,0,0,           ,  ,12, NEQ,180,180,150,240, 
AL,14,2018101000,3, OFCL,3, 271N,  865W,110,0, HU,34, NEQ,150,140,70,140,0,0,0,135,0,    ,0,    ,0,0,           ,  ,12, NEQ,180,180,150,240, 
AL,14,2018101000,3, OFCL,3, 271N,  865W,110,0, HU,50, NEQ,70,60,30,50,0,0,0,135,0,    ,0,    ,0,0,           ,  ,12, NEQ,180,180,150,240, 
AL,14,2018101000,3, OFCL,3, 271N,  865W,110,0, HU,64, NEQ,40,30,20,30,0,0,0,135,0,    ,0,    ,0,0,           ,  ,12, NEQ,180,180,150,240, 
AL,14,2018101000,3, OFCL,12, 287N,  862W,115,0, HU,34, NEQ,150,140,70,140,0,0,0,140,0, ,,,,,,,,,,,,,
AL,14,2018101000,3, OFCL,12, 287N,  862W,115,0, HU,50, NEQ,70,70,40,50,0,0,0,140,0, ,,,,,,,,,,,,,
AL,14,2018101000,3, OFCL,12, 287N,  862W,115,0, HU,64, NEQ,35,30,25,30,0,0,0,140,0, ,,,,,,,,,,,,,
AL,14,2018101000,3, OFCL,24, 308N,  849W,70,0, HU,34, NEQ,120,140,90,90,0,0,0,85,0, ,,,,,,,,,,,,,
AL,14,2018101000,3, OFCL,24, 308N,  849W,70,0, HU,50, NEQ,50,60,40,40,0,0,0,85,0, ,,,,,,,,,,,,,
AL,14,2018101000,3, OFCL,24, 308N,  849W,70,0, HU,64, NEQ,35,30,25,30,0,0,0,85,0, ,,,,,,,,,,,,,
AL,14,2018101000,3, OFCL,36, 330N,  824W,40,0, TS,34, NEQ,90,120,60,60,0,0,0,50,0, ,,,,,,,,,,,,,
AL,14,2018101000,3, OFCL,48, 352N,  786W,40,0, TS,34, NEQ,50,140,40,40,0,0,0,50,0, ,,,,,,,,,,,,,
AL,14,2018101000,3, OFCL,72, 408N,  651W,50,0, EX,34, NEQ,150,240,180,70,0,0,0,60,0, ,,,,,,,,,,,,,
AL,14,2018101000,3, OFCL,72, 408N,  651W,50,0, EX,50, NEQ,0,90,90,0,0,0,0,60,0, ,,,,,,,,,,,,,
AL,14,2018101000,3, OFCL,96, 472N,  448W,55,0, EX,34, NEQ,0,0,0,0,0,0,0,65,0, ,,,,,,,,,,,,,
AL,14,2018101000,3, OFCL,120, 512N,  249W,45,0, EX,34, NEQ,0,0,0,0,0,0,0,55,0, ,,,,,,,,,,,,,
AL,14,2018101006,3, OFCL,0, 278N,  866W,115,0, HU,34, NEQ,160,140,70,140,0,0,0,140,20,    ,0, JLB,355,11,           ,  ,12, NEQ,180,180,150,240, 
AL,14,2018101006,3, OFCL,0, 278N,  866W,115,0, HU,50, NEQ,80,80,30,50,0,0,0,140,20,    ,0, JLB,355,11,           ,  ,12, NEQ,180,180,150,240, 
AL,14,2018101006,3, OFCL,0, 278N,  866W,115,0, HU,64, NEQ,40,30,20,30,0,0,0,140,20,    ,0, JLB,355,11,           ,  ,12, NEQ,180,180,150,240, 
AL,14,2018101006,3, OFCL,3, 283N,  865W,120,943, HU,34, NEQ,160,140,70,140,0,0,0,145,20,    ,0, JLB,0,11,           ,  ,12, NEQ,180,180,210,210, 
AL,14,2018101006,3, OFCL,3, 283N,  865W,120,943, HU,50, NEQ,80,80,40,50,0,0,0,145,20,    ,0, JLB,0,11,           ,  ,12, NEQ,180,180,210,210, 
AL,14,2018101006,3, OFCL,3, 283N,  865W,120,943, HU,64, NEQ,40,35,25,30,0,0,0,145,20,    ,0, JLB,0,11,           ,  ,12, NEQ,180,180,210,210, 
AL,14,2018101006,3, OFCL,12, 299N,  857W,125,0, HU,34, NEQ,150,140,70,140,0,0,0,150,20,    ,0, JLB,25,12, ,,,,,,,,
AL,14,2018101006,3, OFCL,12, 299N,  857W,125,0, HU,50, NEQ,70,80,40,50,0,0,0,150,20,    ,0, JLB,25,12, ,,,,,,,,
AL,14,2018101006,3, OFCL,12, 299N,  857W,125,0, HU,64, NEQ,35,35,25,30,0,0,0,150,20,    ,0, JLB,25,12, ,,,,,,,,
AL,14,2018101006,3, OFCL,24, 321N,  838W,65,0, HU,34, NEQ,90,140,90,70,0,0,0,80,20,    ,0, JLB,35,14, ,,,,,,,,
AL,14,2018101006,3, OFCL,24, 321N,  838W,65,0, HU,50, NEQ,40,50,40,30,0,0,0,80,20,    ,0, JLB,35,14, ,,,,,,,,
AL,14,2018101006,3, OFCL,24, 321N,  838W,65,0, HU,64, NEQ,20,30,20,0,0,0,0,80,20,    ,0, JLB,35,14, ,,,,,,,,
AL,14,2018101006,3, OFCL,36, 344N,  805W,40,0, TS,34, NEQ,90,120,60,60,0,0,0,50,20,    ,0, JLB,50,18, ,,,,,,,,
AL,14,2018101006,3, OFCL,48, 368N,  756W,40,0, TS,34, NEQ,50,140,50,40,0,0,0,50,20,    ,0, JLB,60,23, ,,,,,,,,
AL,14,2018101006,3, OFCL,72, 435N,  595W,50,0, EX,34, NEQ,150,240,180,70,0,0,0,60,20,    ,0, JLB,55,35, ,,,,,,,,
AL,14,2018101006,3, OFCL,72, 435N,  595W,50,0, EX,50, NEQ,0,90,90,0,0,0,0,60,20,    ,0, JLB,55,35, ,,,,,,,,
AL,14,2018101006,3, OFCL,96, 495N,  360W,55,0, EX,34, NEQ,0,0,0,0,0,0,0,65,20,    ,0, JLB,60,43, ,,,,,,,,
AL,14,2018101006,3, OFCL,120, 520N,  175W,45,0, EX,34, NEQ,0,0,0,0,0,0,0,55,20,    ,0, JLB,70,30, ,,,,,,,,
AL,14,2018101012,3, OFCL,0, 290N,  863W,125,0, HU,34, NEQ,150,140,80,120,0,0,0,150,15,    ,0, DPB,10,12,           ,  ,12, NEQ,180,180,210,210, 
AL,14,2018101012,3, OFCL,0, 290N,  863W,125,0, HU,50, NEQ,80,80,40,50,0,0,0,150,15,    ,0, DPB,10,12,           ,  ,12, NEQ,180,180,210,210, 
AL,14,2018101012,3, OFCL,0, 290N,  863W,125,0, HU,64, NEQ,40,35,25,30,0,0,0,150,15,    ,0, DPB,10,12,           ,  ,12, NEQ,180,180,210,210, 
AL,14,2018101012,3, OFCL,3, 294N,  860W,125,928, HU,34, NEQ,150,140,80,120,0,0,0,150,15,    ,0, DPB,15,12,           ,  ,12, NEQ,120,240,210,120, 
AL,14,2018101012,3, OFCL,3, 294N,  860W,125,928, HU,50, NEQ,80,80,40,50,0,0,0,150,15,    ,0, DPB,15,12,           ,  ,12, NEQ,120,240,210,120, 
AL,14,2018101012,3, OFCL,3, 294N,  860W,125,928, HU,64, NEQ,40,35,25,30,0,0,0,150,15,    ,0, DPB,15,12,           ,  ,12, NEQ,120,240,210,120, 
AL,14,2018101012,3, OFCL,12, 313N,  847W,85,0, HU,34, NEQ,100,130,60,90,0,0,0,105,15,    ,0, DPB,30,15, ,,,,,,,,
AL,14,2018101012,3, OFCL,12, 313N,  847W,85,0, HU,50, NEQ,50,60,30,30,0,0,0,105,15,    ,0, DPB,30,15, ,,,,,,,,
AL,14,2018101012,3, OFCL,12, 313N,  847W,85,0, HU,64, NEQ,25,25,15,15,0,0,0,105,15,    ,0, DPB,30,15, ,,,,,,,,
AL,14,2018101012,3, OFCL,24, 336N,  821W,40,0, TS,34, NEQ,70,140,60,50,0,0,0,50,15,    ,0, DPB,45,16, ,,,,,,,,
AL,14,2018101012,3, OFCL,36, 358N,  780W,45,0, TS,34, NEQ,90,180,60,60,0,0,0,55,15,    ,0, DPB,55,20, ,,,,,,,,
AL,14,2018101012,3, OFCL,48, 387N,  716W,55,0, TS,34, NEQ,120,240,180,90,0,0,0,65,15,    ,0, DPB,60,29, ,,,,,,,,
AL,14,2018101012,3, OFCL,48, 387N,  716W,55,0, TS,50, NEQ,0,120,120,0,0,0,0,65,15,    ,0, DPB,60,29, ,,,,,,,,
AL,14,2018101012,3, OFCL,72, 455N,  525W,60,0, EX,34, NEQ,150,360,270,90,0,0,0,75,15,    ,0, DPB,60,39, ,,,,,,,,
AL,14,2018101012,3, OFCL,72, 455N,  525W,60,0, EX,50, NEQ,0,210,180,0,0,0,0,75,15,    ,0, DPB,60,39, ,,,,,,,,
AL,14,2018101012,3, OFCL,96, 490N,  290W,60,0, EX,34, NEQ,0,0,0,0,0,0,0,75,15,    ,0, DPB,70,41, ,,,,,,,,
AL,14,2018101012,3, OFCL,120, 500N,  130W,35,0, EX,34, NEQ,0,0,0,0,0,0,0,45,15,    ,0, DPB,80,26, ,,,,,,,,